{"step": [0, 30, 60, 90, 120, 150, 180, 210, 240, 270, 300, 330, 360, 390, 420, 450, 480, 510, 540, 570, 600, 630, 660, 690, 720, 750, 780, 810, 840, 870, 900, 930, 960, 990, 1020, 1050, 1080, 1110, 1140, 1170, 1200, 1230, 1260, 1290, 1320, 1350, 1380, 1410, 1440, 1470, 1499], "train": [2.18087108929952, 183.8929901123047, 23551.439778645832, 14161.7021484375, 248.91161346435547, 30.1607182820638, 20.222087860107422, 16.412783940633137, 13.670461336771647, 11.610607782999674, 10.088459332784018, 8.913614908854166, 8.004763921101889, 7.271743933359782, 6.648184458414714, 6.101725896199544, 5.6123588879903155, 5.182714780171712, 4.799730936686198, 4.448077996571858, 4.10913101832072, 3.772676944732666, 3.4437950452168784, 3.139494260152181, 2.877626975377401, 2.6713410218556723, 2.522836367289225, 2.425384998321533, 2.36714235941569, 2.335279623667399, 2.3191595872243247, 2.3114625612894693, 2.3078672885894775, 2.306137720743815, 2.3052316506703696, 2.3046959241231284, 2.3043394883473716, 2.3040799299875894, 2.3038788636525473, 2.303717613220215, 2.303584893544515, 2.303473711013794, 2.3033793767293296, 2.303298314412435, 2.3032282988230386, 2.3031667868296304, 2.3031129042307534, 2.303065379460653, 2.3030229409535727, 2.302985111872355, 2.3029518922170005], "ood_acc": [0.14300000667572021, 0.08800000697374344, 0.08700000494718552, 0.10300000756978989, 0.09400000423192978, 0.09600000083446503, 0.0950000062584877, 0.09700000286102295, 0.09200000762939453, 0.08400000631809235, 0.09700000286102295, 0.10100000351667404, 0.10300000756978989, 0.09800000488758087, 0.09700000286102295, 0.09800000488758087, 0.09600000083446503, 0.09700000286102295, 0.09800000488758087, 0.09800000488758087, 0.0990000069141388, 0.09700000286102295, 0.09800000488758087, 0.10300000756978989, 0.11100000888109207, 0.10900000482797623, 0.10900000482797623, 0.11800000816583633, 0.1080000028014183, 0.10000000149011612, 0.09400000423192978, 0.10000000149011612, 0.09800000488758087, 0.09600000083446503, 0.09100000560283661, 0.08000000566244125, 0.08100000023841858, 0.08300000429153442, 0.0820000022649765, 0.08100000023841858, 0.08000000566244125, 0.07800000160932541, 0.08000000566244125, 0.08100000023841858, 0.08100000023841858, 0.08400000631809235, 0.08400000631809235, 0.08400000631809235, 0.08400000631809235, 0.08400000631809235, 0.08400000631809235], "ood_ce": [2.2549633979797363, 144.6616973876953, 23866.7109375, 12478.470703125, 778.3803100585938, 36.21562576293945, 27.122297286987305, 22.679197311401367, 18.866050720214844, 15.660107612609863, 13.041264533996582, 10.866048812866211, 9.192633628845215, 7.9480299949646, 7.008602142333984, 6.271097183227539, 5.657652854919434, 5.1430277824401855, 4.707825660705566, 4.334357261657715, 3.999156951904297, 3.68456768989563, 3.386216163635254, 3.1117067337036133, 2.871955633163452, 2.6773650646209717, 2.5315895080566406, 2.431652784347534, 2.3694605827331543, 2.334506034851074, 2.316870927810669, 2.308945894241333, 2.3058009147644043, 2.30470871925354, 2.3043723106384277, 2.304262161254883, 2.3041956424713135, 2.3041226863861084, 2.30403733253479, 2.303945779800415, 2.3038527965545654, 2.3037614822387695, 2.3036751747131348, 2.3035945892333984, 2.303518533706665, 2.303448438644409, 2.303384304046631, 2.3033246994018555, 2.303270101547241, 2.3032193183898926, 2.3031742572784424]}