{"step": [0, 30, 60, 90, 120, 150, 180, 210, 240, 270, 300, 330, 360, 390, 420, 450, 480, 510, 540, 570, 600, 630, 660, 690, 720, 750, 780, 810, 840, 870, 900, 930, 960, 990, 1020, 1050, 1080, 1110, 1140, 1170, 1200, 1230, 1260, 1290, 1320, 1350, 1380, 1410, 1440, 1470, 1499], "train": [2.1749605337778726, 1.5348068873087566, 1.4600591659545898, 4.243999719619751, 1.6309764782587688, 1.5124272505442302, 1.428823471069336, 1.3902564843495686, 1.3681083917617798, 1.332069198290507, 1.240871548652649, 1.1801372369130452, 1.154198944568634, 1.1103497346242268, 1.0641805529594421, 0.9811150232950846, 0.9535844524701437, 0.879928708076477, 0.8417917291323344, 0.8420207897822062, 0.7533397078514099, 0.8120115796724955, 0.7724365095297495, 0.8339065710703532, 0.9843414227167765, 0.8310495217641195, 0.7508281767368317, 0.6527949670950571, 0.647183229525884, 0.6344392995039622, 0.6437028845151266, 0.6689073741436005, 0.6099810004234314, 0.7154509524504343, 0.6527598102887472, 0.586995522181193, 0.5379432737827301, 0.5701626539230347, 0.5647444526354471, 0.5833418865998586, 0.5948260128498077, 0.6321165462334951, 0.5136946340401968, 0.612330824136734, 0.6039393842220306, 0.5191682974497477, 0.5082692901293436, 0.5348415076732635, 0.4901381731033325, 0.4658365845680237, 0.48089049259821576], "ood_acc": [0.1680000126361847, 0.22800001502037048, 0.2150000035762787, 0.13100001215934753, 0.23500001430511475, 0.20800000429153442, 0.21000000834465027, 0.2670000195503235, 0.30000001192092896, 0.2760000228881836, 0.24900001287460327, 0.3020000159740448, 0.31300002336502075, 0.26900002360343933, 0.34300002455711365, 0.27800002694129944, 0.3050000071525574, 0.30900001525878906, 0.3070000112056732, 0.3760000169277191, 0.36500000953674316, 0.3630000054836273, 0.37800002098083496, 0.35100001096725464, 0.3270000219345093, 0.3500000238418579, 0.39000001549720764, 0.35500001907348633, 0.37400001287460327, 0.3580000102519989, 0.3490000069141388, 0.37300002574920654, 0.3720000088214874, 0.3440000116825104, 0.34700000286102295, 0.36400002241134644, 0.3750000298023224, 0.3660000264644623, 0.3800000250339508, 0.3460000157356262, 0.36000001430511475, 0.39100003242492676, 0.3750000298023224, 0.3370000123977661, 0.3660000264644623, 0.4050000309944153, 0.3440000116825104, 0.3830000162124634, 0.3800000250339508, 0.3890000283718109, 0.36000001430511475], "ood_ce": [2.2522194385528564, 2.071641206741333, 2.1577353477478027, 4.191282272338867, 2.1343250274658203, 2.291654586791992, 2.1575236320495605, 1.9454938173294067, 1.9359639883041382, 2.0344016551971436, 2.018005609512329, 1.9822441339492798, 1.9988160133361816, 2.325516700744629, 2.0904290676116943, 2.14437198638916, 2.1245367527008057, 2.1613547801971436, 2.2061142921447754, 2.0197079181671143, 2.126833915710449, 2.1630969047546387, 1.9546332359313965, 2.1630566120147705, 1.952905297279358, 2.051912546157837, 1.9683424234390259, 2.1836555004119873, 2.115335464477539, 2.1498420238494873, 2.287196397781372, 2.142439603805542, 2.094144105911255, 2.253669500350952, 2.171020984649658, 2.249636650085449, 2.299442768096924, 2.2164130210876465, 1.992149829864502, 2.2787129878997803, 2.236612558364868, 2.2179274559020996, 2.3940205574035645, 2.255913734436035, 2.2612497806549072, 2.275123357772827, 2.633241891860962, 2.321317195892334, 2.395861864089966, 2.369719982147217, 2.4871373176574707]}