{"step": [0, 30, 60, 90, 120, 150, 180, 210, 240, 270, 300, 330, 360, 390, 420, 450, 480, 510, 540, 570, 600, 630, 660, 690, 720, 750, 780, 810, 840, 870, 900, 930, 960, 990, 1020, 1050, 1080, 1110, 1140, 1170, 1200, 1230, 1260, 1290, 1320, 1350, 1380, 1410, 1440, 1470, 1499], "train": [2.2958985964457193, 1.7520360549290974, 1.6089685757954915, 1.509864370028178, 1.3829241593678792, 1.3409376939137776, 1.2687820593516033, 1.2341049114863079, 1.1401952306429546, 1.102973222732544, 1.0717892448107402, 1.0687193075815837, 0.9713858962059021, 0.946962316830953, 0.9086368282636007, 0.853036900361379, 0.8479778170585632, 0.7432159384091696, 0.6914425492286682, 0.6566337744394938, 0.6142486830552419, 0.5994892617066702, 0.5983923772970835, 0.5918069382508596, 0.5617412726084391, 0.550665815671285, 0.561194638411204, 0.5398484965165457, 0.5045328537623087, 0.4601457417011261, 0.4355067213376363, 0.4118984291950862, 0.3978808770577113, 0.37896499534447986, 0.39486714204152423, 0.4129351079463959, 0.3508976350227992, 0.3764579047759374, 0.3558679223060608, 0.3862756590048472, 0.4277274509270986, 0.4420137206713359, 0.4121057987213135, 0.3718409190575282, 0.4087897439797719, 0.38907963037490845, 0.3302367130915324, 0.33450909455617267, 0.2809787293275197, 0.25043562551339466, 0.2585301597913106], "ood_acc": [0.1080000028014183, 0.22200001776218414, 0.18900001049041748, 0.2590000033378601, 0.20900000631809235, 0.23200000822544098, 0.2680000066757202, 0.2639999985694885, 0.25300002098083496, 0.29100000858306885, 0.2850000262260437, 0.2900000214576721, 0.30000001192092896, 0.3140000104904175, 0.2600000202655792, 0.281000018119812, 0.30900001525878906, 0.33400002121925354, 0.32100000977516174, 0.3410000205039978, 0.37300002574920654, 0.35200002789497375, 0.3580000102519989, 0.328000009059906, 0.32100000977516174, 0.3540000021457672, 0.36100003123283386, 0.35600000619888306, 0.3540000021457672, 0.3710000216960907, 0.36400002241134644, 0.367000013589859, 0.367000013589859, 0.367000013589859, 0.37700000405311584, 0.3970000147819519, 0.3630000054836273, 0.3750000298023224, 0.359000027179718, 0.3660000264644623, 0.38700002431869507, 0.3920000195503235, 0.3660000264644623, 0.37400001287460327, 0.35100001096725464, 0.33900001645088196, 0.3760000169277191, 0.367000013589859, 0.38600000739097595, 0.39100003242492676, 0.3790000081062317], "ood_ce": [2.3050901889801025, 2.0566904544830322, 2.1045591831207275, 2.0599277019500732, 2.1721365451812744, 2.0756847858428955, 2.066220760345459, 1.9818594455718994, 2.1575870513916016, 2.0364151000976562, 2.049478769302368, 2.034308910369873, 2.061397075653076, 2.204108476638794, 2.236387014389038, 2.17911434173584, 2.0927011966705322, 2.132206678390503, 2.1835920810699463, 2.229773998260498, 2.187774658203125, 2.2744860649108887, 2.1759109497070312, 2.257066011428833, 2.433516025543213, 2.3198676109313965, 2.2542543411254883, 2.2626044750213623, 2.2755250930786133, 2.339616060256958, 2.4031245708465576, 2.4783167839050293, 2.3534903526306152, 2.5894482135772705, 2.629330635070801, 2.5190634727478027, 2.569610118865967, 2.6453652381896973, 2.6229188442230225, 2.6963610649108887, 2.307568073272705, 2.2991232872009277, 2.429619312286377, 2.3013858795166016, 2.234051465988159, 2.784162759780884, 2.742283821105957, 2.7004427909851074, 2.4695403575897217, 2.62349796295166, 2.9785053730010986]}