{"step": [0, 30, 60, 90, 120, 150, 180, 210, 240, 270, 300, 330, 360, 390, 420, 450, 480, 510, 540, 570, 600, 630, 660, 690, 720, 750, 780, 810, 840, 870, 900, 930, 960, 990, 1020, 1050, 1080, 1110, 1140, 1170, 1200, 1230, 1260, 1290, 1320, 1350, 1380, 1410, 1440, 1470, 1499], "train": [2.2975343068440757, 1.8148017326990764, 1.6418248414993286, 1.5301848252614338, 1.4064178864161174, 1.3514801263809204, 1.293047587076823, 1.2944178183873494, 1.243489424387614, 1.1983260711034138, 1.2054080764452617, 1.205476959546407, 1.169678310553233, 1.0948853095372517, 1.0413345694541931, 0.9552792906761169, 0.9163373510042826, 0.8780518770217896, 0.8609182635943095, 0.7957361042499542, 0.7451162238915762, 0.7292349735895792, 0.6736659506956736, 0.6484231750170389, 0.6374293168385824, 0.6413120130697886, 0.5869905551274618, 0.586550255616506, 0.583519846200943, 0.5628384749094645, 0.5659313797950745, 0.5341226557890574, 0.5311595499515533, 0.5501294434070587, 0.48458099365234375, 0.4985296428203583, 0.45732882618904114, 0.41927752395470935, 0.4390624562899272, 0.4218563238779704, 0.39486901462078094, 0.4181918700536092, 0.37792925039927167, 0.3682750364144643, 0.394076332449913, 0.3862892985343933, 0.6096892058849335, 0.6385064621766409, 0.5131242275238037, 0.47655601302782696, 0.4036724517742793], "ood_acc": [0.1210000067949295, 0.2460000067949295, 0.22300000488758087, 0.24700000882148743, 0.24700000882148743, 0.22500000894069672, 0.23500001430511475, 0.23900000751018524, 0.24900001287460327, 0.26600000262260437, 0.23100000619888306, 0.25, 0.28300002217292786, 0.29600000381469727, 0.30100002884864807, 0.3160000145435333, 0.2930000126361847, 0.33900001645088196, 0.3330000042915344, 0.3620000183582306, 0.367000013589859, 0.3620000183582306, 0.36000001430511475, 0.3500000238418579, 0.35500001907348633, 0.3960000276565552, 0.38600000739097595, 0.3500000238418579, 0.3880000114440918, 0.3750000298023224, 0.34800001978874207, 0.36400002241134644, 0.36100003123283386, 0.38200002908706665, 0.37700000405311584, 0.37400001287460327, 0.3840000033378601, 0.39500001072883606, 0.39500001072883606, 0.4010000228881836, 0.38700002431869507, 0.39100003242492676, 0.3680000305175781, 0.367000013589859, 0.3790000081062317, 0.39400002360343933, 0.3190000057220459, 0.3570000231266022, 0.3620000183582306, 0.38100001215934753, 0.4100000262260437], "ood_ce": [2.3022069931030273, 2.0367681980133057, 2.0755231380462646, 2.057126998901367, 2.0082590579986572, 2.206495523452759, 2.1879167556762695, 2.1778788566589355, 2.1862146854400635, 2.0836713314056396, 2.225426435470581, 2.2091739177703857, 2.0835866928100586, 2.054633378982544, 2.0579030513763428, 2.0357394218444824, 2.225907802581787, 1.9750460386276245, 2.113823413848877, 1.9857228994369507, 2.035574197769165, 2.161182403564453, 2.1150686740875244, 2.2851648330688477, 2.2885634899139404, 2.0552899837493896, 2.1578776836395264, 2.6037919521331787, 2.2263994216918945, 2.346062421798706, 2.339491605758667, 2.2263267040252686, 2.2431697845458984, 2.284003734588623, 2.2014589309692383, 2.2897961139678955, 2.3947858810424805, 2.344336748123169, 2.515071392059326, 2.3587486743927, 2.496478796005249, 2.7352073192596436, 2.7745745182037354, 2.4857802391052246, 2.4239838123321533, 2.4375343322753906, 2.3480751514434814, 2.1538071632385254, 2.1989433765411377, 2.341984510421753, 2.199899911880493]}