{"step": [0, 30, 60, 90, 120, 150, 180, 210, 240, 270, 300, 330, 360, 390, 420, 450, 480, 510, 540, 570, 600, 630, 660, 690, 720, 750, 780, 810, 840, 870, 900, 930, 960, 990, 1020, 1050, 1080, 1110, 1140, 1170, 1200, 1230, 1260, 1290, 1320, 1350, 1380, 1410, 1440, 1470, 1499], "train": [2.2138212521870932, 1.5460528135299683, 1.5142253637313843, 2.0234844287236533, 6.571366786956787, 3.0298917293548584, 2.3285321394602456, 2.0950146516164145, 1.8632326523462932, 1.694480299949646, 1.6539334853490193, 1.5791658957799275, 1.5155479510625203, 1.491748293240865, 1.4098329941431682, 1.383110483487447, 1.4008182287216187, 1.25413978099823, 1.2524598240852356, 1.166232208410899, 1.1300122539202373, 1.1283292174339294, 1.1086998383204143, 1.050919512907664, 1.0499013463656108, 0.9943491617838541, 1.0401068528493245, 0.9813511967658997, 0.9570237398147583, 0.9989477197329203, 0.9169353048006693, 0.8869904081026713, 0.8987439672152201, 0.8662432233492533, 0.8738195300102234, 0.8359015782674154, 0.8360150257746378, 0.7856500347455343, 0.7774138748645782, 0.7922260562578837, 0.7510987122853597, 0.7625009914239248, 0.7286944389343262, 0.778143048286438, 0.8390718301137289, 0.7489357988039652, 0.6959176858266195, 0.6802254219849905, 0.6709143916765848, 0.6556149125099182, 0.6667640308539072], "ood_acc": [0.13199999928474426, 0.2600000202655792, 0.25, 0.17500001192092896, 0.10000000149011612, 0.0860000029206276, 0.12700000405311584, 0.14600001275539398, 0.17800000309944153, 0.2110000103712082, 0.23000000417232513, 0.2240000069141388, 0.23900000751018524, 0.24700000882148743, 0.2760000228881836, 0.2670000195503235, 0.22700001299381256, 0.28200000524520874, 0.289000004529953, 0.31700000166893005, 0.2930000126361847, 0.3240000009536743, 0.3570000231266022, 0.3270000219345093, 0.3240000009536743, 0.30300000309944153, 0.3410000205039978, 0.34200000762939453, 0.33100003004074097, 0.3370000123977661, 0.3400000035762787, 0.35600000619888306, 0.3410000205039978, 0.34800001978874207, 0.3460000157356262, 0.33400002121925354, 0.3320000171661377, 0.367000013589859, 0.3320000171661377, 0.3570000231266022, 0.33100003004074097, 0.3270000219345093, 0.37400001287460327, 0.3530000150203705, 0.3370000123977661, 0.36500000953674316, 0.34300002455711365, 0.33900001645088196, 0.34200000762939453, 0.35500001907348633, 0.3490000069141388], "ood_ce": [2.2563846111297607, 2.060443162918091, 1.9710909128189087, 2.4343643188476562, 5.968471527099609, 3.839387893676758, 2.4225425720214844, 2.2640066146850586, 2.2221691608428955, 2.191065788269043, 2.221651077270508, 2.1475472450256348, 2.189753532409668, 2.218029499053955, 2.1949820518493652, 2.132767915725708, 2.4262619018554688, 2.0750632286071777, 2.1647021770477295, 2.0656039714813232, 2.0704450607299805, 2.1093766689300537, 2.0514016151428223, 2.07822585105896, 2.0668797492980957, 2.342708110809326, 1.993812918663025, 2.0657341480255127, 2.2001261711120605, 2.2965457439422607, 2.0413169860839844, 1.9813473224639893, 2.049943685531616, 2.0696988105773926, 2.037304162979126, 2.3294589519500732, 2.414773464202881, 2.1955044269561768, 2.246905565261841, 2.2906064987182617, 2.338507890701294, 2.265791654586792, 2.2918264865875244, 2.290163278579712, 2.421298027038574, 2.0859534740448, 2.313782215118408, 2.4156033992767334, 2.479109048843384, 2.264145612716675, 2.4108593463897705]}