{"step": [0, 30, 60, 90, 120, 150, 180, 210, 240, 270, 300, 330, 360, 390, 420, 450, 480, 510, 540, 570, 600, 630, 660, 690, 720, 750, 780, 810, 840, 870, 900, 930, 960, 990, 1020, 1050, 1080, 1110, 1140, 1170, 1200, 1230, 1260, 1290, 1320, 1350, 1380, 1410, 1440, 1470, 1499], "train": [2.2258991400400796, 1.461753010749817, 1.4079057375590007, 1.274298628171285, 1.2054872512817383, 1.2052649060885112, 1.1630082925160725, 1.387325127919515, 1.1040136019388835, 2.6447866757710776, 2.344820261001587, 1.9305505752563477, 1.6554341316223145, 1.5501296917597454, 1.5255719820658367, 1.3762308756510417, 1.5195302963256836, 1.3324594895044963, 1.3237675031026204, 1.2945937712987263, 1.2666953802108765, 1.227081040541331, 1.2571480671564739, 1.1617033282915752, 1.2748918930689495, 1.1273318926493328, 1.1441787083943684, 1.1144341826438904, 1.144216001033783, 1.070240358511607, 1.1171349883079529, 1.0717208584149678, 1.001467486222585, 0.9490684270858765, 0.9923478563626608, 0.9529035091400146, 0.9250270128250122, 0.9069958726565043, 0.8411357402801514, 0.8664074738820394, 0.8234451214472452, 1.3746697107950847, 0.9936478932698568, 0.90019424756368, 0.8866284688313802, 0.8505628108978271, 0.8597947458426157, 0.8179643750190735, 0.7567184766133627, 0.8009147942066193, 0.7322834034760793], "ood_acc": [0.14900000393390656, 0.25, 0.2600000202655792, 0.281000018119812, 0.2900000214576721, 0.2750000059604645, 0.33100003004074097, 0.27000001072883606, 0.30100002884864807, 0.16600000858306885, 0.18700000643730164, 0.21400001645088196, 0.25699999928474426, 0.27800002694129944, 0.22500000894069672, 0.28300002217292786, 0.2110000103712082, 0.28300002217292786, 0.2630000114440918, 0.28300002217292786, 0.2840000092983246, 0.30300000309944153, 0.30400002002716064, 0.3370000123977661, 0.2980000078678131, 0.30800002813339233, 0.30000001192092896, 0.289000004529953, 0.28600001335144043, 0.32100000977516174, 0.28200000524520874, 0.29100000858306885, 0.3270000219345093, 0.30100002884864807, 0.2800000011920929, 0.27400001883506775, 0.3060000240802765, 0.2750000059604645, 0.3020000159740448, 0.320000022649765, 0.3290000259876251, 0.23400001227855682, 0.29600000381469727, 0.3050000071525574, 0.30900001525878906, 0.30300000309944153, 0.3140000104904175, 0.30400002002716064, 0.3360000252723694, 0.30400002002716064, 0.3150000274181366], "ood_ce": [2.27656626701355, 2.0271155834198, 2.0859830379486084, 2.049584150314331, 2.004096508026123, 2.106853723526001, 1.9939756393432617, 2.3386666774749756, 2.0117321014404297, 2.8514771461486816, 2.3738226890563965, 2.1007721424102783, 2.0157501697540283, 2.059960126876831, 2.1521480083465576, 2.05667781829834, 2.2434983253479004, 2.0740652084350586, 2.0509488582611084, 2.1832399368286133, 2.1309077739715576, 2.053457736968994, 2.1268086433410645, 2.0549614429473877, 2.038417100906372, 2.085965871810913, 2.0352365970611572, 2.1591784954071045, 2.0581955909729004, 2.0615265369415283, 2.118370294570923, 2.1522939205169678, 2.106813430786133, 2.24672794342041, 2.168342351913452, 2.4144837856292725, 2.2230019569396973, 2.521043300628662, 2.316953420639038, 2.328443765640259, 2.2143547534942627, 2.2279598712921143, 2.080007314682007, 2.1718966960906982, 2.385465621948242, 2.1916215419769287, 2.461465835571289, 2.1517717838287354, 2.1892082691192627, 2.5827040672302246, 2.2977147102355957]}