{"step": [0, 30, 60, 90, 120, 150, 180, 210, 240, 270, 300, 330, 360, 390, 420, 450, 480, 510, 540, 570, 600, 630, 660, 690, 720, 750, 780, 810, 840, 870, 900, 930, 960, 990, 1020, 1050, 1080, 1110, 1140, 1170, 1200, 1230, 1260, 1290, 1320, 1350, 1380, 1410, 1440, 1470, 1499], "train": [2.2056766351064048, 1.8648988008499146, 1.6190403699874878, 5.6629782517751055, 5.382059415181478, 2.022476394971212, 1.73149307568868, 1.5562635660171509, 1.48622731367747, 1.4283421039581299, 1.4172850449879963, 1.3831413984298706, 1.377054214477539, 1.3362144629160564, 1.3666596412658691, 1.3064279556274414, 1.295423110326131, 1.3149209022521973, 1.2648565371831257, 1.2728856007258098, 1.229246973991394, 1.2350137035051982, 1.2288151780764263, 1.1774443586667378, 1.1502275864283245, 1.1434109409650166, 1.1180792252222698, 1.1130299965540569, 1.1308003664016724, 1.0698665380477905, 1.036072572072347, 1.041022519270579, 1.0822529395421345, 1.0251998901367188, 0.99347323179245, 0.9964382648468018, 0.9962020317713419, 0.9873326619466146, 0.9950783054033915, 0.9515332579612732, 0.9325831333796183, 0.9679286281267802, 0.987125297387441, 0.9180068969726562, 0.9470426241556803, 0.9415464798609415, 0.9074069857597351, 0.9048976302146912, 0.9136065642038981, 0.8815861543019613, 0.8845452467600504], "ood_acc": [0.164000004529953, 0.26500001549720764, 0.21300001442432404, 0.2639999985694885, 0.1210000067949295, 0.14400000870227814, 0.20400001108646393, 0.22800001502037048, 0.23200000822544098, 0.24900001287460327, 0.2639999985694885, 0.22600001096725464, 0.2580000162124634, 0.2460000067949295, 0.21800000965595245, 0.2370000183582306, 0.23200000822544098, 0.26200002431869507, 0.23000000417232513, 0.25699999928474426, 0.26600000262260437, 0.25, 0.289000004529953, 0.27800002694129944, 0.25300002098083496, 0.29200002551078796, 0.3050000071525574, 0.3150000274181366, 0.27900001406669617, 0.3190000057220459, 0.29500001668930054, 0.31700000166893005, 0.28200000524520874, 0.3230000138282776, 0.30100002884864807, 0.3410000205039978, 0.31800001859664917, 0.3050000071525574, 0.30800002813339233, 0.3460000157356262, 0.359000027179718, 0.3050000071525574, 0.3490000069141388, 0.3320000171661377, 0.33100003004074097, 0.32500001788139343, 0.33900001645088196, 0.3240000009536743, 0.34300002455711365, 0.3440000116825104, 0.3400000035762787], "ood_ce": [2.2447588443756104, 2.060866355895996, 2.041491746902466, 2.245117664337158, 5.6425981521606445, 2.2505910396575928, 2.089937448501587, 2.04931378364563, 2.0570363998413086, 2.0287187099456787, 1.9891670942306519, 2.078803300857544, 1.9662593603134155, 2.114089012145996, 2.145275354385376, 2.0938210487365723, 2.0351829528808594, 2.020212411880493, 2.0784621238708496, 2.053671360015869, 2.0236895084381104, 2.0938425064086914, 2.0064451694488525, 2.0080502033233643, 2.0940322875976562, 2.0251357555389404, 2.0027318000793457, 1.986180067062378, 2.1590821743011475, 1.9751808643341064, 2.1674275398254395, 2.0263166427612305, 2.262681484222412, 1.8986939191818237, 2.096388101577759, 2.0604398250579834, 2.0219359397888184, 2.0865771770477295, 2.117175340652466, 1.975799798965454, 1.890044927597046, 2.175727605819702, 2.201918125152588, 2.013258218765259, 2.1056270599365234, 2.2955851554870605, 2.0911543369293213, 2.147867441177368, 2.10364031791687, 2.0685887336730957, 2.0132367610931396]}