{"step": [0, 30, 60, 90, 120, 150, 180, 210, 240, 270, 300, 330, 360, 390, 420, 450, 480, 510, 540, 570, 600, 630, 660, 690, 720, 750, 780, 810, 840, 870, 900, 930, 960, 990, 1020, 1050, 1080, 1110, 1140, 1170, 1200, 1230, 1260, 1290, 1320, 1350, 1380, 1410, 1440, 1470, 1499], "train": [2.2056238651275635, 1.8526984453201294, 1.5809366703033447, 2.0748973290125527, 3.2359522183736167, 2.5462498664855957, 1.8311893939971924, 1.723952094713847, 1.6716907421747844, 1.5997480154037476, 1.580048640569051, 1.5259405771891277, 1.565820614496867, 1.495579202969869, 1.4675798018773396, 1.4160542090733845, 1.4234023094177246, 1.393099069595337, 1.3783597946166992, 1.3477071523666382, 1.3428064982096355, 1.315142552057902, 1.2934500376383464, 1.242666522661845, 1.232233961423238, 1.197351376215617, 1.2462438344955444, 1.197228491306305, 1.163479487101237, 1.1644704341888428, 1.1253089706103008, 1.1867589553197224, 1.0987939437230427, 1.0906479159990947, 1.014193594455719, 1.0926695466041565, 1.0301011403401692, 1.0173802574475606, 1.0158886909484863, 1.0591374039649963, 0.9781916340192159, 0.9787421623865763, 0.9498615860939026, 0.9274005889892578, 0.9481870333353678, 0.8984052737553915, 0.8764182726542155, 0.9296136299769083, 0.8719414273897806, 0.8680654168128967, 0.8612329959869385], "ood_acc": [0.164000004529953, 0.26500001549720764, 0.20100000500679016, 0.20000000298023224, 0.1420000046491623, 0.15800000727176666, 0.23000000417232513, 0.23200000822544098, 0.23200000822544098, 0.23800000548362732, 0.25200000405311584, 0.24000000953674316, 0.24500000476837158, 0.2770000100135803, 0.2760000228881836, 0.26100000739097595, 0.25600001215934753, 0.28300002217292786, 0.26600000262260437, 0.2760000228881836, 0.281000018119812, 0.2680000066757202, 0.29500001668930054, 0.27300000190734863, 0.2760000228881836, 0.2850000262260437, 0.29500001668930054, 0.28300002217292786, 0.31300002336502075, 0.2840000092983246, 0.2880000174045563, 0.2930000126361847, 0.3060000240802765, 0.33400002121925354, 0.31200000643730164, 0.3270000219345093, 0.2970000207424164, 0.2990000247955322, 0.3110000193119049, 0.289000004529953, 0.3230000138282776, 0.2800000011920929, 0.33500000834465027, 0.3450000286102295, 0.3140000104904175, 0.328000009059906, 0.3460000157356262, 0.32500001788139343, 0.3360000252723694, 0.3290000259876251, 0.33900001645088196], "ood_ce": [2.244743824005127, 2.082918643951416, 2.110856294631958, 2.454752206802368, 3.411343812942505, 2.378436326980591, 2.009553909301758, 2.051816701889038, 2.0546927452087402, 2.0293943881988525, 1.9626179933547974, 2.0845799446105957, 2.0630509853363037, 2.0600502490997314, 2.0011990070343018, 2.093273401260376, 2.0594840049743652, 1.9920052289962769, 2.0772430896759033, 2.0672922134399414, 2.0703787803649902, 2.1282410621643066, 2.0399599075317383, 2.1402411460876465, 2.1827197074890137, 2.0687475204467773, 2.2205889225006104, 2.170809507369995, 2.1118781566619873, 2.130833148956299, 2.161611318588257, 2.296755790710449, 2.279845714569092, 2.1750385761260986, 2.1345126628875732, 2.157106399536133, 2.1879546642303467, 2.3927831649780273, 2.1345930099487305, 2.171337127685547, 2.1756863594055176, 2.3753323554992676, 2.2949397563934326, 2.1319053173065186, 2.345625400543213, 2.20251727104187, 2.340867042541504, 2.3174571990966797, 2.1627469062805176, 2.192920446395874, 2.3111209869384766]}