{"step": [0, 30, 60, 90, 120, 150, 180, 210, 240, 270, 300, 330, 360, 390, 420, 450, 480, 510, 540, 570, 600, 630, 660, 690, 720, 750, 780, 810, 840, 870, 900, 930, 960, 990, 1020, 1050, 1080, 1110, 1140, 1170, 1200, 1230, 1260, 1290, 1320, 1350, 1380, 1410, 1440, 1470, 1499], "train": [2.300771872202555, 1.764027714729309, 1.5367165406545003, 1.4543255964914958, 1.416066288948059, 1.3640029033025105, 1.248910903930664, 1.1637751658757527, 1.134672462940216, 1.1080074707667034, 1.039835532506307, 0.9804308613141378, 0.9114538828531901, 0.8846493562062582, 0.8287538886070251, 0.7994041641553243, 0.7634925146897634, 0.7194695373376211, 0.6715871890385946, 0.6273479362328848, 0.5862633685270945, 0.5651387174924215, 0.5351449896891912, 0.5701585312684377, 0.6036435465017954, 0.5694129566351572, 0.6563647985458374, 0.559487005074819, 0.5075067182381948, 0.5168091257413229, 0.4861074884732564, 0.45323170224825543, 0.4241444567839305, 0.41974112391471863, 0.39356139798959094, 0.5499691764513651, 0.4999276300271352, 0.41252316037813824, 0.38098059097925824, 0.37655917306741077, 0.3933495730161667, 0.47349871198336285, 0.4715645909309387, 0.45781386892000836, 0.4739200721184413, 0.4359984298547109, 0.40111611783504486, 0.33283649384975433, 0.3594347933928172, 0.31867882112662, 0.279468834400177], "ood_acc": [0.08100000023841858, 0.20500001311302185, 0.22100001573562622, 0.23400001227855682, 0.2939999997615814, 0.2330000102519989, 0.25, 0.2590000033378601, 0.2720000147819519, 0.28600001335144043, 0.25600001215934753, 0.29200002551078796, 0.289000004529953, 0.3230000138282776, 0.33000001311302185, 0.32500001788139343, 0.328000009059906, 0.34300002455711365, 0.3400000035762787, 0.3580000102519989, 0.3700000047683716, 0.36400002241134644, 0.3680000305175781, 0.34200000762939453, 0.39100003242492676, 0.34700000286102295, 0.36100003123283386, 0.3320000171661377, 0.3540000021457672, 0.36000001430511475, 0.359000027179718, 0.37400001287460327, 0.36900001764297485, 0.3660000264644623, 0.37800002098083496, 0.36100003123283386, 0.3580000102519989, 0.3490000069141388, 0.33000001311302185, 0.38100001215934753, 0.3530000150203705, 0.3570000231266022, 0.33000001311302185, 0.37800002098083496, 0.3760000169277191, 0.3800000250339508, 0.35100001096725464, 0.3720000088214874, 0.3880000114440918, 0.38200002908706665, 0.39100003242492676], "ood_ce": [2.312715768814087, 2.0354812145233154, 2.196262836456299, 2.0441136360168457, 1.937232255935669, 2.107990264892578, 2.0602571964263916, 2.2441775798797607, 2.1207222938537598, 2.18410325050354, 2.2315075397491455, 2.196704149246216, 2.296032667160034, 2.144838809967041, 2.2315776348114014, 2.0794763565063477, 2.090820550918579, 2.368631362915039, 2.160275459289551, 2.1355068683624268, 2.2864060401916504, 2.444106101989746, 2.299326181411743, 2.543107509613037, 2.234661102294922, 2.317326545715332, 2.532013416290283, 2.631072521209717, 2.2894935607910156, 2.4146060943603516, 2.4359335899353027, 2.4657740592956543, 2.5356945991516113, 2.88999342918396, 2.5849769115448, 2.7287211418151855, 2.642488479614258, 2.5510387420654297, 2.7194154262542725, 2.6814513206481934, 2.662637710571289, 2.842132091522217, 2.664229393005371, 2.58611798286438, 2.5407655239105225, 2.4465084075927734, 2.8192923069000244, 2.729043483734131, 3.003640651702881, 2.748972177505493, 2.6122639179229736]}