{"step": [0, 30, 60, 90, 120, 150, 180, 210, 240, 270, 300, 330, 360, 390, 420, 450, 480, 510, 540, 570, 600, 630, 660, 690, 720, 750, 780, 810, 840, 870, 900, 930, 960, 990, 1020, 1050, 1080, 1110, 1140, 1170, 1200, 1230, 1260, 1290, 1320, 1350, 1380, 1410, 1440, 1470, 1499], "train": [2.201432545979818, 1.5921626091003418, 1.4566373825073242, 1.4432376623153687, 1.350959340731303, 1.2603625853856404, 1.1765454014142354, 1.0786378383636475, 1.0129363338152568, 0.923627515633901, 0.8762849768002828, 0.7988056937853495, 0.7520356973012289, 0.789737343788147, 0.7256890734036764, 0.7771029671033224, 1.3547533949216206, 3.231168588002523, 1.9212042888005574, 1.4302283922831218, 1.4083647727966309, 1.3622044722239177, 1.2814071575800579, 1.125813643137614, 1.0695014397303264, 1.0323052604993184, 1.0267236431439717, 0.9417818586031595, 0.9081134994824728, 0.8919095993041992, 0.853569229443868, 0.8441680471102396, 0.8060927589734396, 0.7693363428115845, 0.7301173110802969, 0.6910958886146545, 0.6835538347562155, 0.7376646002133688, 0.6572176317373911, 0.6356344521045685, 0.6115703086058298, 0.6256289780139923, 0.6061537067095438, 0.5614474415779114, 0.5233197410901388, 0.5103013714154562, 0.5001733303070068, 0.48349012434482574, 0.4927853246529897, 0.46388636032740277, 0.41774824758370716], "ood_acc": [0.17600001394748688, 0.24000000953674316, 0.21300001442432404, 0.2410000115633011, 0.22200001776218414, 0.2160000056028366, 0.3050000071525574, 0.2639999985694885, 0.29100000858306885, 0.3290000259876251, 0.3630000054836273, 0.3160000145435333, 0.32200002670288086, 0.3230000138282776, 0.3660000264644623, 0.3290000259876251, 0.26500001549720764, 0.12400000542402267, 0.20800000429153442, 0.27400001883506775, 0.27800002694129944, 0.2850000262260437, 0.2639999985694885, 0.32200002670288086, 0.30900001525878906, 0.30300000309944153, 0.3330000042915344, 0.31700000166893005, 0.31800001859664917, 0.3190000057220459, 0.30400002002716064, 0.3270000219345093, 0.3450000286102295, 0.33000001311302185, 0.33100003004074097, 0.32600000500679016, 0.3240000009536743, 0.3240000009536743, 0.33000001311302185, 0.35600000619888306, 0.34800001978874207, 0.35100001096725464, 0.34700000286102295, 0.35100001096725464, 0.3660000264644623, 0.34800001978874207, 0.36000001430511475, 0.3580000102519989, 0.37300002574920654, 0.3830000162124634, 0.3710000216960907], "ood_ce": [2.243323802947998, 2.0677077770233154, 2.0578668117523193, 2.0425381660461426, 2.1721174716949463, 2.212052822113037, 2.0571815967559814, 2.1755809783935547, 2.1258387565612793, 2.101738214492798, 1.9480167627334595, 2.227274179458618, 2.224241018295288, 2.13670015335083, 2.0001370906829834, 2.186323404312134, 2.507721185684204, 3.3057377338409424, 2.227125883102417, 2.0374746322631836, 2.1381335258483887, 2.1818079948425293, 2.130737066268921, 1.969243049621582, 2.034898281097412, 2.0011377334594727, 2.0358941555023193, 1.9645812511444092, 2.0212113857269287, 2.0680642127990723, 2.1010353565216064, 2.1636297702789307, 2.191398859024048, 2.191905975341797, 2.1931278705596924, 2.2806954383850098, 2.3349173069000244, 2.383610486984253, 2.2604551315307617, 2.152580738067627, 2.298720598220825, 2.2088117599487305, 2.3406007289886475, 2.369025468826294, 2.3217732906341553, 2.405463695526123, 2.453207492828369, 2.543522357940674, 2.429630994796753, 2.398421049118042, 2.5350918769836426]}