{"step": [0, 30, 60, 90, 120, 150, 180, 210, 240, 270, 300, 330, 360, 390, 420, 450, 480, 510, 540, 570, 600, 630, 660, 690, 720, 750, 780, 810, 840, 870, 900, 930, 960, 990, 1020, 1050, 1080, 1110, 1140, 1170, 1200, 1230, 1260, 1290, 1320, 1350, 1380, 1410, 1440, 1470, 1499], "train": [2.1748780409495034, 1.5288524230321248, 1.4830534060796101, 149.36490758260092, 2.2749178409576416, 1.9809447924296062, 1.6911592086156209, 1.6585182348887126, 1.6130194266637166, 1.6748264630635579, 1.5497415860493977, 1.5371705293655396, 1.575132966041565, 1.4946680068969727, 1.4684797128041585, 1.476378361384074, 1.4465413490931194, 1.4916369915008545, 1.4438738822937012, 1.461557149887085, 1.3429205814997356, 1.3580349683761597, 1.3761149644851685, 1.292829990386963, 1.24351300795873, 1.3135462601979573, 1.2111381888389587, 1.173839509487152, 1.1316552758216858, 1.092507819334666, 1.0430293083190918, 1.020686388015747, 1.0851263006528218, 0.9761037031809489, 0.9790481527646383, 0.960462232430776, 0.9501109520594279, 0.8551884492238363, 0.8355128566424052, 0.8728901942571005, 0.8763530055681864, 0.8716363906860352, 0.7886559069156647, 0.7695421377817789, 0.717255691687266, 0.7233581940333048, 0.6727281808853149, 0.6969472765922546, 1.0105647643407185, 0.8969528277715048, 3.3841443061828613], "ood_acc": [0.1680000126361847, 0.22700001299381256, 0.203000009059906, 0.10700000822544098, 0.15400001406669617, 0.1510000079870224, 0.2120000123977661, 0.23200000822544098, 0.19500000774860382, 0.22800001502037048, 0.21800000965595245, 0.2290000170469284, 0.23500001430511475, 0.21300001442432404, 0.22300000488758087, 0.18700000643730164, 0.24300001561641693, 0.2290000170469284, 0.22800001502037048, 0.2760000228881836, 0.20400001108646393, 0.23400001227855682, 0.23000000417232513, 0.2670000195503235, 0.2460000067949295, 0.23800000548362732, 0.2580000162124634, 0.2980000078678131, 0.30000001192092896, 0.3020000159740448, 0.30000001192092896, 0.32500001788139343, 0.26500001549720764, 0.2840000092983246, 0.3230000138282776, 0.30900001525878906, 0.33800002932548523, 0.320000022649765, 0.31800001859664917, 0.3360000252723694, 0.30100002884864807, 0.328000009059906, 0.34300002455711365, 0.33100003004074097, 0.35100001096725464, 0.39500001072883606, 0.31700000166893005, 0.3530000150203705, 0.320000022649765, 0.3270000219345093, 0.3060000240802765], "ood_ce": [2.252214193344116, 2.0695674419403076, 2.2691216468811035, 5.271195888519287, 2.319995880126953, 2.1768136024475098, 2.023171901702881, 2.006427764892578, 2.144408702850342, 2.1257927417755127, 2.0191376209259033, 1.9979336261749268, 2.095022439956665, 2.192563772201538, 2.0801916122436523, 2.1803619861602783, 2.0170247554779053, 2.1375410556793213, 2.21358585357666, 1.9735413789749146, 2.1636133193969727, 2.0975749492645264, 2.1675069332122803, 1.9816712141036987, 2.199606418609619, 2.2107226848602295, 2.105501890182495, 2.000328779220581, 1.9850867986679077, 2.1573097705841064, 2.097933292388916, 2.0438828468322754, 2.244412422180176, 2.141049861907959, 2.093716859817505, 2.2433531284332275, 2.079669952392578, 2.058988094329834, 2.157325029373169, 2.0734665393829346, 2.457507610321045, 1.9934123754501343, 2.2294228076934814, 2.326129674911499, 2.0590293407440186, 2.2243361473083496, 2.336747646331787, 2.284127950668335, 2.558424472808838, 2.179971694946289, 2.417022466659546]}