{"step": [0, 30, 60, 90, 120, 150, 180, 210, 240, 270, 300, 330, 360, 390, 420, 450, 480, 510, 540, 570, 600, 630, 660, 690, 720, 750, 780, 810, 840, 870, 900, 930, 960, 990, 1020, 1050, 1080, 1110, 1140, 1170, 1200, 1230, 1260, 1290, 1320, 1350, 1380, 1410, 1440, 1470, 1499], "train": [2.1857122580210366, 1.4721479415893555, 1.5428448120752971, 1.391303022702535, 1.6834656397501628, 1.511900782585144, 2.2435365517934165, 6.875076134999593, 20.16086546579997, 2.2558325131734214, 1.9712628523508708, 1.8213858604431152, 1.7889046271642048, 1.7029813925425212, 1.6780853271484375, 1.6775166193644206, 1.6583606799443562, 1.62773331006368, 1.6246989965438843, 1.6127583980560303, 1.5851384401321411, 1.5841790040334065, 1.625308632850647, 1.5766003926595051, 1.5697351694107056, 1.5994343757629395, 1.5461835066477458, 1.5678544441858928, 1.5305830637613933, 1.5068736871083577, 1.5238988002141316, 1.5425551732381184, 1.4990417957305908, 1.555829366048177, 1.4822533925374348, 1.4963169892628987, 1.5289688905080159, 1.4631216128667195, 1.4583059151967366, 1.3992716073989868, 1.4244017998377483, 1.4230336745580037, 1.4163764715194702, 1.4977227052052815, 1.3727813164393108, 1.375001351038615, 1.3979368209838867, 1.4387774070103962, 1.3270646731058757, 1.419046958287557, 1.3108235200246174], "ood_acc": [0.15700000524520874, 0.22200001776218414, 0.2770000100135803, 0.2590000033378601, 0.19500000774860382, 0.18700000643730164, 0.18300001323223114, 0.09200000762939453, 0.10400000214576721, 0.11400000751018524, 0.17500001192092896, 0.1940000057220459, 0.22300000488758087, 0.20200000703334808, 0.2070000171661377, 0.22200001776218414, 0.21000000834465027, 0.2410000115633011, 0.21700000762939453, 0.2370000183582306, 0.2510000169277191, 0.23100000619888306, 0.23400001227855682, 0.2670000195503235, 0.22600001096725464, 0.22600001096725464, 0.25, 0.2590000033378601, 0.27900001406669617, 0.2550000250339508, 0.24500000476837158, 0.24400001764297485, 0.2760000228881836, 0.24400001764297485, 0.26500001549720764, 0.2410000115633011, 0.2460000067949295, 0.2600000202655792, 0.2600000202655792, 0.2770000100135803, 0.2840000092983246, 0.28300002217292786, 0.2670000195503235, 0.25300002098083496, 0.26200002431869507, 0.2800000011920929, 0.26100000739097595, 0.2670000195503235, 0.2939999997615814, 0.2840000092983246, 0.2970000207424164], "ood_ce": [2.272003650665283, 2.1174027919769287, 2.0934414863586426, 1.9869917631149292, 2.3680577278137207, 2.2274601459503174, 2.978344440460205, 9.04101848602295, 5.15302038192749, 2.3821675777435303, 2.1345999240875244, 2.1439123153686523, 2.126394271850586, 2.137324810028076, 2.0910611152648926, 2.1079280376434326, 2.08223819732666, 2.1023688316345215, 2.0744261741638184, 2.0628535747528076, 2.05256986618042, 2.078249931335449, 2.094731330871582, 2.0232582092285156, 2.0383341312408447, 2.0645854473114014, 2.0629003047943115, 2.028217315673828, 2.0457818508148193, 2.034662961959839, 2.069990634918213, 2.0491647720336914, 2.009871244430542, 2.1067616939544678, 2.043403387069702, 2.1109108924865723, 2.0648674964904785, 2.057250738143921, 2.098202705383301, 2.0355706214904785, 2.0343737602233887, 2.00730562210083, 2.0710718631744385, 2.147165536880493, 2.0413167476654053, 1.9886857271194458, 2.1224873065948486, 2.1055526733398438, 2.001645803451538, 2.0292954444885254, 1.9632039070129395]}