{"step": [0, 30, 60, 90, 120, 150, 180, 210, 240, 270, 300, 330, 360, 390, 420, 450, 480, 510, 540, 570, 600, 630, 660, 690, 720, 750, 780, 810, 840, 870, 900, 930, 960, 990, 1020, 1050, 1080, 1110, 1140, 1170, 1200, 1230, 1260, 1290, 1320, 1350, 1380, 1410, 1440, 1470, 1499], "train": [2.2723069985707602, 1.6495218674341838, 1.5053569078445435, 1.3439665635426838, 1.2455949982007344, 1.2671940326690674, 1.2193489869435628, 1.1968826651573181, 1.0945382912953694, 1.0442854762077332, 1.0075863202412922, 0.9241265853246053, 0.8675371011098226, 0.7915523946285248, 0.7554543316364288, 0.7141827940940857, 0.6762430369853973, 0.6947530607382456, 0.6341950396696726, 0.5552415748437246, 0.6103167434533437, 0.5820387800534567, 0.5698273777961731, 0.5287770529588064, 0.5050678551197052, 0.4873069226741791, 0.46093061566352844, 0.40528950095176697, 0.4391307632128398, 0.5484329164028168, 0.438218429684639, 0.44618335366249084, 0.4312824606895447, 0.4619397322336833, 0.4019070665041606, 0.4703126947085063, 0.4615870813528697, 0.38671597838401794, 0.3567086309194565, 0.3850235144297282, 0.3048506925503413, 0.3031410326560338, 0.32674191892147064, 0.28085259596506756, 0.25320520997047424, 0.2859489768743515, 0.2769539753595988, 0.22484353681405386, 0.2930622597535451, 0.33716599146525067, 0.41767901678880054], "ood_acc": [0.13300000131130219, 0.22100001573562622, 0.2120000123977661, 0.242000013589859, 0.24300001561641693, 0.2550000250339508, 0.24700000882148743, 0.27000001072883606, 0.2600000202655792, 0.2980000078678131, 0.2880000174045563, 0.3530000150203705, 0.33500000834465027, 0.38100001215934753, 0.3490000069141388, 0.3270000219345093, 0.3410000205039978, 0.3760000169277191, 0.38700002431869507, 0.38200002908706665, 0.4000000059604645, 0.36900001764297485, 0.39100003242492676, 0.38600000739097595, 0.3830000162124634, 0.38100001215934753, 0.42000001668930054, 0.42100003361701965, 0.3800000250339508, 0.3790000081062317, 0.3970000147819519, 0.3830000162124634, 0.39900001883506775, 0.4280000329017639, 0.4140000343322754, 0.406000018119812, 0.36400002241134644, 0.4010000228881836, 0.4140000343322754, 0.41700002551078796, 0.3930000066757202, 0.4020000100135803, 0.42600002884864807, 0.4190000295639038, 0.41600000858306885, 0.41700002551078796, 0.39500001072883606, 0.43400001525878906, 0.4480000138282776, 0.40400001406669617, 0.4280000329017639], "ood_ce": [2.2869372367858887, 2.0793776512145996, 2.0780975818634033, 2.0921967029571533, 2.207573175430298, 2.0392205715179443, 2.1250853538513184, 2.1099610328674316, 2.127006769180298, 2.0542407035827637, 2.0769920349121094, 1.970691442489624, 2.0620198249816895, 2.054351568222046, 2.127105236053467, 2.2683231830596924, 2.17710542678833, 2.10262393951416, 2.1561925411224365, 2.250796318054199, 2.0026612281799316, 2.0677919387817383, 2.118716239929199, 2.2169930934906006, 2.132780075073242, 2.18359637260437, 2.0941054821014404, 2.2694318294525146, 2.6410045623779297, 2.3425357341766357, 2.287905216217041, 2.259612560272217, 2.18977952003479, 2.2993195056915283, 2.244370460510254, 2.3709828853607178, 2.380310297012329, 2.2975192070007324, 2.483874559402466, 2.247238874435425, 2.482858180999756, 2.736091375350952, 2.3060882091522217, 2.3120534420013428, 2.6668999195098877, 2.5268871784210205, 2.4852702617645264, 2.7049221992492676, 2.5513241291046143, 2.734619617462158, 2.502620220184326]}