{"step": [0, 30, 60, 90, 120, 150, 180, 210, 240, 270, 300, 330, 360, 390, 420, 450, 480, 510, 540, 570, 600, 630, 660, 690, 720, 750, 780, 810, 840, 870, 900, 930, 960, 990, 1020, 1050, 1080, 1110, 1140, 1170, 1200, 1230, 1260, 1290, 1320, 1350, 1380, 1410, 1440, 1470, 1499], "train": [2.278928200403849, 1.7189306418100994, 1.5183714230855305, 1.42980162302653, 1.4021373589833577, 1.3411206404368083, 1.2306671937306721, 1.1896072228749592, 1.1268964012463887, 1.0733614762624104, 1.0564501682917278, 0.9832751552263895, 0.9465488195419312, 0.8995954394340515, 0.8606078823407491, 0.8107027411460876, 0.7517415583133698, 0.7502611577510834, 0.7077284355958303, 0.6774236261844635, 0.618340422709783, 0.6204463044802347, 0.5513397653897604, 0.5468069414297739, 0.5800794064998627, 0.5087112883726755, 0.5572957893212637, 0.5479721128940582, 0.4722853551308314, 0.4564975748459498, 0.4251654048760732, 0.4213512142499288, 0.44912488261858624, 0.3857418050368627, 0.42615874608357746, 0.3614647388458252, 0.3494432121515274, 0.34684833884239197, 0.3347046722968419, 0.3071073442697525, 0.33725223938624066, 0.3653865804274877, 0.3146672348181407, 0.2930266757806142, 0.2738569974899292, 0.26972124973932904, 0.2716096490621567, 0.2864149808883667, 0.23886264860630035, 0.2610906958580017, 0.23461390535036722], "ood_acc": [0.11100000888109207, 0.2370000183582306, 0.2580000162124634, 0.22300000488758087, 0.2639999985694885, 0.21800000965595245, 0.23600001633167267, 0.2750000059604645, 0.27300000190734863, 0.27400001883506775, 0.26600000262260437, 0.2930000126361847, 0.3110000193119049, 0.31700000166893005, 0.281000018119812, 0.31800001859664917, 0.3050000071525574, 0.34200000762939453, 0.3140000104904175, 0.35200002789497375, 0.3450000286102295, 0.3460000157356262, 0.3290000259876251, 0.34800001978874207, 0.35600000619888306, 0.3460000157356262, 0.37400001287460327, 0.38600000739097595, 0.34800001978874207, 0.35200002789497375, 0.36400002241134644, 0.367000013589859, 0.38700002431869507, 0.34800001978874207, 0.3830000162124634, 0.34700000286102295, 0.3570000231266022, 0.3680000305175781, 0.38600000739097595, 0.35100001096725464, 0.3720000088214874, 0.37800002098083496, 0.3630000054836273, 0.3830000162124634, 0.39000001549720764, 0.3800000250339508, 0.36900001764297485, 0.3660000264644623, 0.3750000298023224, 0.35500001907348633, 0.3490000069141388], "ood_ce": [2.300818920135498, 2.024928569793701, 2.117830276489258, 2.0605080127716064, 1.9748144149780273, 2.1635384559631348, 2.1505603790283203, 2.0435774326324463, 2.166846990585327, 2.106144428253174, 2.4180567264556885, 2.1923787593841553, 2.0991904735565186, 2.084562063217163, 2.3534839153289795, 2.376100778579712, 2.276837110519409, 2.393476963043213, 2.357842206954956, 2.465175151824951, 2.316970109939575, 2.26820969581604, 2.420870542526245, 2.3577330112457275, 2.457993745803833, 2.4233949184417725, 2.360299825668335, 2.267069101333618, 2.465482234954834, 2.427917242050171, 2.668958902359009, 2.6504037380218506, 2.5179123878479004, 2.8199803829193115, 2.703009843826294, 2.793592929840088, 2.708453416824341, 2.614206552505493, 2.7614381313323975, 3.023355722427368, 2.9260706901550293, 2.5605878829956055, 2.815337896347046, 3.029674768447876, 3.0831682682037354, 3.2344906330108643, 3.0994791984558105, 3.207303762435913, 3.2883431911468506, 3.7449049949645996, 3.8952343463897705]}