{"step": [0, 30, 60, 90, 120, 150, 180, 210, 240, 270, 300, 330, 360, 390, 420, 450, 480, 510, 540, 570, 600, 630, 660, 690, 720, 750, 780, 810, 840, 870, 900, 930, 960, 990, 1020, 1050, 1080, 1110, 1140, 1170, 1200, 1230, 1260, 1290, 1320, 1350, 1380, 1410, 1440, 1470, 1499], "train": [2.2845698992411294, 1.749459981918335, 1.6099999348322551, 1.4317925771077473, 1.3717732032140095, 1.3725191354751587, 1.2625650962193806, 1.2343815962473552, 1.2248769601186116, 1.1602084636688232, 1.2226449648539226, 1.1494637926419575, 1.1048694252967834, 1.057163914044698, 1.0117360949516296, 0.9808634122212728, 0.9382084409395853, 0.9272538224856058, 0.8345005412896475, 0.8064887424310049, 0.8084758222103119, 0.7739799817403158, 0.75045245885849, 0.682944118976593, 0.6841389834880829, 0.6521411538124084, 0.6767943402131399, 0.6213794449965159, 0.5796558360258738, 0.5757661561171213, 0.5547227164109548, 0.5732651054859161, 0.5744881828625997, 0.5277675886948904, 0.5082739293575287, 0.4442167778809865, 0.45865002771218616, 0.4409518887599309, 0.48248083392779034, 0.4580370585123698, 0.42792557179927826, 0.39940713346004486, 0.4119553118944168, 0.3817354490359624, 0.3997558504343033, 0.3794106990098953, 0.36691008508205414, 0.3467111090819041, 0.34400656819343567, 0.33359581232070923, 0.317149077852567], "ood_acc": [0.12600000202655792, 0.26100000739097595, 0.20500001311302185, 0.2460000067949295, 0.2410000115633011, 0.2670000195503235, 0.22300000488758087, 0.22300000488758087, 0.25, 0.24400001764297485, 0.20400001108646393, 0.2930000126361847, 0.26200002431869507, 0.29500001668930054, 0.27000001072883606, 0.2970000207424164, 0.30100002884864807, 0.35500001907348633, 0.32200002670288086, 0.3240000009536743, 0.31700000166893005, 0.3570000231266022, 0.3570000231266022, 0.3680000305175781, 0.359000027179718, 0.37800002098083496, 0.39500001072883606, 0.38700002431869507, 0.367000013589859, 0.3960000276565552, 0.3700000047683716, 0.3680000305175781, 0.38100001215934753, 0.38600000739097595, 0.3710000216960907, 0.3830000162124634, 0.36400002241134644, 0.4000000059604645, 0.38100001215934753, 0.37400001287460327, 0.3880000114440918, 0.40700000524520874, 0.40800002217292786, 0.40700000524520874, 0.3930000066757202, 0.39000001549720764, 0.3920000195503235, 0.3880000114440918, 0.3880000114440918, 0.3850000202655792, 0.3970000147819519], "ood_ce": [2.2942614555358887, 2.033029079437256, 2.0931029319763184, 2.075040340423584, 2.154355049133301, 2.0087413787841797, 2.0618793964385986, 2.111565589904785, 2.1562705039978027, 2.1903398036956787, 2.406702995300293, 1.9747179746627808, 2.250967502593994, 2.091747522354126, 2.259364128112793, 2.204383611679077, 2.301795482635498, 2.0805623531341553, 2.184476137161255, 2.1641223430633545, 2.35601544380188, 2.1209516525268555, 2.1476190090179443, 2.2050483226776123, 2.2300708293914795, 2.100712537765503, 1.9943904876708984, 2.0892670154571533, 2.342611789703369, 2.332350969314575, 2.3326103687286377, 2.3444631099700928, 2.202308416366577, 2.180320978164673, 2.358210563659668, 2.4667465686798096, 2.626110315322876, 2.4463160037994385, 2.6466779708862305, 2.4950029850006104, 2.5113813877105713, 2.5380873680114746, 2.390641927719116, 2.3999390602111816, 2.7440690994262695, 2.595395088195801, 2.5258047580718994, 2.728106737136841, 2.8696272373199463, 2.8857951164245605, 2.8258790969848633]}