{"step": [0, 30, 60, 90, 120, 150, 180, 210, 240, 270, 300, 330, 360, 390, 420, 450, 480, 510, 540, 570, 600, 630, 660, 690, 720, 750, 780, 810, 840, 870, 900, 930, 960, 990, 1020, 1050, 1080, 1110, 1140, 1170, 1200, 1230, 1260, 1290, 1320, 1350, 1380, 1410, 1440, 1470, 1499], "train": [2.1371129353841147, 2.4602797826131186, 21.68670908610026, 2.3789607683817544, 2.172386646270752, 1.8039501508076985, 1.705005129178365, 1.6696158647537231, 1.60587743918101, 1.6187931696573894, 1.5389821529388428, 1.49609371026357, 1.4691599607467651, 1.452898899714152, 1.3642435868581135, 1.3922093311945598, 1.3017680247624714, 1.2585283517837524, 1.2451160748799641, 1.2242759466171265, 1.1807608008384705, 1.228778600692749, 1.1945430835088093, 1.198844810326894, 1.1616028745969136, 1.1360872785250347, 1.0925333499908447, 1.0580713947614033, 1.0232582688331604, 1.0271578232447307, 1.0069719552993774, 0.9451687932014465, 0.9435862898826599, 0.932891845703125, 0.9761371612548828, 0.9773082733154297, 0.9343775510787964, 0.9008591969807943, 0.8753092885017395, 0.8866978486378988, 0.9094456831614176, 0.8921410838762919, 0.942197322845459, 1.0768572489420574, 0.9826867381731669, 0.9147401253382365, 0.8896831472714742, 0.8682073354721069, 0.8913092017173767, 0.8536282976468405, 0.9761307835578918], "ood_acc": [0.15900000929832458, 0.16700001060962677, 0.0990000069141388, 0.125, 0.16900001466274261, 0.18200001120567322, 0.2240000069141388, 0.23200000822544098, 0.23800000548362732, 0.24800001084804535, 0.24500000476837158, 0.27000001072883606, 0.2680000066757202, 0.2370000183582306, 0.27400001883506775, 0.24400001764297485, 0.2970000207424164, 0.29100000858306885, 0.2540000081062317, 0.3110000193119049, 0.26600000262260437, 0.3150000274181366, 0.28200000524520874, 0.32200002670288086, 0.2760000228881836, 0.28300002217292786, 0.3230000138282776, 0.33800002932548523, 0.3160000145435333, 0.33100003004074097, 0.3450000286102295, 0.34800001978874207, 0.3110000193119049, 0.2939999997615814, 0.3370000123977661, 0.32600000500679016, 0.33500000834465027, 0.32200002670288086, 0.33100003004074097, 0.3530000150203705, 0.2970000207424164, 0.3160000145435333, 0.30100002884864807, 0.27400001883506775, 0.3270000219345093, 0.32100000977516174, 0.3110000193119049, 0.34200000762939453, 0.3330000042915344, 0.34700000286102295, 0.3160000145435333], "ood_ce": [2.2625861167907715, 2.912489891052246, 22.786806106567383, 2.401197671890259, 2.335726261138916, 2.1461143493652344, 2.142012357711792, 2.10859751701355, 2.0578317642211914, 2.1580491065979004, 2.075376510620117, 2.0712509155273438, 2.0643930435180664, 2.219835042953491, 2.046203136444092, 2.1529080867767334, 1.9895038604736328, 2.0397071838378906, 2.1673827171325684, 2.0293447971343994, 2.1321399211883545, 1.9999929666519165, 1.9999682903289795, 1.9062819480895996, 1.991584300994873, 2.0163049697875977, 1.9397246837615967, 1.963375449180603, 1.9452441930770874, 1.9818925857543945, 1.9164113998413086, 1.9177007675170898, 2.008848190307617, 2.093823194503784, 2.0351457595825195, 2.0165016651153564, 1.990034580230713, 2.0364255905151367, 2.0530881881713867, 2.06209659576416, 2.2242536544799805, 2.1160950660705566, 2.0919878482818604, 2.0368242263793945, 2.0768356323242188, 2.147794485092163, 2.1163153648376465, 2.0293352603912354, 2.11076021194458, 2.003455638885498, 2.2586405277252197]}