{"step": [0, 30, 60, 90, 120, 150, 180, 210, 240, 270, 300, 330, 360, 390, 420, 450, 480, 510, 540, 570, 600, 630, 660, 690, 720, 750, 780, 810, 840, 870, 900, 930, 960, 990, 1020, 1050, 1080, 1110, 1140, 1170, 1200, 1230, 1260, 1290, 1320, 1350, 1380, 1410, 1440, 1470, 1499], "train": [2.2477601369222007, 1.5543523629506428, 1.3776549100875854, 1.4221177101135254, 1.3178665240605671, 1.2288408676783245, 1.055443783601125, 1.223670204480489, 3.2491092681884766, 1.3480335474014282, 1.3128448724746704, 1.113915781180064, 1.0127469499905903, 0.9528589844703674, 0.9286244511604309, 1.16234423716863, 1.045643389225006, 0.9435364007949829, 0.8552866180737814, 0.7808997432390848, 0.7621532877286276, 0.7463946541150411, 0.7274522284666697, 0.6826804975668589, 0.6912990212440491, 0.6116480429967245, 0.6317329009373983, 0.5995657543341318, 0.592684785525004, 0.6164384384950002, 0.5279858907063802, 0.5353324810663859, 0.5185625851154327, 0.5193158884843191, 0.5458962817986807, 0.4948035379250844, 0.46980176369349164, 0.4529707084099452, 0.4377352148294449, 0.5833577811717987, 0.6116343438625336, 0.559484452009201, 0.48201533158620197, 0.4633694589138031, 0.4468046377102534, 0.39703790843486786, 0.40961959461371106, 0.43136738737424213, 0.35186705489953357, 0.36953362822532654, 0.389590044816335], "ood_acc": [0.15800000727176666, 0.27000001072883606, 0.2330000102519989, 0.27900001406669617, 0.2880000174045563, 0.3100000023841858, 0.29600000381469727, 0.33800002932548523, 0.22700001299381256, 0.2460000067949295, 0.2770000100135803, 0.2750000059604645, 0.3190000057220459, 0.3540000021457672, 0.3160000145435333, 0.289000004529953, 0.359000027179718, 0.3930000066757202, 0.32600000500679016, 0.37400001287460327, 0.3620000183582306, 0.3490000069141388, 0.398000031709671, 0.3710000216960907, 0.3710000216960907, 0.40300002694129944, 0.4020000100135803, 0.40400001406669617, 0.3830000162124634, 0.4020000100135803, 0.36400002241134644, 0.39100003242492676, 0.3570000231266022, 0.406000018119812, 0.40300002694129944, 0.3790000081062317, 0.3720000088214874, 0.4050000309944153, 0.4000000059604645, 0.39900001883506775, 0.3500000238418579, 0.3530000150203705, 0.3970000147819519, 0.4230000078678131, 0.4020000100135803, 0.4130000174045563, 0.37700000405311584, 0.36500000953674316, 0.398000031709671, 0.4100000262260437, 0.39400002360343933], "ood_ce": [2.266969680786133, 1.962454080581665, 2.130263328552246, 1.9114640951156616, 1.9660959243774414, 2.031311273574829, 2.1806375980377197, 2.080463409423828, 4.384730815887451, 2.0497615337371826, 1.9573147296905518, 2.067243814468384, 1.879002332687378, 1.9022637605667114, 2.084473133087158, 2.426992654800415, 1.788801670074463, 1.8248308897018433, 2.0913891792297363, 1.9871758222579956, 2.049511671066284, 2.1339240074157715, 1.9511878490447998, 2.1388161182403564, 2.2487993240356445, 1.9693008661270142, 2.1187992095947266, 2.0891778469085693, 2.229585886001587, 2.3005402088165283, 2.2941951751708984, 2.2169604301452637, 2.3021652698516846, 2.2288739681243896, 2.0934150218963623, 2.2551376819610596, 2.438328504562378, 2.397981643676758, 2.3512723445892334, 2.7351694107055664, 2.545353651046753, 2.615534782409668, 2.3086864948272705, 2.26181960105896, 2.353639841079712, 2.426844596862793, 2.5113980770111084, 2.6148056983947754, 2.4823451042175293, 2.5285494327545166, 2.428058624267578]}