{"step": [0, 30, 60, 90, 120, 150, 180, 210, 240, 270, 300, 330, 360, 390, 420, 450, 480, 510, 540, 570, 600, 630, 660, 690, 720, 750, 780, 810, 840, 870, 900, 930, 960, 990, 1020, 1050, 1080, 1110, 1140, 1170, 1200, 1230, 1260, 1290, 1320, 1350, 1380, 1410, 1440, 1470, 1499], "train": [2.2442594369252524, 1.6156612634658813, 1.4336155652999878, 1.342171311378479, 1.3006587823232014, 1.2158214847246807, 1.1380036075909932, 1.049175997575124, 0.9630651473999023, 0.9310870369275411, 0.8619412183761597, 0.7880966265996298, 0.7452101707458496, 0.6906125148137411, 0.6339333454767863, 0.6432914038499197, 0.6028157671292623, 0.5216206113497416, 0.5534301300843557, 0.45804348587989807, 0.5301547050476074, 0.442663053671519, 0.6095889210700989, 0.5471766789754232, 0.4283705800771713, 0.5501683751742045, 0.42936332027117413, 0.4432201385498047, 0.3783567547798157, 0.34289821485678357, 0.33058495819568634, 0.29186664521694183, 0.307743897040685, 0.30333516001701355, 0.257551704843839, 0.31687329212824505, 0.624705175558726, 0.723050852616628, 0.5761924982070923, 0.398627241452535, 0.371771107117335, 0.3194923748572667, 0.330963800350825, 0.31476729611555737, 0.27187317113081616, 0.24496432145436606, 0.22463342547416687, 0.2276904284954071, 0.1997699737548828, 0.1908163527647654, 0.19238107403119406], "ood_acc": [0.15900000929832458, 0.2240000069141388, 0.24700000882148743, 0.23200000822544098, 0.26200002431869507, 0.2410000115633011, 0.2760000228881836, 0.2720000147819519, 0.2840000092983246, 0.3060000240802765, 0.3530000150203705, 0.3360000252723694, 0.3240000009536743, 0.3290000259876251, 0.3530000150203705, 0.3890000283718109, 0.35600000619888306, 0.3580000102519989, 0.3720000088214874, 0.36100003123283386, 0.36400002241134644, 0.3830000162124634, 0.32200002670288086, 0.3620000183582306, 0.3710000216960907, 0.30400002002716064, 0.34800001978874207, 0.34700000286102295, 0.367000013589859, 0.3540000021457672, 0.36400002241134644, 0.37800002098083496, 0.3620000183582306, 0.3890000283718109, 0.3920000195503235, 0.3580000102519989, 0.3460000157356262, 0.33000001311302185, 0.37400001287460327, 0.39900001883506775, 0.3880000114440918, 0.3790000081062317, 0.4010000228881836, 0.38100001215934753, 0.4090000092983246, 0.38600000739097595, 0.38600000739097595, 0.367000013589859, 0.39500001072883606, 0.4100000262260437, 0.4010000228881836], "ood_ce": [2.270326852798462, 2.0139684677124023, 2.02908992767334, 2.1132235527038574, 2.053586959838867, 2.1578009128570557, 2.07498836517334, 2.0442466735839844, 2.2354793548583984, 2.0625927448272705, 1.9892464876174927, 2.201037883758545, 2.2444074153900146, 2.229994297027588, 2.090498447418213, 2.025789260864258, 2.169126033782959, 2.351022243499756, 2.33620285987854, 2.3068785667419434, 2.4093735218048096, 2.294872283935547, 2.6770923137664795, 2.073056936264038, 2.434990644454956, 2.314965009689331, 2.419682025909424, 2.358959197998047, 2.5319411754608154, 2.5900561809539795, 2.471824884414673, 2.5153112411499023, 2.673825740814209, 2.7316808700561523, 2.7103819847106934, 2.9180848598480225, 2.509068250656128, 2.1262869834899902, 2.1050655841827393, 2.268096446990967, 2.514975070953369, 2.6467087268829346, 2.653214693069458, 2.5333340167999268, 2.572277545928955, 2.83998441696167, 2.8849825859069824, 2.952075958251953, 2.854525089263916, 3.039775848388672, 3.1784920692443848]}