{"step": [0, 30, 60, 90, 120, 150, 180, 210, 240, 270, 300, 330, 360, 390, 420, 450, 480, 510, 540, 570, 600, 630, 660, 690, 720, 750, 780, 810, 840, 870, 900, 930, 960, 990, 1020, 1050, 1080, 1110, 1140, 1170, 1200, 1230, 1260, 1290, 1320, 1350, 1380, 1410, 1440, 1470, 1499], "train": [2.1441973050435386, 1.5259609619776409, 1.5701853434244792, 1.4129950602849324, 1.6278591553370159, 1.616817871729533, 1.452459454536438, 1.2444677948951721, 1.217698335647583, 1.0482908288637798, 1.0278939008712769, 1.0076367259025574, 0.9686580697695414, 0.8460133274396261, 0.8642118374506632, 0.7841813166936239, 0.8089588483174642, 0.7133992314338684, 0.7582237720489502, 0.7658841212590536, 0.8368840416272482, 0.7824206749598185, 0.8079140583674113, 1749.4468994140625, 1153369.4583333333, 193259868869973.34, 336736700508842.7, 6653969402320213.0, 2143858248209749.2, 4.06395619859497e+16, 44142482773.333336, 36828650154.666664, 30081671850.666668, 24535831893.333332, 20009186645.333332, 16316097536.0, 13303294293.333334, 10845726720.0, 8841223338.666666, 7206414506.666667, 5873293653.333333, 4786284629.333333, 3900036864.0, 3177549568.0, 2588639829.3333335, 2108665770.6666667, 1717533568.0, 1398804650.6666667, 1139107456.0, 927529301.3333334, 760363882.6666666], "ood_acc": [0.1850000023841858, 0.22500000894069672, 0.22600001096725464, 0.24400001764297485, 0.2070000171661377, 0.2120000123977661, 0.23600001633167267, 0.26200002431869507, 0.30900001525878906, 0.3570000231266022, 0.35100001096725464, 0.29100000858306885, 0.33800002932548523, 0.3360000252723694, 0.36900001764297485, 0.34700000286102295, 0.33000001311302185, 0.3580000102519989, 0.34800001978874207, 0.32500001788139343, 0.35500001907348633, 0.3570000231266022, 0.31800001859664917, 0.10700000822544098, 0.09800000488758087, 0.09100000560283661, 0.0860000029206276, 0.08400000631809235, 0.08100000023841858, 0.08500000089406967, 0.09400000423192978, 0.09300000220537186, 0.09300000220537186, 0.09300000220537186, 0.09300000220537186, 0.09300000220537186, 0.09400000423192978, 0.09400000423192978, 0.09400000423192978, 0.09400000423192978, 0.09400000423192978, 0.0950000062584877, 0.0950000062584877, 0.0950000062584877, 0.0950000062584877, 0.0950000062584877, 0.0950000062584877, 0.0950000062584877, 0.0950000062584877, 0.0950000062584877, 0.0950000062584877], "ood_ce": [2.2141001224517822, 2.13474178314209, 2.024972438812256, 2.075883626937866, 2.127340078353882, 2.1339056491851807, 2.0798580646514893, 2.032785177230835, 2.026132822036743, 1.9515204429626465, 1.9522883892059326, 2.1365208625793457, 1.939992070198059, 1.9940297603607178, 1.9037013053894043, 2.112741470336914, 2.1335835456848145, 2.059168815612793, 2.009061574935913, 2.0931344032287598, 2.0057833194732666, 1.980391502380371, 2.276489734649658, 2335.658447265625, 1543651.375, 284945981374464.0, 33344695828480.0, 708286076682240.0, 682729679093760.0, 1452694036283392.0, 57169174528.0, 49413623808.0, 40333672448.0, 32877205504.0, 26795124736.0, 21836128256.0, 17793206272.0, 14497739776.0, 11811520512.0, 9622052864.0, 7837675520.0, 6383612928.0, 5198890496.0, 4233616384.0, 3447245312.0, 2806683136.0, 2284927744.0, 1859995136.0, 1513936128.0, 1232151936.0, 1009637504.0]}