{"step": [0, 30, 60, 90, 120, 150, 180, 210, 240, 270, 300, 330, 360, 390, 420, 450, 480, 510, 540, 570, 600, 630, 660, 690, 720, 750, 780, 810, 840, 870, 900, 930, 960, 990, 1020, 1050, 1080, 1110, 1140, 1170, 1200, 1230, 1260, 1290, 1320, 1350, 1380, 1410, 1440, 1470, 1499], "train": [2.2689945697784424, 1.711677074432373, 1.580002744992574, 1.41650394598643, 1.365880290667216, 1.2947770357131958, 1.2362291812896729, 1.1906679073969524, 1.1466527382532756, 1.1060767968495686, 1.0548948446909587, 1.0114476482073467, 0.9725053906440735, 0.9123637676239014, 0.8472860058148702, 0.8467493057250977, 0.7676267226537069, 0.7848128577073415, 0.7251060903072357, 0.67059392730395, 0.6208310623963674, 0.6211963593959808, 0.5965411563714346, 0.5675228238105774, 0.5576799909273783, 0.531054159005483, 0.5092055896917979, 0.5008948147296906, 0.4591323435306549, 0.4623422672351201, 0.44111284613609314, 0.4155634691317876, 0.4399772783120473, 0.3873353848854701, 0.39579692979653675, 0.3657698581616084, 0.3938610106706619, 0.3721298923095067, 0.32397277653217316, 0.310523584485054, 0.38137150804201764, 0.3070471038420995, 0.29688601195812225, 0.2971599002679189, 0.2536883403857549, 0.29966790477434796, 0.2620130181312561, 0.2344266176223755, 0.2700633505980174, 0.23336542149384817, 0.2629612535238266], "ood_acc": [0.13300000131130219, 0.24400001764297485, 0.22500000894069672, 0.21900001168251038, 0.24300001561641693, 0.21800000965595245, 0.22200001776218414, 0.24300001561641693, 0.2150000035762787, 0.2540000081062317, 0.28200000524520874, 0.2630000114440918, 0.28600001335144043, 0.2900000214576721, 0.30100002884864807, 0.31300002336502075, 0.2900000214576721, 0.29100000858306885, 0.30100002884864807, 0.32100000977516174, 0.33400002121925354, 0.3490000069141388, 0.3110000193119049, 0.35200002789497375, 0.3290000259876251, 0.3580000102519989, 0.367000013589859, 0.34800001978874207, 0.367000013589859, 0.3160000145435333, 0.3400000035762787, 0.3620000183582306, 0.367000013589859, 0.37300002574920654, 0.36900001764297485, 0.36500000953674316, 0.3540000021457672, 0.37800002098083496, 0.39000001549720764, 0.38600000739097595, 0.38200002908706665, 0.38100001215934753, 0.3710000216960907, 0.3720000088214874, 0.37700000405311584, 0.3720000088214874, 0.3800000250339508, 0.3930000066757202, 0.3750000298023224, 0.40300002694129944, 0.37400001287460327], "ood_ce": [2.2867555618286133, 2.0350940227508545, 2.04038405418396, 2.188561201095581, 2.0130603313446045, 2.2359111309051514, 2.195711135864258, 2.154979705810547, 2.266057014465332, 2.1797568798065186, 2.09755539894104, 2.188786506652832, 2.1144585609436035, 2.1591873168945312, 2.1081316471099854, 2.058929204940796, 2.397252082824707, 2.34546160697937, 2.2606441974639893, 2.2939746379852295, 2.336296796798706, 2.2125446796417236, 2.44700026512146, 2.181422472000122, 2.3889002799987793, 2.2430479526519775, 2.186626672744751, 2.3710734844207764, 2.4104177951812744, 2.669250726699829, 2.637589454650879, 2.709432601928711, 2.4701309204101562, 2.3416104316711426, 2.5364139080047607, 2.5172736644744873, 2.540076732635498, 2.417217254638672, 2.3075594902038574, 2.562326192855835, 2.3921639919281006, 2.505622148513794, 2.7724437713623047, 2.6099956035614014, 2.8680460453033447, 2.765815258026123, 2.708531141281128, 2.8387222290039062, 3.091982841491699, 2.817596435546875, 2.8680007457733154]}