{"step": [0, 30, 60, 90, 120, 150, 180, 210, 240, 270, 300, 330, 360, 390, 420, 450, 480, 510, 540, 570, 600, 630, 660, 690, 720, 750, 780, 810, 840, 870, 900, 930, 960, 990, 1020, 1050, 1080, 1110, 1140, 1170, 1200, 1230, 1260, 1290, 1320, 1350, 1380, 1410, 1440, 1470, 1499], "train": [2.314462105433146, 1.7765859365463257, 1.567746599515279, 1.4632374842961628, 1.4048418998718262, 1.3423042297363281, 1.2742993036905925, 1.2432122826576233, 1.1919485926628113, 1.1429585019747417, 1.078370730082194, 1.0720290342966716, 1.0235819617907207, 1.0542494853337605, 1.0523924231529236, 0.9698178370793661, 0.9237639307975769, 0.9725086490313212, 0.9136740366617838, 0.825993557771047, 0.8367405533790588, 0.7573545177777609, 0.7092002630233765, 0.6422704656918844, 0.6004247566064199, 0.6176133751869202, 0.597111980120341, 0.6778431534767151, 0.6040341655413309, 0.596173107624054, 0.5800356864929199, 0.5616123080253601, 0.5338063836097717, 0.5080945491790771, 0.47038642565409344, 0.47830721735954285, 0.5695961117744446, 0.5666855374972025, 0.5848023196061453, 0.5375774999459585, 0.48738953471183777, 0.46198080976804096, 0.4286399881045024, 0.40966156621774036, 0.3937356323003769, 0.36787179112434387, 0.3418084730704625, 0.6068986256917318, 0.8155008554458618, 0.5417094926039377, 0.4768824577331543], "ood_acc": [0.07200000435113907, 0.22500000894069672, 0.23000000417232513, 0.20900000631809235, 0.2330000102519989, 0.21400001645088196, 0.2460000067949295, 0.2370000183582306, 0.2330000102519989, 0.2580000162124634, 0.29100000858306885, 0.27000001072883606, 0.32200002670288086, 0.320000022649765, 0.3330000042915344, 0.3360000252723694, 0.31200000643730164, 0.35600000619888306, 0.33500000834465027, 0.33100003004074097, 0.3720000088214874, 0.3580000102519989, 0.3850000202655792, 0.3440000116825104, 0.3800000250339508, 0.3580000102519989, 0.34200000762939453, 0.38100001215934753, 0.3360000252723694, 0.3630000054836273, 0.36100003123283386, 0.38100001215934753, 0.4000000059604645, 0.3830000162124634, 0.39900001883506775, 0.4150000214576721, 0.34200000762939453, 0.3850000202655792, 0.3750000298023224, 0.3540000021457672, 0.38700002431869507, 0.4230000078678131, 0.4100000262260437, 0.41100001335144043, 0.38600000739097595, 0.41700002551078796, 0.3890000283718109, 0.37700000405311584, 0.3720000088214874, 0.3500000238418579, 0.3750000298023224], "ood_ce": [2.312199115753174, 1.9984990358352661, 2.055274248123169, 2.084587574005127, 2.079998016357422, 2.1585562229156494, 2.144350290298462, 2.127974271774292, 2.1895463466644287, 2.3022537231445312, 2.1462719440460205, 2.264209032058716, 2.0033671855926514, 2.0798702239990234, 1.959425687789917, 2.002725839614868, 2.319514274597168, 2.157777786254883, 2.3582746982574463, 2.1114580631256104, 2.013960838317871, 2.165654182434082, 2.153353214263916, 2.282557487487793, 2.2134010791778564, 2.3651833534240723, 2.4172208309173584, 2.234794855117798, 2.3688249588012695, 2.303891658782959, 2.4466052055358887, 2.3071672916412354, 2.2330427169799805, 2.4222190380096436, 2.4455249309539795, 2.472259759902954, 2.8672990798950195, 2.3462719917297363, 2.1571896076202393, 2.4170448780059814, 2.509310483932495, 2.4038634300231934, 2.5142109394073486, 2.432373285293579, 2.6480605602264404, 2.4539132118225098, 2.850564956665039, 2.676415205001831, 2.2430169582366943, 2.5299904346466064, 2.274130344390869]}