{"step": [0, 30, 60, 90, 120, 150, 180, 210, 240, 270, 300, 330, 360, 390, 420, 450, 480, 510, 540, 570, 600, 630, 660, 690, 720, 750, 780, 810, 840, 870, 900, 930, 960, 990, 1020, 1050, 1080, 1110, 1140, 1170, 1200, 1230, 1260, 1290, 1320, 1350, 1380, 1410, 1440, 1470, 1499], "train": [2.3039325873057046, 1.705341378847758, 1.4614787499109905, 1.459011157353719, 1.3928125699361165, 1.3220340013504028, 1.302780032157898, 1.2291258573532104, 1.198315441608429, 1.1524721384048462, 1.0797433853149414, 1.0443609555562336, 0.9778070251146952, 0.9703187545140585, 0.9025973876317342, 0.8548718690872192, 0.8101261655489603, 0.834210475285848, 0.7609621187051138, 0.7068018019199371, 0.6704242924849192, 0.6909942825635275, 0.7461618185043335, 0.6938494741916656, 0.7272695700327555, 0.6801773011684418, 0.6824202040831248, 0.6288938323656718, 0.6078457335631052, 0.5468450387318929, 0.49850907921791077, 0.48594436049461365, 0.45008522272109985, 0.5361524820327759, 0.45973638196786243, 0.42515480021635693, 0.45040034254391986, 0.9933566053708395, 0.6196757753690084, 0.6595741709073385, 0.5009288688500723, 0.4610506147146225, 0.4144349793593089, 0.3723282714684804, 0.3546106318632762, 0.31590120991071063, 0.3085695455471675, 0.2966171552737554, 0.28006846954425174, 0.27851206064224243, 0.26409439742565155], "ood_acc": [0.0950000062584877, 0.22700001299381256, 0.2150000035762787, 0.2330000102519989, 0.2840000092983246, 0.26600000262260437, 0.2720000147819519, 0.2630000114440918, 0.28600001335144043, 0.26600000262260437, 0.2930000126361847, 0.23400001227855682, 0.28600001335144043, 0.2680000066757202, 0.2770000100135803, 0.30900001525878906, 0.3100000023841858, 0.3050000071525574, 0.2850000262260437, 0.3240000009536743, 0.34700000286102295, 0.33400002121925354, 0.3330000042915344, 0.3400000035762787, 0.33100003004074097, 0.3230000138282776, 0.33800002932548523, 0.3410000205039978, 0.34800001978874207, 0.359000027179718, 0.3660000264644623, 0.3490000069141388, 0.37800002098083496, 0.3680000305175781, 0.3570000231266022, 0.4000000059604645, 0.367000013589859, 0.37300002574920654, 0.30800002813339233, 0.359000027179718, 0.3850000202655792, 0.39500001072883606, 0.37800002098083496, 0.3710000216960907, 0.39100003242492676, 0.4050000309944153, 0.39000001549720764, 0.4020000100135803, 0.38100001215934753, 0.38200002908706665, 0.37400001287460327], "ood_ce": [2.3185555934906006, 2.0244839191436768, 2.2216784954071045, 1.9892592430114746, 2.074770450592041, 2.0411009788513184, 2.1131930351257324, 2.0995237827301025, 2.131962776184082, 2.0979135036468506, 2.129669427871704, 2.488208770751953, 2.3758280277252197, 2.4753260612487793, 2.3472142219543457, 2.1858460903167725, 2.3192319869995117, 2.1628074645996094, 2.4941673278808594, 2.3112313747406006, 2.2076451778411865, 2.506273031234741, 2.3719496726989746, 2.1102325916290283, 2.2011051177978516, 2.298917531967163, 2.3185341358184814, 2.3686978816986084, 2.332967758178711, 2.4273898601531982, 2.5276052951812744, 2.680039644241333, 2.380258798599243, 2.4638242721557617, 2.490445613861084, 2.502610206604004, 2.7256593704223633, 2.389812469482422, 2.4189021587371826, 2.2279140949249268, 2.209990978240967, 2.310471296310425, 2.390904188156128, 2.695810317993164, 2.5130975246429443, 2.5173895359039307, 2.599130153656006, 2.5974843502044678, 2.8805887699127197, 3.0228254795074463, 2.9894330501556396]}