{"step": [0, 30, 60, 90, 120, 150, 180, 210, 240, 270, 300, 330, 360, 390, 420, 450, 480, 510, 540, 570, 600, 630, 660, 690, 720, 750, 780, 810, 840, 870, 900, 930, 960, 990, 1020, 1050, 1080, 1110, 1140, 1170, 1200, 1230, 1260, 1290, 1320, 1350, 1380, 1410, 1440, 1470, 1499], "train": [2.2779997984568277, 1.624626596768697, 1.430288314819336, 1.3609529336293538, 1.2902288436889648, 1.237073262532552, 1.1884196996688843, 1.0906384388605754, 1.078356385231018, 1.0748667319615681, 0.9871155222256979, 0.902287503083547, 0.8631815711657206, 0.7908045947551727, 0.8287901679674784, 1.0047574440638225, 0.7830565273761749, 0.7605589628219604, 0.6433684229850769, 0.6478895644346873, 0.5794061124324799, 0.5487771431605021, 0.5450700024763743, 0.5438410441080729, 0.4962372879187266, 0.504057914018631, 0.48650314410527545, 0.5119778017203013, 0.4561844766139984, 0.49227073788642883, 0.4029930780331294, 0.40244583288828534, 0.3970630665620168, 0.4028996229171753, 0.37413456042607623, 0.43410387138525647, 0.4176283081372579, 0.3921541025241216, 0.32635017732779187, 0.3336058606704076, 0.36742032567660016, 0.33259106675783795, 0.3007599761088689, 0.31400810678799945, 0.34863102436065674, 0.3322320530811946, 0.2705790847539902, 0.2513778309027354, 0.2556625654300054, 0.27715135117371875, 1.2050055066744487], "ood_acc": [0.1290000081062317, 0.2410000115633011, 0.21700000762939453, 0.23200000822544098, 0.2510000169277191, 0.2370000183582306, 0.23100000619888306, 0.3330000042915344, 0.3240000009536743, 0.281000018119812, 0.38100001215934753, 0.3190000057220459, 0.40400001406669617, 0.328000009059906, 0.3450000286102295, 0.31800001859664917, 0.3920000195503235, 0.4150000214576721, 0.367000013589859, 0.39100003242492676, 0.367000013589859, 0.3880000114440918, 0.4270000159740448, 0.3830000162124634, 0.3930000066757202, 0.3830000162124634, 0.367000013589859, 0.39400002360343933, 0.39400002360343933, 0.3890000283718109, 0.3920000195503235, 0.43800002336502075, 0.4000000059604645, 0.3920000195503235, 0.3750000298023224, 0.37800002098083496, 0.36500000953674316, 0.37700000405311584, 0.39100003242492676, 0.41100001335144043, 0.40700000524520874, 0.3960000276565552, 0.41100001335144043, 0.4180000126361847, 0.4010000228881836, 0.4240000247955322, 0.40400001406669617, 0.4190000295639038, 0.40800002217292786, 0.41100001335144043, 0.3720000088214874], "ood_ce": [2.2866458892822266, 1.9808430671691895, 2.260836601257324, 2.126352548599243, 2.0095503330230713, 2.1522884368896484, 2.370145797729492, 1.9367039203643799, 2.118469476699829, 2.112562656402588, 1.9399845600128174, 2.1409146785736084, 1.9187122583389282, 2.198636054992676, 2.232349157333374, 2.104480504989624, 2.0594775676727295, 1.9733448028564453, 2.2189865112304688, 2.085590362548828, 2.2652981281280518, 2.1715946197509766, 2.0658998489379883, 2.3132123947143555, 2.2711057662963867, 2.2874960899353027, 2.382147789001465, 2.2334814071655273, 2.2471630573272705, 2.234266519546509, 2.3704845905303955, 2.28389573097229, 2.3937084674835205, 2.5099570751190186, 2.6570820808410645, 2.528151512145996, 2.5854883193969727, 2.4105701446533203, 2.56980037689209, 2.6017837524414062, 2.7151691913604736, 2.6051883697509766, 2.5184648036956787, 2.478018045425415, 2.5949995517730713, 2.3716704845428467, 2.638516664505005, 2.773327112197876, 2.7781622409820557, 2.7975146770477295, 3.275022506713867]}