{"step": [0, 30, 60, 90, 120, 150, 180, 210, 240, 270, 300, 330, 360, 390, 420, 450, 480, 510, 540, 570, 600, 630, 660, 690, 720, 750, 780, 810, 840, 870, 900, 930, 960, 990, 1020, 1050, 1080, 1110, 1140, 1170, 1200, 1230, 1260, 1290, 1320, 1350, 1380, 1410, 1440, 1470, 1499], "train": [2.144111235936483, 1.535112778345744, 1.612170934677124, 1.4775890906651814, 1.8708256085713704, 1.6142900387446086, 1.550382932027181, 1.5355568726857503, 1.376114805539449, 1.3394417365392048, 1.2625653346379597, 1.033723771572113, 0.9566726485888163, 0.9701739152272543, 0.8618021806081136, 0.7967603405316671, 1.12679519255956, 2.186429580052694, 4.660821596781413, 1.6876411040623982, 1.4757260084152222, 1.227130691210429, 1.0670010646184285, 0.9513024886449178, 0.9250892599423727, 0.8805479804674784, 0.9055853287378947, 0.7908769845962524, 0.820570190747579, 0.7129262884457906, 0.8762665390968323, 0.7304631372292837, 0.6550113161404928, 0.5567024946212769, 0.7646430532137553, 0.6531876424948374, 0.6259064376354218, 0.5955299337704977, 0.6282214124997457, 0.5299604038397471, 0.4961257775624593, 0.47963759303092957, 0.5068041980266571, 0.46680984894434613, 0.7305828332901001, 2.708035945892334, 8793.153971354166, 2634770645.3333335, 1.2123628587638473e+24, 1.1528373893754067e+24, 1.099311411247366e+24], "ood_acc": [0.1850000023841858, 0.2240000069141388, 0.22300000488758087, 0.1940000057220459, 0.19100001454353333, 0.18400001525878906, 0.24400001764297485, 0.23200000822544098, 0.2580000162124634, 0.31300002336502075, 0.27900001406669617, 0.2990000247955322, 0.2970000207424164, 0.2970000207424164, 0.37700000405311584, 0.35100001096725464, 0.32200002670288086, 0.20500001311302185, 0.10000000149011612, 0.18400001525878906, 0.281000018119812, 0.29200002551078796, 0.2770000100135803, 0.3110000193119049, 0.3070000112056732, 0.2939999997615814, 0.3140000104904175, 0.36100003123283386, 0.3500000238418579, 0.3140000104904175, 0.3110000193119049, 0.33400002121925354, 0.3750000298023224, 0.3540000021457672, 0.3140000104904175, 0.34700000286102295, 0.32100000977516174, 0.3230000138282776, 0.35200002789497375, 0.36100003123283386, 0.3530000150203705, 0.35100001096725464, 0.34300002455711365, 0.4100000262260437, 0.3330000042915344, 0.15000000596046448, 0.10100000351667404, 0.0990000069141388, 0.09100000560283661, 0.09100000560283661, 0.09100000560283661], "ood_ce": [2.2140870094299316, 2.14595103263855, 2.047677516937256, 2.0967156887054443, 2.351423501968384, 2.2746589183807373, 2.0186498165130615, 2.1318211555480957, 2.269632577896118, 2.0545973777770996, 2.079080820083618, 2.1717188358306885, 2.1590347290039062, 2.1392295360565186, 1.9477893114089966, 2.09537410736084, 2.0779104232788086, 2.8523929119110107, 5.05824613571167, 2.264314889907837, 2.09122633934021, 2.127216100692749, 2.221240520477295, 2.1342475414276123, 2.171130657196045, 2.2315664291381836, 2.08329176902771, 2.0697052478790283, 2.0576164722442627, 2.2709853649139404, 2.4101614952087402, 2.3225297927856445, 2.2524890899658203, 2.4732677936553955, 2.351330280303955, 2.3216772079467773, 2.5863146781921387, 2.3502163887023926, 2.4065353870391846, 2.4116594791412354, 2.578099012374878, 2.6426491737365723, 2.5528757572174072, 2.230029582977295, 2.4228127002716064, 3.2581002712249756, 9047.1708984375, 3391456256.0, 2.213027495830884e+24, 2.106681439785196e+24, 2.0091631595850948e+24]}