{"step": [0, 30, 60, 90, 120, 150, 180, 210, 240, 270, 300, 330, 360, 390, 420, 450, 480, 510, 540, 570, 600, 630, 660, 690, 720, 750, 780, 810, 840, 870, 900, 930, 960, 990, 1020, 1050, 1080, 1110, 1140, 1170, 1200, 1230, 1260, 1290, 1320, 1350, 1380, 1410, 1440, 1470, 1499], "train": [2.263771136601766, 1.5598045587539673, 1.4031885067621868, 1.323870301246643, 1.3479578495025635, 1.2515149116516113, 1.2783000866572063, 1.1919814149538677, 1.139214297135671, 1.076052765051524, 1.0028640031814575, 0.9646655122439066, 0.8804625471433004, 0.8547718226909637, 0.8254406750202179, 0.8225868542989095, 0.7787791788578033, 0.7361561556657156, 0.6867804825305939, 0.6797800858815511, 0.633175402879715, 0.6126238107681274, 0.5901155372460684, 0.5512309372425079, 0.6387924055258433, 0.5851689974466959, 0.5023133754730225, 0.4906761248906453, 0.49104278286298114, 0.7647852202256521, 0.9159963925679525, 0.5885945757230123, 0.45917806526025134, 0.5195077260335287, 0.49742522835731506, 0.4331436554590861, 0.42464542885621387, 0.3763739913702011, 0.3748680005470912, 0.3345824082692464, 0.30370227495829266, 0.30762284994125366, 0.29685263832410175, 0.3004630257685979, 0.26871103545029956, 0.2797883152961731, 0.35461107393105823, 0.46345314383506775, 0.3715006063381831, 0.3548802932103475, 0.3512557198603948], "ood_acc": [0.13700000941753387, 0.20900000631809235, 0.22300000488758087, 0.25, 0.27300000190734863, 0.2290000170469284, 0.23900000751018524, 0.2880000174045563, 0.289000004529953, 0.29100000858306885, 0.2930000126361847, 0.3140000104904175, 0.30300000309944153, 0.31700000166893005, 0.32200002670288086, 0.289000004529953, 0.3020000159740448, 0.3230000138282776, 0.32100000977516174, 0.33900001645088196, 0.3360000252723694, 0.33500000834465027, 0.32600000500679016, 0.36500000953674316, 0.3290000259876251, 0.3440000116825104, 0.3580000102519989, 0.34200000762939453, 0.3580000102519989, 0.3540000021457672, 0.37300002574920654, 0.3410000205039978, 0.3630000054836273, 0.32200002670288086, 0.34800001978874207, 0.39000001549720764, 0.3840000033378601, 0.3960000276565552, 0.3750000298023224, 0.41100001335144043, 0.39100003242492676, 0.37700000405311584, 0.39900001883506775, 0.3760000169277191, 0.39400002360343933, 0.39000001549720764, 0.3760000169277191, 0.31800001859664917, 0.3700000047683716, 0.398000031709671, 0.3760000169277191], "ood_ce": [2.295215129852295, 2.0696775913238525, 2.155691623687744, 2.0672547817230225, 2.1039865016937256, 2.3028481006622314, 2.1668295860290527, 1.9938132762908936, 2.1171319484710693, 2.1819982528686523, 2.1251654624938965, 2.157806396484375, 2.2439582347869873, 2.327260971069336, 2.1627352237701416, 2.422720193862915, 2.327190637588501, 2.434485673904419, 2.2127528190612793, 2.337108612060547, 2.4874422550201416, 2.401906967163086, 2.2455029487609863, 2.3945183753967285, 2.504356861114502, 2.3113667964935303, 2.462425947189331, 2.5072357654571533, 2.7475478649139404, 2.2676594257354736, 2.1822311878204346, 2.402456283569336, 2.169346332550049, 2.4754815101623535, 2.439880609512329, 2.3813862800598145, 2.5574140548706055, 2.3928871154785156, 2.5732505321502686, 2.461193799972534, 2.5291287899017334, 2.8538265228271484, 2.5914852619171143, 2.7778539657592773, 2.587547540664673, 2.7945878505706787, 2.6315090656280518, 2.454373359680176, 2.4718666076660156, 2.5559563636779785, 2.717625379562378]}