{"step": [0, 30, 60, 90, 120, 150, 180, 210, 240, 270, 300, 330, 360, 390, 420, 450, 480, 510, 540, 570, 600, 630, 660, 690, 720, 750, 780, 810, 840, 870, 900, 930, 960, 990, 1020, 1050, 1080, 1110, 1140, 1170, 1200, 1230, 1260, 1290, 1320, 1350, 1380, 1410, 1440, 1470, 1499], "train": [2.2591554323832193, 1.5728107690811157, 1.4303464889526367, 1.320731520652771, 1.3242232004801433, 1.1950889825820923, 1.1801770130793254, 1.0876571337382, 0.9685681263605753, 0.915048619111379, 0.8292999863624573, 0.7893630663553873, 0.7539116342862447, 0.7508636713027954, 0.6728982329368591, 0.8745946884155273, 0.7053108612696329, 0.6742778321107229, 0.5784900685151418, 0.5339858929316202, 0.5199951330820719, 0.485728253920873, 0.41465510924657184, 0.47547006607055664, 0.5752381682395935, 0.5991794367631277, 0.4453382343053818, 0.4185541371504466, 0.4036737233400345, 0.39036303261915845, 0.37667234738667804, 0.3315478612979253, 0.31856392820676166, 0.31070443491141003, 0.3370789686838786, 0.2998836239178975, 0.3538975814978282, 0.28607230881849927, 0.3732081751028697, 0.325388769308726, 0.23423382391532263, 0.23158288498719534, 0.2115910773475965, 0.267868513862292, 0.23075895508130392, 0.2276271084944407, 0.29622287551561993, 0.31968245406945545, 0.2726191133260727, 0.23855130871136984, 0.22034051517645517], "ood_acc": [0.1420000046491623, 0.24700000882148743, 0.24500000476837158, 0.21800000965595245, 0.2770000100135803, 0.24000000953674316, 0.281000018119812, 0.30800002813339233, 0.3020000159740448, 0.30400002002716064, 0.3230000138282776, 0.3370000123977661, 0.3450000286102295, 0.35600000619888306, 0.35500001907348633, 0.320000022649765, 0.3070000112056732, 0.3540000021457672, 0.3530000150203705, 0.34300002455711365, 0.36400002241134644, 0.36000001430511475, 0.3460000157356262, 0.3400000035762787, 0.34200000762939453, 0.36000001430511475, 0.36400002241134644, 0.37700000405311584, 0.3790000081062317, 0.3750000298023224, 0.3400000035762787, 0.36500000953674316, 0.37800002098083496, 0.3630000054836273, 0.38700002431869507, 0.37300002574920654, 0.3530000150203705, 0.36900001764297485, 0.35200002789497375, 0.3800000250339508, 0.36900001764297485, 0.406000018119812, 0.4150000214576721, 0.3630000054836273, 0.41200003027915955, 0.3790000081062317, 0.3970000147819519, 0.3830000162124634, 0.37700000405311584, 0.4010000228881836, 0.3700000047683716], "ood_ce": [2.2908103466033936, 1.9999711513519287, 2.1429519653320312, 2.0712015628814697, 1.9338160753250122, 2.115731716156006, 2.053649425506592, 2.006019115447998, 2.120846748352051, 2.028744697570801, 2.2438106536865234, 2.0974159240722656, 2.206681251525879, 2.004751682281494, 2.303938627243042, 2.286924362182617, 2.226937770843506, 2.342818021774292, 2.290632486343384, 2.634307861328125, 2.195704698562622, 2.393894672393799, 2.519153594970703, 2.6025550365448, 2.5485644340515137, 2.1154367923736572, 2.4093310832977295, 2.45894718170166, 2.505553960800171, 2.4734528064727783, 2.9889516830444336, 2.7243990898132324, 2.7915732860565186, 2.887073516845703, 2.7768020629882812, 2.8522677421569824, 2.915344715118408, 2.8253653049468994, 2.9140055179595947, 2.5814321041107178, 2.862015962600708, 2.8107993602752686, 2.8315699100494385, 3.351088523864746, 3.009620428085327, 3.208545684814453, 2.751598596572876, 2.933619737625122, 2.9482262134552, 2.815615653991699, 3.2401840686798096]}