{"step": [0, 30, 60, 90, 120, 150, 180, 210, 240, 270, 300, 330, 360, 390, 420, 450, 480, 510, 540, 570, 600, 630, 660, 690, 720, 750, 780, 810, 840, 870, 900, 930, 960, 990, 1020, 1050, 1080, 1110, 1140, 1170, 1200, 1230, 1260, 1290, 1320, 1350, 1380, 1410, 1440, 1470, 1499], "train": [2.2287585735321045, 1.4833945035934448, 1.427893082300822, 1.3198152383168538, 1.3405369122823079, 1.2278132438659668, 1.1487209002176921, 1.9364170630772908, 1.7207545042037964, 3.3436217308044434, 1.6731890439987183, 1.4682775338490803, 1.3570844729741414, 1.2767154177029927, 1.1767407655715942, 1.137839098771413, 1.1296453475952148, 1.0301729639371235, 1.016671081384023, 0.9742942253748575, 0.9532955090204874, 0.9221126437187195, 0.8728245695432028, 0.8509575128555298, 0.8349264959494272, 0.8548083106676737, 0.7672378818194071, 0.7414374649524689, 0.7424202859401703, 0.7119658986727396, 0.6880039672056834, 0.6738919317722321, 0.6726746261119843, 0.6542980770270029, 0.6568999985853831, 0.6653598745663961, 0.6459900836149851, 0.6105936268965403, 0.5699300666650137, 0.597902794679006, 0.5715319116910299, 0.5515800217787424, 0.57573601603508, 0.5593080123265585, 0.5143921226263046, 0.5090810259183248, 0.48616255323092145, 0.4896344095468521, 0.5165250599384308, 0.4571936180194219, 0.4590996950864792], "ood_acc": [0.1600000113248825, 0.242000013589859, 0.18900001049041748, 0.22100001573562622, 0.2980000078678131, 0.24400001764297485, 0.27400001883506775, 0.2550000250339508, 0.23100000619888306, 0.17100000381469727, 0.25, 0.23800000548362732, 0.2540000081062317, 0.24700000882148743, 0.3100000023841858, 0.26500001549720764, 0.3160000145435333, 0.2850000262260437, 0.2639999985694885, 0.3140000104904175, 0.26900002360343933, 0.31200000643730164, 0.33800002932548523, 0.34300002455711365, 0.3150000274181366, 0.3320000171661377, 0.3460000157356262, 0.33400002121925354, 0.3360000252723694, 0.35600000619888306, 0.37300002574920654, 0.35200002789497375, 0.3660000264644623, 0.3460000157356262, 0.3570000231266022, 0.36400002241134644, 0.36900001764297485, 0.3680000305175781, 0.3700000047683716, 0.4050000309944153, 0.3680000305175781, 0.35600000619888306, 0.38100001215934753, 0.3580000102519989, 0.3920000195503235, 0.3750000298023224, 0.37400001287460327, 0.359000027179718, 0.3720000088214874, 0.3880000114440918, 0.3630000054836273], "ood_ce": [2.2763218879699707, 2.0639681816101074, 2.260927677154541, 2.143069267272949, 2.045194387435913, 2.406996011734009, 2.2093348503112793, 3.030186653137207, 2.2097980976104736, 3.1818838119506836, 1.9244556427001953, 2.0391745567321777, 2.0983874797821045, 2.1869285106658936, 2.0072057247161865, 2.1295058727264404, 2.0214004516601562, 2.1321516036987305, 2.2354233264923096, 2.0234241485595703, 2.1954495906829834, 2.061600923538208, 2.0594899654388428, 2.085764169692993, 2.189269781112671, 2.208726167678833, 2.097160577774048, 2.2263221740722656, 2.109529495239258, 2.1771657466888428, 2.1220219135284424, 2.272066354751587, 2.0996010303497314, 2.3189499378204346, 2.30186128616333, 2.2621519565582275, 2.299715757369995, 2.152940511703491, 2.3093690872192383, 2.182342767715454, 2.2185730934143066, 2.452730417251587, 2.2948391437530518, 2.3060662746429443, 2.2865376472473145, 2.4639618396759033, 2.5330116748809814, 2.5531623363494873, 2.623215913772583, 2.3944175243377686, 2.5073673725128174]}