{"step": [0, 30, 60, 90, 120, 150, 180, 210, 240, 270, 300, 330, 360, 390, 420, 450, 480, 510, 540, 570, 600, 630, 660, 690, 720, 750, 780, 810, 840, 870, 900, 930, 960, 990, 1020, 1050, 1080, 1110, 1140, 1170, 1200, 1230, 1260, 1290, 1320, 1350, 1380, 1410, 1440, 1470, 1499], "train": [2.2287294069925943, 1.484235366185506, 1.4277138710021973, 1.312769850095113, 1.3336690266927083, 1.281937559445699, 4.45417046546936, 1.7284677426020305, 1.5485349893569946, 1.4435401757558186, 1.355469783147176, 1.2752768596013386, 1.2367040912310283, 1.2093543807665508, 1.1762763063112895, 1.1329077084859211, 1.0885468522707622, 1.0738185445467632, 1.0305044452349346, 1.0222205718358357, 0.9632706046104431, 0.990790327390035, 0.9056094288825989, 0.8471340338389078, 0.8232538004716238, 0.8309695323308309, 0.7833623290061951, 0.7526461879412333, 0.7429183423519135, 0.702897975842158, 0.6567002236843109, 0.6639710168043772, 0.6796308755874634, 0.6360129714012146, 0.6263738175233206, 0.6744622687498728, 11.856248219807943, 120.69726816813152, 31.22549819946289, 8.809361139933268, 7.548183838526408, 4.755382140477498, 2.640873908996582, 2.519214948018392, 2.4497862656911216, 2.382819970448812, 2.3294591903686523, 2.318280061086019, 2.282350540161133, 2.254652261734009, 2.2282180786132812], "ood_acc": [0.1600000113248825, 0.24400001764297485, 0.18700000643730164, 0.23000000417232513, 0.29500001668930054, 0.21000000834465027, 0.15400001406669617, 0.20200000703334808, 0.2370000183582306, 0.22600001096725464, 0.23500001430511475, 0.2670000195503235, 0.2710000276565552, 0.2410000115633011, 0.2670000195503235, 0.24300001561641693, 0.27300000190734863, 0.26500001549720764, 0.25, 0.2930000126361847, 0.2710000276565552, 0.31800001859664917, 0.3050000071525574, 0.3190000057220459, 0.3330000042915344, 0.3050000071525574, 0.32200002670288086, 0.3150000274181366, 0.32200002670288086, 0.3230000138282776, 0.3450000286102295, 0.3360000252723694, 0.34800001978874207, 0.31300002336502075, 0.32600000500679016, 0.3460000157356262, 0.13600000739097595, 0.14100000262260437, 0.0950000062584877, 0.09600000083446503, 0.125, 0.11900000274181366, 0.13600000739097595, 0.15200001001358032, 0.13700000941753387, 0.14600001275539398, 0.14100000262260437, 0.15400001406669617, 0.14500001072883606, 0.1469999998807907, 0.14800000190734863], "ood_ce": [2.2763185501098633, 2.067115068435669, 2.268913984298706, 2.1446316242218018, 2.0472586154937744, 2.3941829204559326, 3.230684518814087, 2.131993055343628, 2.029946804046631, 2.1215949058532715, 1.962653636932373, 1.9927705526351929, 2.094261407852173, 2.324336290359497, 2.1030819416046143, 2.250981330871582, 2.111459970474243, 2.1540451049804688, 2.247648239135742, 2.1114931106567383, 2.3318967819213867, 2.1848156452178955, 2.174234628677368, 2.129488468170166, 2.2107772827148438, 2.3801965713500977, 2.1979663372039795, 2.3327746391296387, 2.2336931228637695, 2.3670830726623535, 2.2801036834716797, 2.3411736488342285, 2.0842397212982178, 2.3850247859954834, 2.4127206802368164, 2.3579204082489014, 5.136673927307129, 100.8682861328125, 26.756240844726562, 4.277880668640137, 3.2673282623291016, 2.7559478282928467, 2.546008348464966, 2.4737517833709717, 2.4332327842712402, 2.406100273132324, 2.371199131011963, 2.360691785812378, 2.3409085273742676, 2.328096389770508, 2.315365791320801]}