{"step": [0, 30, 60, 90, 120, 150, 180, 210, 240, 270, 300, 330, 360, 390, 420, 450, 480, 510, 540, 570, 600, 630, 660, 690, 720, 750, 780, 810, 840, 870, 900, 930, 960, 990, 1020, 1050, 1080, 1110, 1140, 1170, 1200, 1230, 1260, 1290, 1320, 1350, 1380, 1410, 1440, 1470, 1499], "train": [2.153200070063273, 7.645746310551961, 4.170849084854126, 18111.213541666668, 317782398293.3333, 779089499477.3334, 1152931520.0, 16769434154.666666, 368113876992.0, 1.1677857759144717e+22, 1.135364198003295e+21, 2.857176050541506e+20, 9.165354322112946e+19, 3.255812841916701e+19, 1.2592195743608996e+19, 4.962598069283237e+18, 1.9650588147960164e+18, 7.785099682560082e+17, 3.0608700762750976e+17, 1.2098726413869602e+17, 4.7479851903003304e+16, 1.862911431680546e+16, 7301529810414251.0, 2850002925780992.0, 1114196887120554.6, 436813323829248.0, 171953287593984.0, 67725046753962.664, 26655578390528.0, 10405888873813.334, 4075416125440.0, 1591136671061.3333, 613659792725.3334, 235740890453.33334, 89656012117.33333, 33555996330.666668, 12495037269.333334, 4603989418.666667, 1653432320.0, 589178453.3333334, 209117970.66666666, 78924152.0, 30160245.333333332, 11574976.666666666, 4478303.583333333, 648076672.0, 92670995.33333333, 113043634.0, 123597.13411458333, 56479.477213541664, 27235.001953125], "ood_acc": [0.18200001120567322, 0.1860000044107437, 0.11300000548362732, 0.1120000034570694, 0.09200000762939453, 0.11500000208616257, 0.09100000560283661, 0.0990000069141388, 0.10900000482797623, 0.11500000208616257, 0.11500000208616257, 0.11300000548362732, 0.1120000034570694, 0.11100000888109207, 0.11100000888109207, 0.11100000888109207, 0.11100000888109207, 0.11100000888109207, 0.1120000034570694, 0.11300000548362732, 0.11300000548362732, 0.11400000751018524, 0.11300000548362732, 0.11400000751018524, 0.11700000613927841, 0.11700000613927841, 0.11600000411272049, 0.11500000208616257, 0.11400000751018524, 0.11400000751018524, 0.11300000548362732, 0.11600000411272049, 0.11600000411272049, 0.11600000411272049, 0.11500000208616257, 0.11500000208616257, 0.11600000411272049, 0.11600000411272049, 0.11500000208616257, 0.11600000411272049, 0.11300000548362732, 0.11000000685453415, 0.10900000482797623, 0.11100000888109207, 0.10900000482797623, 0.11500000208616257, 0.12000000476837158, 0.11400000751018524, 0.11000000685453415, 0.11000000685453415, 0.11700000613927841], "ood_ce": [2.2655646800994873, 6.682750225067139, 3.285607099533081, 23979.759765625, 439772708864.0, 607152504832.0, 92648816640.0, 1619435648.0, 209228546048.0, 1.188697086736762e+22, 5.967888047527229e+20, 1.3325021879045246e+20, 3.973512317284804e+19, 1.2868145330792694e+19, 4.960637473978843e+18, 1.904000371441795e+18, 7.287196106893558e+17, 2.749234164174684e+17, 1.0449231947392614e+17, 3.973694722827878e+16, 1.5113696783106048e+16, 5747432356839424.0, 1971204634181632.0, 652235411292160.0, 208868806230016.0, 65289622388736.0, 20305976229888.0, 5249323499520.0, 716499058688.0, 90623096.0, 48493052.0, 27548628.0, 16397211.0, 10092620.0, 6344032.5, 4070420.25, 2657200.25, 1714846.75, 1094028.875, 700795.75, 456624.40625, 296942.1875, 191147.15625, 132651.28125, 87728.078125, 734967488.0, 111746472.0, 134935792.0, 15881.525390625, 11755.4091796875, 7546.99072265625]}