{"step": [0, 30, 60, 90, 120, 150, 180, 210, 240, 270, 300, 330, 360, 390, 420, 450, 480, 510, 540, 570, 600, 630, 660, 690, 720, 750, 780, 810, 840, 870, 900, 930, 960, 990, 1020, 1050, 1080, 1110, 1140, 1170, 1200, 1230, 1260, 1290, 1320, 1350, 1380, 1410, 1440, 1470, 1499], "train": [2.2591466903686523, 1.5713134209314983, 1.4280060132344563, 1.3170572916666667, 1.3148985306421916, 1.1888681054115295, 1.197340965270996, 1.0925717155138652, 0.9689658085505167, 0.9273277322451273, 0.8376926382382711, 0.8144372701644897, 0.7531136373678843, 0.7802046736081442, 0.6950859526793162, 0.6473906338214874, 0.6558392544587454, 0.6381591061751047, 0.5674622158209482, 0.5312647024790446, 0.5109459062417349, 0.4445791145165761, 0.41887574394543964, 0.5877486765384674, 0.511585921049118, 0.49199474851290387, 0.4280544767777125, 0.3791678100824356, 0.35170310735702515, 0.6121415396531423, 0.42945348223050434, 0.42337800065676373, 0.3646336148182551, 0.3801678419113159, 0.32511700689792633, 0.30950236817200977, 0.6437198569377264, 0.6970437367757162, 0.6083445847034454, 0.4202501227458318, 0.3449137310187022, 0.2996649195750554, 0.2963436047236125, 0.25827327867348987, 0.30447186529636383, 0.24260413895050684, 0.21306156118710837, 0.19133723030487695, 0.1690678671002388, 0.18452622493108115, 0.26480284829934436], "ood_acc": [0.1420000046491623, 0.24800001084804535, 0.24500000476837158, 0.22300000488758087, 0.2800000011920929, 0.2460000067949295, 0.30000001192092896, 0.31200000643730164, 0.29600000381469727, 0.30100002884864807, 0.3100000023841858, 0.3270000219345093, 0.3540000021457672, 0.359000027179718, 0.328000009059906, 0.3620000183582306, 0.3240000009536743, 0.3530000150203705, 0.32600000500679016, 0.3570000231266022, 0.3710000216960907, 0.3680000305175781, 0.36400002241134644, 0.33800002932548523, 0.36100003123283386, 0.3410000205039978, 0.37300002574920654, 0.3850000202655792, 0.367000013589859, 0.328000009059906, 0.3370000123977661, 0.367000013589859, 0.3720000088214874, 0.3790000081062317, 0.38600000739097595, 0.3720000088214874, 0.36500000953674316, 0.31700000166893005, 0.32200002670288086, 0.36900001764297485, 0.3890000283718109, 0.4000000059604645, 0.3580000102519989, 0.3880000114440918, 0.38100001215934753, 0.3920000195503235, 0.38600000739097595, 0.3800000250339508, 0.37700000405311584, 0.3930000066757202, 0.3890000283718109], "ood_ce": [2.2908103466033936, 1.9999052286148071, 2.1459128856658936, 2.06964373588562, 1.937673568725586, 2.1184749603271484, 1.985727071762085, 2.033499240875244, 2.1517436504364014, 2.061551809310913, 2.302931785583496, 2.1157069206237793, 2.209789752960205, 2.0852389335632324, 2.3255536556243896, 2.3999128341674805, 2.4516937732696533, 2.4042413234710693, 2.503798007965088, 2.5955772399902344, 2.259456157684326, 2.4868502616882324, 2.518052577972412, 2.8478713035583496, 2.407179594039917, 2.4856581687927246, 2.3964345455169678, 2.432110548019409, 2.800755500793457, 2.6968345642089844, 2.6002559661865234, 2.6218221187591553, 2.734403371810913, 2.4683854579925537, 2.824110269546509, 2.801504135131836, 2.6509320735931396, 2.6029860973358154, 2.6908681392669678, 2.350008010864258, 2.5381734371185303, 2.726193428039551, 2.8264501094818115, 2.8048512935638428, 2.891724109649658, 3.0052506923675537, 3.1273484230041504, 3.3597702980041504, 3.5051591396331787, 3.387230157852173, 3.354402780532837]}