{"step": [0, 30, 60, 90, 120, 150, 180, 210, 240, 270, 300, 330, 360, 390, 420, 450, 480, 510, 540, 570, 600, 630, 660, 690, 720, 750, 780, 810, 840, 870, 900, 930, 960, 990, 1020, 1050, 1080, 1110, 1140, 1170, 1200, 1230, 1260, 1290, 1320, 1350, 1380, 1410, 1440, 1470, 1499], "train": [2.2477404276529946, 1.5546947717666626, 1.3747190634409587, 1.4393839836120605, 1.3399306138356526, 1.167826513449351, 1.0918079217274983, 1.1275905172030132, 1.4102328221003215, 1.141963263352712, 1.0527936816215515, 0.937670628229777, 0.8870878020922343, 0.8194873134295145, 0.7999914884567261, 0.7436835070451101, 1.4737399419148762, 1.0131420095761616, 0.8032443523406982, 0.6883613069852194, 0.6679203907648722, 0.5937104523181915, 0.5221209824085236, 0.5305369794368744, 0.49324063460032147, 0.4841361939907074, 0.529416819413503, 0.4564499656359355, 0.5303669969240824, 0.5848227739334106, 0.4994317988554637, 0.42860256135463715, 0.3875017563501994, 0.4190612733364105, 0.5417658388614655, 0.9207093318303426, 0.842495451370875, 9.607290108998617, 1.7899991671244304, 1.397235115369161, 1.2521957159042358, 1.1733205715815227, 1.1187275846799214, 0.996266225973765, 0.977348784605662, 0.8871711691220602, 0.8171800971031189, 0.796708901723226, 0.7413248419761658, 0.7048497200012207, 0.6916441122690836], "ood_acc": [0.15800000727176666, 0.26900002360343933, 0.2330000102519989, 0.25200000405311584, 0.30100002884864807, 0.3190000057220459, 0.2930000126361847, 0.31800001859664917, 0.2639999985694885, 0.3100000023841858, 0.3790000081062317, 0.3240000009536743, 0.38700002431869507, 0.3410000205039978, 0.367000013589859, 0.38600000739097595, 0.24400001764297485, 0.36400002241134644, 0.36900001764297485, 0.3570000231266022, 0.3840000033378601, 0.39100003242492676, 0.40700000524520874, 0.3790000081062317, 0.37700000405311584, 0.4090000092983246, 0.39500001072883606, 0.4100000262260437, 0.3850000202655792, 0.39500001072883606, 0.36900001764297485, 0.4280000329017639, 0.3890000283718109, 0.41100001335144043, 0.3760000169277191, 0.37300002574920654, 0.3500000238418579, 0.10100000351667404, 0.19100001454353333, 0.29200002551078796, 0.32200002670288086, 0.2770000100135803, 0.3270000219345093, 0.32500001788139343, 0.3240000009536743, 0.3160000145435333, 0.3370000123977661, 0.3330000042915344, 0.359000027179718, 0.3850000202655792, 0.3500000238418579], "ood_ce": [2.2669601440429688, 1.9628963470458984, 2.1311020851135254, 2.0070488452911377, 1.9414414167404175, 1.9934239387512207, 2.1446945667266846, 1.946043610572815, 2.3867783546447754, 1.9339613914489746, 1.8123120069503784, 2.2666940689086914, 1.9310990571975708, 2.067534923553467, 2.044156551361084, 2.0046775341033936, 2.401237964630127, 1.9087653160095215, 2.047072172164917, 2.1740739345550537, 2.0245697498321533, 2.1659750938415527, 1.98810875415802, 2.2576584815979004, 2.232999563217163, 2.2724146842956543, 2.400787830352783, 2.289080858230591, 2.1461381912231445, 2.2540676593780518, 2.4203126430511475, 2.209331512451172, 2.474313497543335, 2.393528699874878, 2.393521308898926, 1.9907242059707642, 2.1584184169769287, 7.492414474487305, 2.192595958709717, 2.0767462253570557, 2.0673348903656006, 2.162384510040283, 2.1912951469421387, 2.0472495555877686, 2.183804512023926, 2.2072842121124268, 2.2864086627960205, 2.389141082763672, 2.2186453342437744, 2.254056930541992, 2.300525426864624]}