{"step": [0, 30, 60, 90, 120, 150, 180, 210, 240, 270, 300, 330, 360, 390, 420, 450, 480, 510, 540, 570, 600, 630, 660, 690, 720, 750, 780, 810, 840, 870, 900, 930, 960, 990, 1020, 1050, 1080, 1110, 1140, 1170, 1200, 1230, 1260, 1290, 1320, 1350, 1380, 1410, 1440, 1470, 1499], "train": [2.1856585343678794, 1.4653420845667522, 1.520951787630717, 1.3535212278366089, 1.3946665525436401, 1.6897122065226238, 12.894610404968262, 5.72952667872111, 9.401051044464111, 93.06106567382812, 2968.897705078125, 3775794074965.3335, 90605581.33333333, 180059944.0, 173047744.0, 156040405.33333334, 94066365.33333333, 102353597.33333333, 91904504.0, 73959117.33333333, 60926108.0, 45730453.333333336, 43562426.666666664, 41746010.666666664, 40264720.0, 37912728.0, 34004996.0, 27343170.666666668, 20319109.333333332, 16497303.333333334, 14655789.0, 13568798.0, 12086753.666666666, 9633202.5, 8163573.333333333, 8543210.166666666, 6774042.833333333, 6145208.0, 5617267.5, 5365198.5, 4934948.333333333, 4677947.166666667, 4579838.166666667, 4282818.583333333, 3939282.1666666665, 3829601.4166666665, 3939822.0, 3390941.75, 3127274.9166666665, 2879552.75, 2727844.1666666665], "ood_acc": [0.15700000524520874, 0.22100001573562622, 0.2600000202655792, 0.27000001072883606, 0.2630000114440918, 0.20000000298023224, 0.09200000762939453, 0.10700000822544098, 0.12200000882148743, 0.11600000411272049, 0.13300000131130219, 0.09400000423192978, 0.09400000423192978, 0.07100000232458115, 0.08000000566244125, 0.09300000220537186, 0.10100000351667404, 0.07100000232458115, 0.08000000566244125, 0.10100000351667404, 0.10300000756978989, 0.10500000417232513, 0.12600000202655792, 0.11900000274181366, 0.12700000405311584, 0.125, 0.11800000816583633, 0.13199999928474426, 0.11400000751018524, 0.1550000011920929, 0.14300000667572021, 0.15200001001358032, 0.15300001204013824, 0.13300000131130219, 0.14000000059604645, 0.1420000046491623, 0.14000000059604645, 0.12600000202655792, 0.1300000101327896, 0.14300000667572021, 0.13500000536441803, 0.14400000870227814, 0.14500001072883606, 0.13600000739097595, 0.1420000046491623, 0.14400000870227814, 0.1550000011920929, 0.13700000941753387, 0.13300000131130219, 0.1380000114440918, 0.14300000667572021], "ood_ce": [2.2720372676849365, 2.1154677867889404, 2.107929229736328, 2.0312159061431885, 2.0731799602508545, 2.2914879322052, 12.14189624786377, 7.526748180389404, 9.404399871826172, 102.94813537597656, 3022.03369140625, 9574182551552.0, 148536688.0, 296369696.0, 284609952.0, 256908112.0, 151859728.0, 164131296.0, 147232384.0, 117924104.0, 95946952.0, 67987480.0, 61588288.0, 59229260.0, 56376312.0, 53385448.0, 48703140.0, 41054928.0, 32510466.0, 25359812.0, 22291904.0, 19894730.0, 16708571.0, 10815240.0, 8621825.0, 10169798.0, 6919865.5, 6233850.5, 5700975.5, 5271053.0, 4714517.0, 4523576.0, 4516181.0, 3826031.0, 3660940.75, 3754218.5, 3870265.75, 3389080.25, 2793215.5, 2684234.75, 2545541.75]}