{"step": [0, 30, 60, 90, 120, 150, 180, 210, 240, 270, 300, 330, 360, 390, 420, 450, 480, 510, 540, 570, 600, 630, 660, 690, 720, 750, 780, 810, 840, 870, 900, 930, 960, 990, 1020, 1050, 1080, 1110, 1140, 1170, 1200, 1230, 1260, 1290, 1320, 1350, 1380, 1410, 1440, 1470, 1499], "train": [2.2499016920725503, 1.5282031695048015, 1.4821574290593464, 1.3785128990809123, 1.2817391157150269, 1.2806869347890217, 1.1585066318511963, 1.045604944229126, 0.9836023251215616, 0.9438261389732361, 0.9320183396339417, 0.7903654177983602, 0.82180255651474, 0.6945259173711141, 0.7552634378274282, 0.6652021408081055, 0.759066085020701, 0.6120064953962961, 0.6200809081395467, 1.2599183320999146, 0.9297531048456827, 0.8345213333765665, 0.7808513045310974, 0.5825983285903931, 0.6240218778451284, 0.5342099567254385, 0.5140020251274109, 0.4697220226128896, 0.4154780904452006, 0.43261126180489856, 0.4112465480963389, 0.41456669569015503, 0.4966782331466675, 0.39469972749551135, 0.4236352741718292, 0.40222809712092084, 0.33360615372657776, 0.39979369441668194, 0.4750486413637797, 0.40561293562253314, 0.3186618785063426, 0.3096504857142766, 0.3843321353197098, 0.34751125673453015, 0.3164517084757487, 0.34245143830776215, 0.4462258666753769, 0.39923881491025287, 0.35227589309215546, 0.34352898101011914, 0.30109099050362903], "ood_acc": [0.1290000081062317, 0.21000000834465027, 0.24400001764297485, 0.23200000822544098, 0.26200002431869507, 0.3110000193119049, 0.2639999985694885, 0.32200002670288086, 0.33800002932548523, 0.33900001645088196, 0.29600000381469727, 0.3840000033378601, 0.3450000286102295, 0.37300002574920654, 0.367000013589859, 0.3620000183582306, 0.3400000035762787, 0.3750000298023224, 0.398000031709671, 0.2970000207424164, 0.3190000057220459, 0.37300002574920654, 0.38700002431869507, 0.39500001072883606, 0.39000001549720764, 0.3880000114440918, 0.4010000228881836, 0.4270000159740448, 0.4000000059604645, 0.39100003242492676, 0.39400002360343933, 0.3800000250339508, 0.38700002431869507, 0.398000031709671, 0.4220000207424164, 0.3700000047683716, 0.36900001764297485, 0.4150000214576721, 0.3920000195503235, 0.41600000858306885, 0.3930000066757202, 0.38600000739097595, 0.4220000207424164, 0.3880000114440918, 0.39400002360343933, 0.4020000100135803, 0.34300002455711365, 0.3630000054836273, 0.40300002694129944, 0.38700002431869507, 0.3920000195503235], "ood_ce": [2.274171829223633, 2.111673355102539, 1.9868866205215454, 2.0852227210998535, 2.129648208618164, 1.8959803581237793, 2.056394338607788, 1.9597265720367432, 1.9905500411987305, 2.0601871013641357, 2.0869531631469727, 1.9119300842285156, 2.1131958961486816, 1.9654231071472168, 1.9832457304000854, 1.9477773904800415, 2.083906412124634, 1.9757198095321655, 2.065376043319702, 2.087301731109619, 2.0564072132110596, 1.849553108215332, 1.944677710533142, 2.1414027214050293, 1.9863992929458618, 2.0449697971343994, 2.019670248031616, 2.0544848442077637, 2.2310523986816406, 2.1502511501312256, 2.2345476150512695, 2.2963929176330566, 2.1557016372680664, 2.2147109508514404, 1.8949637413024902, 2.272590160369873, 2.511023759841919, 2.254403591156006, 2.3568227291107178, 2.0622315406799316, 2.4675424098968506, 2.429694652557373, 2.382845640182495, 2.3625881671905518, 2.632694721221924, 2.4128456115722656, 2.478994846343994, 2.465468645095825, 2.3669445514678955, 2.394420623779297, 2.4280271530151367]}