{"step": [0, 30, 60, 90, 120, 150, 180, 210, 240, 270, 300, 330, 360, 390, 420, 450, 480, 510, 540, 570, 600, 630, 660, 690, 720, 750, 780, 810, 840, 870, 900, 930, 960, 990, 1020, 1050, 1080, 1110, 1140, 1170, 1200, 1230, 1260, 1290, 1320, 1350, 1380, 1410, 1440, 1470, 1499], "train": [2.263763904571533, 1.5590080817540486, 1.4014834960301716, 1.320834795633952, 1.3447279930114746, 1.2426175673802693, 1.1619436939557393, 1.1330707669258118, 1.0682173768679302, 0.9940525690714518, 0.9169314901034037, 0.8286820650100708, 0.8193526864051819, 0.8004605571428934, 0.7060904800891876, 0.6784574886163076, 0.6703715821107229, 0.6148881316184998, 0.6946666042009989, 0.5698675413926443, 0.5233469009399414, 0.48349199692408246, 0.5484845538934072, 0.5382312337557474, 8.52884872754415, 5.5414252281188965, 1.6918572584788005, 1.4418477614720662, 1.2688308556874592, 1.1450522939364116, 1.0710021058718364, 0.9764234026273092, 0.9058217207590739, 0.8633910417556763, 0.8273566464583079, 0.805505226055781, 0.7527936398983002, 0.7252602477868398, 0.7060280442237854, 0.6795689364274343, 0.6520709097385406, 0.6307239333788554, 0.6186944544315338, 0.6353102227052053, 0.5808019042015076, 0.5880123873551687, 0.5937019387880961, 0.5400649309158325, 0.5313057949145635, 0.5322055816650391, 0.5073029597600301], "ood_acc": [0.13700000941753387, 0.21000000834465027, 0.22200001776218414, 0.2550000250339508, 0.2770000100135803, 0.23200000822544098, 0.2540000081062317, 0.2939999997615814, 0.3020000159740448, 0.2939999997615814, 0.3190000057220459, 0.35500001907348633, 0.30900001525878906, 0.3190000057220459, 0.35600000619888306, 0.3370000123977661, 0.359000027179718, 0.367000013589859, 0.3440000116825104, 0.3800000250339508, 0.3700000047683716, 0.3790000081062317, 0.33000001311302185, 0.34700000286102295, 0.30300000309944153, 0.16700001060962677, 0.23100000619888306, 0.25200000405311584, 0.27800002694129944, 0.2930000126361847, 0.2990000247955322, 0.30800002813339233, 0.3320000171661377, 0.3320000171661377, 0.32500001788139343, 0.3400000035762787, 0.35200002789497375, 0.3400000035762787, 0.3500000238418579, 0.3620000183582306, 0.3530000150203705, 0.3500000238418579, 0.34700000286102295, 0.33000001311302185, 0.3580000102519989, 0.3750000298023224, 0.33400002121925354, 0.36500000953674316, 0.3720000088214874, 0.367000013589859, 0.3580000102519989], "ood_ce": [2.2952163219451904, 2.071625232696533, 2.1576151847839355, 2.0681912899017334, 2.106187582015991, 2.303292989730835, 2.23481822013855, 2.0212743282318115, 2.1038849353790283, 2.2106738090515137, 2.2227890491485596, 2.21309494972229, 2.164668083190918, 2.394235849380493, 2.1755173206329346, 2.3321661949157715, 2.1669602394104004, 2.243018388748169, 2.393779754638672, 2.1603212356567383, 2.3198561668395996, 2.4925458431243896, 2.509838104248047, 2.5051074028015137, 3.92673397064209, 4.13197135925293, 2.2309601306915283, 2.1034176349639893, 2.020554304122925, 2.036912441253662, 2.0645530223846436, 2.063798427581787, 2.057037353515625, 2.0992846488952637, 2.117161512374878, 2.187206268310547, 2.1221604347229004, 2.20181941986084, 2.1815192699432373, 2.134157180786133, 2.234895944595337, 2.247288465499878, 2.280574321746826, 2.445629835128784, 2.2632482051849365, 2.323838233947754, 2.46465802192688, 2.28314471244812, 2.323791027069092, 2.3692657947540283, 2.3289854526519775]}