{"step": [0, 30, 60, 90, 120, 150, 180, 210, 240, 270, 300, 330, 360, 390, 420, 450, 480, 510, 540, 570, 600, 630, 660, 690, 720, 750, 780, 810, 840, 870, 900, 930, 960, 990, 1020, 1050, 1080, 1110, 1140, 1170, 1200, 1230, 1260, 1290, 1320, 1350, 1380, 1410, 1440, 1470, 1499], "train": [2.2498820622762046, 1.5239797035853069, 1.5214325586954753, 1.392445683479309, 1.2361913323402405, 1.231311519940694, 1.2565613389015198, 1.162639598051707, 1.0428467392921448, 1.130868633588155, 0.8879873553911845, 0.9806246558825175, 1.2102846304575603, 1.0071399807929993, 0.8341567118962606, 0.7591589987277985, 0.8832230369249979, 0.6714911063512167, 0.6193547447522482, 0.6427702009677887, 0.7392743130524954, 0.9293603301048279, 0.8652950922648112, 0.6384167671203613, 0.5599952737490336, 0.5128668248653412, 0.5056649049123129, 0.5228426853815714, 0.4869025746981303, 0.45851555466651917, 0.536156008640925, 0.4394129465023677, 0.4341944356759389, 0.37543558577696484, 0.4169868330160777, 0.3375306725502014, 0.36381828784942627, 0.38033411900202435, 0.36811143159866333, 0.4035782714684804, 0.3303735504547755, 0.37521498401959735, 0.4183567265669505, 0.3956928650538127, 0.40995876491069794, 0.3661912928024928, 0.3257987896601359, 0.33625029524167377, 0.27665762851635617, 0.2800608028968175, 0.2713180085023244], "ood_acc": [0.1290000081062317, 0.2120000123977661, 0.24700000882148743, 0.24800001084804535, 0.24800001084804535, 0.30400002002716064, 0.25600001215934753, 0.3050000071525574, 0.30900001525878906, 0.2639999985694885, 0.32100000977516174, 0.36100003123283386, 0.27800002694129944, 0.31200000643730164, 0.33100003004074097, 0.34300002455711365, 0.33500000834465027, 0.3850000202655792, 0.39100003242492676, 0.3490000069141388, 0.3450000286102295, 0.38200002908706665, 0.3150000274181366, 0.40300002694129944, 0.39000001549720764, 0.4010000228881836, 0.4300000071525574, 0.3960000276565552, 0.40700000524520874, 0.38700002431869507, 0.35200002789497375, 0.37800002098083496, 0.41600000858306885, 0.3920000195503235, 0.39400002360343933, 0.36400002241134644, 0.4020000100135803, 0.40800002217292786, 0.37800002098083496, 0.41600000858306885, 0.3960000276565552, 0.4180000126361847, 0.3920000195503235, 0.40400001406669617, 0.36500000953674316, 0.37300002574920654, 0.40300002694129944, 0.40300002694129944, 0.4230000078678131, 0.37800002098083496, 0.4100000262260437], "ood_ce": [2.274162530899048, 2.1110639572143555, 1.9713695049285889, 2.0069291591644287, 2.184896945953369, 1.948582410812378, 2.1373491287231445, 2.0219674110412598, 1.9712719917297363, 2.071178436279297, 2.076141834259033, 1.9686042070388794, 2.1261003017425537, 1.9631843566894531, 2.0634920597076416, 2.055769920349121, 2.1075680255889893, 2.068661689758301, 1.9787718057632446, 2.191448926925659, 2.126169204711914, 2.0526790618896484, 1.9959423542022705, 1.9574967622756958, 2.0806572437286377, 2.0425636768341064, 2.0342464447021484, 2.2279012203216553, 2.216787338256836, 2.277147054672241, 2.279750347137451, 2.187488079071045, 2.32051157951355, 2.3552732467651367, 2.21956729888916, 2.514376163482666, 2.4433910846710205, 2.5149242877960205, 2.6522676944732666, 2.424908399581909, 2.498703956604004, 2.821197509765625, 2.4587440490722656, 2.3201560974121094, 2.688971996307373, 2.565749406814575, 2.7905430793762207, 2.63824462890625, 2.3142783641815186, 2.7612662315368652, 2.689901351928711]}