{"step": [0, 30, 60, 90, 120, 150, 180, 210, 240, 270, 300, 330, 360, 390, 420, 450, 480, 510, 540, 570, 600, 630, 660, 690, 720, 750, 780, 810, 840, 870, 900, 930, 960, 990, 1020, 1050, 1080, 1110, 1140, 1170, 1200, 1230, 1260, 1290, 1320, 1350, 1380, 1410, 1440, 1470, 1499], "train": [2.201472759246826, 1.5912846326828003, 1.4598312775293987, 1.4003799359003704, 1.342743198076884, 1.315141995747884, 1.2088183363278706, 1.1216858426729839, 1.0586738387743633, 0.988509992758433, 0.9397267897923788, 0.8284026781717936, 0.7605988184611002, 0.7558193604151408, 0.6937215626239777, 0.6387444535891215, 0.635994553565979, 0.588830292224884, 0.558213452498118, 0.6584902207056681, 1.1584869623184204, 4.295962413152059, 13.975157101949057, 2.5042800903320312, 2.1423073609670005, 1.9649479786554973, 1.8662366072336833, 1.7710926532745361, 1.6575029691060383, 1.622212807337443, 1.5729657411575317, 1.5092270771662395, 1.5229490995407104, 1.4347598552703857, 1.4114697376887004, 1.3814048369725545, 1.3904707034428914, 1.3850566148757935, 1.3666040102640789, 1.3070249557495117, 1.2808045546213787, 1.2751368284225464, 1.3119902610778809, 1.281378706296285, 1.2457635800043743, 1.2426931460698445, 1.2255590359369914, 1.2308417956034343, 1.2108843326568604, 1.19745934009552, 1.220495065053304], "ood_acc": [0.17600001394748688, 0.23900000751018524, 0.20800000429153442, 0.24500000476837158, 0.20900000631809235, 0.2200000137090683, 0.27000001072883606, 0.2460000067949295, 0.2550000250339508, 0.30300000309944153, 0.3500000238418579, 0.3140000104904175, 0.3400000035762787, 0.36100003123283386, 0.3490000069141388, 0.36900001764297485, 0.3750000298023224, 0.3750000298023224, 0.3490000069141388, 0.3580000102519989, 0.33400002121925354, 0.21900001168251038, 0.10600000619888306, 0.12200000882148743, 0.14800000190734863, 0.1860000044107437, 0.19600000977516174, 0.2070000171661377, 0.22200001776218414, 0.25, 0.23500001430511475, 0.2290000170469284, 0.2160000056028366, 0.25, 0.2510000169277191, 0.27800002694129944, 0.25699999928474426, 0.2510000169277191, 0.29600000381469727, 0.281000018119812, 0.28200000524520874, 0.29200002551078796, 0.27000001072883606, 0.3100000023841858, 0.32600000500679016, 0.2800000011920929, 0.31700000166893005, 0.2880000174045563, 0.29600000381469727, 0.3270000219345093, 0.3140000104904175], "ood_ce": [2.2433395385742188, 2.063342809677124, 2.0594165325164795, 2.02034330368042, 2.175779342651367, 2.3142213821411133, 2.138453722000122, 2.148388147354126, 2.2699434757232666, 2.046450138092041, 2.0065996646881104, 2.1833739280700684, 2.083571434020996, 2.0867245197296143, 2.060471534729004, 1.9659756422042847, 2.0875391960144043, 2.1370561122894287, 2.0995192527770996, 2.222590923309326, 2.3030083179473877, 3.128730297088623, 13.471256256103516, 2.602489709854126, 2.310844659805298, 2.2106215953826904, 2.1757454872131348, 2.1340487003326416, 2.0742080211639404, 2.099846601486206, 2.0596368312835693, 2.08870530128479, 2.205288887023926, 2.0846829414367676, 2.082582950592041, 2.050051689147949, 2.0863301753997803, 2.147176504135132, 2.0113401412963867, 2.044532537460327, 2.019909381866455, 2.057650327682495, 2.052826166152954, 2.005223512649536, 1.9863560199737549, 2.0990588665008545, 2.0014278888702393, 2.0754027366638184, 2.1057398319244385, 1.9588639736175537, 1.985600471496582]}