{"step": [0, 30, 60, 90, 120, 150, 180, 210, 240, 270, 300, 330, 360, 390, 420, 450, 480, 510, 540, 570, 600, 630, 660, 690, 720, 750, 780, 810, 840, 870, 900, 930, 960, 990, 1020, 1050, 1080, 1110, 1140, 1170, 1200, 1230, 1260, 1290, 1320, 1350, 1380, 1410, 1440, 1470, 1499], "train": [2.2138802210489907, 1.5450231631596882, 1.5116389989852905, 1.6987381378809612, 1.3880894581476848, 1.3084954818089802, 1.2113802035649617, 1.580769379933675, 1.424393653869629, 1.208681623140971, 1.1819605429967244, 1.1219152609507244, 1.0640770594278972, 0.99492347240448, 0.9222425222396851, 0.8338102002938589, 0.8894554376602173, 0.827669362227122, 0.878560483455658, 1.295095443725586, 0.9574571251869202, 1.0147483547528584, 0.936818798383077, 0.7936652104059855, 0.8408652742703756, 0.8586460749308268, 0.8925450046857198, 0.7611368298530579, 0.6734446088473002, 0.7188899119695028, 0.7638719081878662, 0.8311892549196879, 0.8584838708241781, 0.6781672636667887, 0.7280227442582449, 0.6498437424500784, 0.7095504601796468, 0.6899241209030151, 0.7174400985240936, 0.6458863317966461, 0.7379574577013651, 0.6443023284276327, 0.8608636061350504, 0.7991318305333456, 0.8110975424448649, 0.7247865001360575, 0.6143818199634552, 0.6759163240591685, 0.5735829472541809, 1.273434003194173, 16357.829427083334], "ood_acc": [0.13199999928474426, 0.2639999985694885, 0.25200000405311584, 0.2150000035762787, 0.2800000011920929, 0.2639999985694885, 0.29100000858306885, 0.289000004529953, 0.3100000023841858, 0.3230000138282776, 0.2760000228881836, 0.367000013589859, 0.3230000138282776, 0.30800002813339233, 0.320000022649765, 0.3150000274181366, 0.3500000238418579, 0.34200000762939453, 0.367000013589859, 0.26100000739097595, 0.29600000381469727, 0.33400002121925354, 0.34800001978874207, 0.3580000102519989, 0.36900001764297485, 0.31800001859664917, 0.3790000081062317, 0.36100003123283386, 0.37300002574920654, 0.3490000069141388, 0.35100001096725464, 0.3360000252723694, 0.36000001430511475, 0.3630000054836273, 0.33000001311302185, 0.3790000081062317, 0.3290000259876251, 0.35100001096725464, 0.3290000259876251, 0.3620000183582306, 0.3710000216960907, 0.3410000205039978, 0.3570000231266022, 0.3410000205039978, 0.3440000116825104, 0.3850000202655792, 0.3070000112056732, 0.3400000035762787, 0.3540000021457672, 0.3050000071525574, 0.09800000488758087], "ood_ce": [2.2564048767089844, 2.0616579055786133, 1.96991765499115, 2.1065545082092285, 1.9069349765777588, 1.9800561666488647, 1.9437006711959839, 2.0522994995117188, 2.0219531059265137, 2.021907091140747, 2.082698345184326, 1.9088836908340454, 1.9123661518096924, 2.153705596923828, 2.121141195297241, 2.09395432472229, 1.9949824810028076, 2.007244110107422, 2.038205623626709, 2.023505687713623, 2.0730834007263184, 1.9189651012420654, 2.0213584899902344, 2.0323052406311035, 2.1041486263275146, 2.0755317211151123, 2.017345428466797, 2.044645071029663, 1.9594048261642456, 2.1612460613250732, 2.062544822692871, 1.984276294708252, 1.9309639930725098, 2.1375699043273926, 2.0856008529663086, 2.0845301151275635, 2.0827910900115967, 2.2753264904022217, 2.18009090423584, 2.104363441467285, 2.157956838607788, 2.1777098178863525, 2.276299476623535, 2.1511147022247314, 2.1452102661132812, 2.0424273014068604, 2.3581018447875977, 2.3659591674804688, 2.0816948413848877, 2.380692958831787, 10577.6826171875]}