{"step": [0, 30, 60, 90, 120, 150, 180, 210, 240, 270, 300, 330, 360, 390, 420, 450, 480, 510, 540, 570, 600, 630, 660, 690, 720, 750, 780, 810, 840, 870, 900, 930, 960, 990, 1020, 1050, 1080, 1110, 1140, 1170, 1200, 1230, 1260, 1290, 1320, 1350, 1380, 1410, 1440, 1470, 1499], "train": [2.295447587966919, 1.7492464383443196, 1.54303244749705, 1.4650473594665527, 1.3626662890116374, 1.3089757363001506, 1.3157903750737507, 1.2871729532877605, 1.218719224135081, 1.1825955510139465, 1.1911035180091858, 1.136667291323344, 1.1548946499824524, 1.0188857714335124, 1.0091455976168315, 0.9485835433006287, 0.9138527115186056, 0.877541740735372, 0.8299696842829386, 0.8095299005508423, 0.7761322557926178, 0.7472719053427378, 0.6884280443191528, 0.6662418146928152, 0.6977392236391703, 0.6257665654023489, 0.6161013344923655, 0.6853133738040924, 0.6307781040668488, 0.5504687329133352, 0.5241540670394897, 0.5094569226106008, 0.5040570994218191, 0.4770965774854024, 0.45866553485393524, 0.46376847724119824, 0.42512714366118115, 0.4559473991394043, 0.40504888196786243, 0.43149664004643756, 0.4210081100463867, 0.3905928035577138, 0.36805369953314465, 0.372036745150884, 0.36254629989465076, 0.3717525204022725, 0.3731438120206197, 0.36235154668490094, 0.3143472373485565, 0.29323379198710126, 0.26139641801516217], "ood_acc": [0.0990000069141388, 0.2330000102519989, 0.2070000171661377, 0.22300000488758087, 0.24000000953674316, 0.23800000548362732, 0.19600000977516174, 0.2680000066757202, 0.22200001776218414, 0.25300002098083496, 0.32200002670288086, 0.24700000882148743, 0.34700000286102295, 0.3050000071525574, 0.2980000078678131, 0.35200002789497375, 0.3370000123977661, 0.37800002098083496, 0.3290000259876251, 0.35500001907348633, 0.36500000953674316, 0.3530000150203705, 0.3850000202655792, 0.36000001430511475, 0.3500000238418579, 0.3850000202655792, 0.3700000047683716, 0.3920000195503235, 0.3790000081062317, 0.3880000114440918, 0.36500000953674316, 0.3920000195503235, 0.3840000033378601, 0.37700000405311584, 0.3800000250339508, 0.3830000162124634, 0.39500001072883606, 0.40400001406669617, 0.3760000169277191, 0.3920000195503235, 0.39900001883506775, 0.42000001668930054, 0.41600000858306885, 0.40700000524520874, 0.3960000276565552, 0.4050000309944153, 0.3920000195503235, 0.39000001549720764, 0.4130000174045563, 0.4180000126361847, 0.39100003242492676], "ood_ce": [2.298679828643799, 1.9949537515640259, 2.0609261989593506, 2.0841493606567383, 2.0484344959259033, 2.051360607147217, 2.254807710647583, 2.050262928009033, 2.2980563640594482, 2.068206310272217, 1.9494080543518066, 2.475531578063965, 1.8753339052200317, 2.2519922256469727, 2.2179043292999268, 1.9714136123657227, 2.086207389831543, 1.92416512966156, 2.2439045906066895, 2.1356582641601562, 2.2441158294677734, 2.3578217029571533, 2.1393518447875977, 2.3215441703796387, 2.3902134895324707, 2.127208709716797, 2.3572306632995605, 2.4278697967529297, 2.2223966121673584, 2.26999568939209, 2.596137523651123, 2.397000789642334, 2.453960418701172, 2.42134690284729, 2.796931743621826, 2.6430764198303223, 2.5675158500671387, 2.438448905944824, 2.543508529663086, 2.460299015045166, 2.598315954208374, 2.7044126987457275, 2.6115243434906006, 2.6160178184509277, 2.8047420978546143, 2.887200355529785, 2.883915901184082, 2.791661024093628, 2.718045234680176, 3.095470666885376, 2.948427200317383]}