{"step": [0, 30, 60, 90, 120, 150, 180, 210, 240, 270, 300, 330, 360, 390, 420, 450, 480, 510, 540, 570, 600, 630, 660, 690, 720, 750, 780, 810, 840, 870, 900, 930, 960, 990, 1020, 1050, 1080, 1110, 1140, 1170, 1200, 1230, 1260, 1290, 1320, 1350, 1380, 1410, 1440, 1470, 1499], "train": [2.2150328159332275, 10.376796245574951, 64.04177602132161, 5.8640570640563965, 2.3506534099578857, 2.257432460784912, 2.235257943471273, 2.221658229827881, 2.2091532548268638, 2.187692324320475, 2.164806048075358, 2.1241517066955566, 2.0792590777079263, 1.9894149700800579, 1.9214222431182861, 1.8543088833491008, 1.8084609905878704, 1.7881975968678792, 1.8233104546864827, 1.7462489207585652, 1.7397422393163045, 1.7300633986790974, 1.7389310995737712, 1.7109309434890747, 1.7077338298161824, 1.7205098867416382, 1.7103135585784912, 1.7129656473795574, 1.7059778769810994, 1.6903631289800007, 1.6975564161936443, 1.7066185474395752, 1.6967995166778564, 1.6917487382888794, 1.6870393753051758, 1.6867367029190063, 1.6825408140818279, 1.6804462273915608, 1.679722785949707, 1.6747910181681316, 1.6841971079508464, 1.6954019864400227, 1.6964157025019329, 1.6853967905044556, 1.6778180599212646, 1.6995768149693806, 1.676675796508789, 1.6898361047108967, 1.6775063673655193, 1.674747387568156, 1.6766376495361328], "ood_acc": [0.15200001001358032, 0.1210000067949295, 0.08300000429153442, 0.0950000062584877, 0.10400000214576721, 0.1300000101327896, 0.11600000411272049, 0.12400000542402267, 0.13300000131130219, 0.15200001001358032, 0.16900001466274261, 0.1550000011920929, 0.17600001394748688, 0.17000000178813934, 0.18700000643730164, 0.2120000123977661, 0.20500001311302185, 0.21700000762939453, 0.1940000057220459, 0.22300000488758087, 0.21900001168251038, 0.23100000619888306, 0.23100000619888306, 0.23500001430511475, 0.23200000822544098, 0.22300000488758087, 0.2290000170469284, 0.23000000417232513, 0.2200000137090683, 0.2070000171661377, 0.2110000103712082, 0.22200001776218414, 0.21000000834465027, 0.20200000703334808, 0.20400001108646393, 0.21400001645088196, 0.2120000123977661, 0.22100001573562622, 0.2120000123977661, 0.2150000035762787, 0.2240000069141388, 0.2240000069141388, 0.22100001573562622, 0.21400001645088196, 0.22300000488758087, 0.22500000894069672, 0.2150000035762787, 0.21300001442432404, 0.22100001573562622, 0.20400001108646393, 0.20900000631809235], "ood_ce": [2.3650877475738525, 9.426717758178711, 59.00505447387695, 6.168269634246826, 2.4139442443847656, 2.3118457794189453, 2.3085134029388428, 2.2922487258911133, 2.2803149223327637, 2.262739658355713, 2.241056203842163, 2.2169477939605713, 2.1852340698242188, 2.1494977474212646, 2.118049144744873, 2.0957529544830322, 2.0908737182617188, 2.0764291286468506, 2.1434693336486816, 2.0746207237243652, 2.0815517902374268, 2.105886936187744, 2.0636346340179443, 2.0661370754241943, 2.064797878265381, 2.077253580093384, 2.069136619567871, 2.071211814880371, 2.059021472930908, 2.063946008682251, 2.0764408111572266, 2.074756145477295, 2.0499043464660645, 2.0857808589935303, 2.0623044967651367, 2.071298599243164, 2.0685861110687256, 2.067871332168579, 2.0787909030914307, 2.0638771057128906, 2.0541882514953613, 2.081774950027466, 2.0699703693389893, 2.056356906890869, 2.0539214611053467, 2.0624914169311523, 2.063184976577759, 2.0646541118621826, 2.0506532192230225, 2.0516562461853027, 2.059551477432251]}