{"step": [0, 30, 60, 90, 120, 150, 180, 210, 240, 270, 300, 330, 360, 390, 420, 450, 480, 510, 540, 570, 600, 630, 660, 690, 720, 750, 780, 810, 840, 870, 900, 930, 960, 990, 1020, 1050, 1080, 1110, 1140, 1170, 1200, 1230, 1260, 1290, 1320, 1350, 1380, 1410, 1440, 1470, 1499], "train": [2.272301514943441, 1.6484439770380657, 1.5036857922871907, 1.3405962785085042, 1.2415371338526409, 1.2577821016311646, 1.2089520494143169, 1.1607594688733418, 1.0644368529319763, 1.01290363073349, 0.9478211402893066, 0.8776532411575317, 0.8174631396929423, 0.7544265886147817, 0.7521438399950663, 0.72996253768603, 0.7830536266167959, 0.7827526132265726, 0.6118530730406443, 0.6571030815442404, 0.597218374411265, 0.5840445558230082, 0.5670967002709707, 0.4924234251181285, 0.48299625515937805, 0.45251424113909405, 0.4875333309173584, 0.4319339295228322, 0.41142942011356354, 0.46825215220451355, 0.39983417590459186, 0.620024710893631, 0.43135326107343036, 0.5383828083674113, 0.49734313289324444, 0.37020282447338104, 0.356953501701355, 0.34745219349861145, 0.3430527498324712, 0.3241528471310933, 0.26475246747334796, 0.348333681623141, 0.2918674498796463, 0.25278303027153015, 0.2785454988479614, 0.2942201594511668, 0.24767988423506418, 0.22855306913455328, 0.28535279631614685, 0.27928459147612256, 0.288159375389417], "ood_acc": [0.13300000131130219, 0.22300000488758087, 0.21300001442432404, 0.242000013589859, 0.2460000067949295, 0.25600001215934753, 0.24900001287460327, 0.27000001072883606, 0.2720000147819519, 0.3020000159740448, 0.31700000166893005, 0.35600000619888306, 0.3410000205039978, 0.37800002098083496, 0.3460000157356262, 0.33900001645088196, 0.3930000066757202, 0.3360000252723694, 0.4010000228881836, 0.3660000264644623, 0.39000001549720764, 0.42900002002716064, 0.37700000405311584, 0.40700000524520874, 0.38100001215934753, 0.3800000250339508, 0.3970000147819519, 0.3800000250339508, 0.367000013589859, 0.37400001287460327, 0.3790000081062317, 0.35600000619888306, 0.4000000059604645, 0.34700000286102295, 0.38100001215934753, 0.37800002098083496, 0.4180000126361847, 0.40800002217292786, 0.4130000174045563, 0.4130000174045563, 0.41100001335144043, 0.3960000276565552, 0.398000031709671, 0.40300002694129944, 0.40400001406669617, 0.43300002813339233, 0.42000001668930054, 0.40300002694129944, 0.3830000162124634, 0.37800002098083496, 0.4090000092983246], "ood_ce": [2.2869350910186768, 2.080214500427246, 2.078839063644409, 2.0921943187713623, 2.210191011428833, 2.0426127910614014, 2.1329550743103027, 2.163590431213379, 2.158027172088623, 2.0917110443115234, 2.0043694972991943, 2.0068283081054688, 2.013530969619751, 2.132413387298584, 2.213783025741577, 2.2899434566497803, 1.9937599897384644, 2.2720088958740234, 2.014634609222412, 2.1978225708007812, 2.0803165435791016, 1.965044379234314, 2.128121852874756, 2.0915822982788086, 2.130845069885254, 2.3520092964172363, 2.1076791286468506, 2.2686607837677, 2.5294816493988037, 2.3043694496154785, 2.3577733039855957, 2.2783010005950928, 2.224940299987793, 2.3735103607177734, 2.207211971282959, 2.3936281204223633, 2.464268445968628, 2.3349013328552246, 2.4647185802459717, 2.2323033809661865, 2.4776647090911865, 2.5807199478149414, 2.5778560638427734, 2.492288827896118, 2.7221875190734863, 2.5260562896728516, 2.7195327281951904, 2.9583139419555664, 2.7348968982696533, 2.8517611026763916, 2.8402960300445557]}