{"step": [0, 30, 60, 90, 120, 150, 180, 210, 240, 270, 300, 330, 360, 390, 420, 450, 480, 510, 540, 570, 600, 630, 660, 690, 720, 750, 780, 810, 840, 870, 900, 930, 960, 990, 1020, 1050, 1080, 1110, 1140, 1170, 1200, 1230, 1260, 1290, 1320, 1350, 1380, 1410, 1440, 1470, 1499], "train": [2.2442475159962973, 1.614925702412923, 1.4319185415903728, 1.3422289689381917, 1.2992937962214153, 1.2088959415753682, 1.1417201956113179, 1.0362332264582317, 0.9682429234186808, 0.9115612904230753, 0.8360400994618734, 0.7872636715571085, 0.7749192516009012, 0.6907999118169149, 0.6508790155251821, 0.6607678035895029, 0.5880236327648163, 0.5984498560428619, 0.5604423681894938, 0.5239390035470327, 0.6676812469959259, 0.522030790646871, 0.47704775134722394, 0.4271586189667384, 0.43349048495292664, 0.43837714195251465, 0.39919432004292804, 0.385751078526179, 0.3416222830613454, 0.33571071922779083, 0.3198712219794591, 0.32214213411013287, 0.31891222298145294, 0.33705298602581024, 0.2920767515897751, 0.2341787020365397, 0.32461708784103394, 0.29943478604157764, 0.25824132561683655, 0.2771209478378296, 0.2628226081530253, 0.23166036109129587, 0.5358618994553884, 0.5543391505877177, 0.35558021068573, 0.33460332949956256, 0.3382669488588969, 0.25009006758530933, 0.2679063230752945, 0.23040160536766052, 0.23526984453201294], "ood_acc": [0.15900000929832458, 0.22500000894069672, 0.2460000067949295, 0.23200000822544098, 0.26500001549720764, 0.23900000751018524, 0.2760000228881836, 0.27900001406669617, 0.2990000247955322, 0.3150000274181366, 0.3460000157356262, 0.33000001311302185, 0.2970000207424164, 0.33000001311302185, 0.3500000238418579, 0.3540000021457672, 0.3530000150203705, 0.3450000286102295, 0.36500000953674316, 0.3320000171661377, 0.3060000240802765, 0.4010000228881836, 0.3750000298023224, 0.39100003242492676, 0.35600000619888306, 0.37300002574920654, 0.39500001072883606, 0.3920000195503235, 0.38200002908706665, 0.36400002241134644, 0.3760000169277191, 0.3830000162124634, 0.3720000088214874, 0.38100001215934753, 0.3890000283718109, 0.3750000298023224, 0.3750000298023224, 0.3790000081062317, 0.39500001072883606, 0.40300002694129944, 0.38700002431869507, 0.3710000216960907, 0.33800002932548523, 0.32600000500679016, 0.35600000619888306, 0.38100001215934753, 0.38100001215934753, 0.39900001883506775, 0.367000013589859, 0.39400002360343933, 0.38200002908706665], "ood_ce": [2.270321846008301, 2.0144169330596924, 2.030684471130371, 2.112919330596924, 2.054795265197754, 2.1542623043060303, 2.077755928039551, 2.0499417781829834, 2.1782047748565674, 2.0889406204223633, 1.9889706373214722, 2.221005439758301, 2.2694761753082275, 2.102720022201538, 2.10434627532959, 2.0693764686584473, 2.224597930908203, 2.2581169605255127, 2.3785088062286377, 2.624861478805542, 2.1480586528778076, 2.1563527584075928, 2.329238176345825, 2.2429394721984863, 2.6284377574920654, 2.324845552444458, 2.3459205627441406, 2.3006908893585205, 2.6694369316101074, 2.7014272212982178, 2.473257064819336, 2.601184129714966, 2.6807291507720947, 2.5717215538024902, 2.6808252334594727, 3.021505117416382, 3.0068142414093018, 2.681816577911377, 2.891620635986328, 2.748900890350342, 2.662834882736206, 2.7983810901641846, 3.1870498657226562, 2.2630763053894043, 2.4530391693115234, 2.2967824935913086, 2.6569690704345703, 2.5500123500823975, 2.6762166023254395, 2.73527193069458, 2.824857473373413]}