{"step": [0, 30, 60, 90, 120, 150, 180, 210, 240, 270, 300, 330, 360, 390, 420, 450, 480, 510, 540, 570, 600, 630, 660, 690, 720, 750, 780, 810, 840, 870, 900, 930, 960, 990, 1020, 1050, 1080, 1110, 1140, 1170, 1200, 1230, 1260, 1290, 1320, 1350, 1380, 1410, 1440, 1470, 1499], "train": [2.225928862889608, 1.4646140734354656, 1.3715296188990276, 1.3329568306605022, 1.2218066056569417, 1.2109000086784363, 1.1422574122746785, 0.9877801338831583, 0.9851010243097941, 0.8994017044703165, 0.7833872238794962, 0.7650749584039053, 0.6927688717842102, 0.6360797782739004, 0.650866856177648, 0.6162784099578857, 0.700776199499766, 4.868251403172811, 2.2783440748850503, 1.783545732498169, 1.5450578133265178, 1.4254432519276936, 1.4596684376398723, 1.3079262971878052, 1.295498251914978, 1.1991363167762756, 1.2359376549720764, 1.126749595006307, 1.1221812963485718, 1.0745094219843547, 1.1209865808486938, 1.048553744951884, 1.007421354452769, 1.0115981101989746, 1.0042847990989685, 1.0154163837432861, 0.9696694016456604, 0.9619647065798441, 0.9417580366134644, 0.9104224443435669, 0.8797882994016012, 0.9362420042355856, 0.8945180972417196, 0.8658831715583801, 0.8652719855308533, 0.8574827909469604, 0.8211428721745809, 0.8171859184900919, 0.8302841981252035, 0.8094990452130636, 0.7768890460332235], "ood_acc": [0.14900000393390656, 0.24800001084804535, 0.2580000162124634, 0.27000001072883606, 0.2840000092983246, 0.23400001227855682, 0.30000001192092896, 0.3230000138282776, 0.33000001311302185, 0.3460000157356262, 0.3450000286102295, 0.3630000054836273, 0.3660000264644623, 0.3410000205039978, 0.34800001978874207, 0.3460000157356262, 0.320000022649765, 0.11100000888109207, 0.15700000524520874, 0.18400001525878906, 0.21900001168251038, 0.2630000114440918, 0.2680000066757202, 0.28200000524520874, 0.2800000011920929, 0.2880000174045563, 0.2680000066757202, 0.2939999997615814, 0.2760000228881836, 0.2720000147819519, 0.2670000195503235, 0.25, 0.29200002551078796, 0.27400001883506775, 0.30800002813339233, 0.2639999985694885, 0.28300002217292786, 0.2639999985694885, 0.26600000262260437, 0.3050000071525574, 0.3070000112056732, 0.3070000112056732, 0.2760000228881836, 0.30900001525878906, 0.3150000274181366, 0.31300002336502075, 0.3100000023841858, 0.35200002789497375, 0.31700000166893005, 0.31700000166893005, 0.27400001883506775], "ood_ce": [2.27656888961792, 2.030503034591675, 1.9689689874649048, 2.029334545135498, 2.0243444442749023, 2.277865409851074, 1.9624922275543213, 2.0644168853759766, 2.049543619155884, 2.0398499965667725, 2.1901586055755615, 2.086649179458618, 2.214613914489746, 2.3623757362365723, 2.299178123474121, 2.2481701374053955, 2.534209966659546, 3.3669018745422363, 2.457451105117798, 2.1623313426971436, 2.1246373653411865, 2.1086583137512207, 2.1634068489074707, 2.018129348754883, 2.08886981010437, 2.0506858825683594, 2.171576738357544, 2.078385591506958, 2.1276028156280518, 2.1936354637145996, 2.1809122562408447, 2.319453477859497, 2.1317317485809326, 2.2254743576049805, 2.203090190887451, 2.3212437629699707, 2.235809326171875, 2.2877440452575684, 2.34592866897583, 2.2504963874816895, 2.1833744049072266, 2.3146393299102783, 2.2999374866485596, 2.194481134414673, 2.2754666805267334, 2.206758975982666, 2.3144540786743164, 2.2170610427856445, 2.278043746948242, 2.401859760284424, 2.5085465908050537]}