{"step": [0, 30, 60, 90, 120, 150, 180, 210, 240, 270, 300, 330, 360, 390, 420, 450, 480, 510, 540, 570, 600, 630, 660, 690, 720, 750, 780, 810, 840, 870, 900, 930, 960, 990, 1020, 1050, 1080, 1110, 1140, 1170, 1200, 1230, 1260, 1290, 1320, 1350, 1380, 1410, 1440, 1470, 1499], "train": [2.2779959042867026, 1.6243387460708618, 1.4290149609247844, 1.358843723932902, 1.2872661749521892, 1.222407579421997, 1.2452123761177063, 1.13223401705424, 1.084289828936259, 0.9982466101646423, 0.953011135260264, 0.9270745515823364, 0.9951793750127157, 0.9672509630521139, 0.8712898294130961, 0.8424433867136637, 0.7604311108589172, 0.7548080682754517, 0.6793773969014486, 0.6947059432665507, 0.6156599720319113, 0.5668985545635223, 0.5602998435497284, 0.5502421259880066, 0.570737232764562, 0.522474855184555, 0.5051058530807495, 0.5356746812661489, 0.635868102312088, 0.6741869151592255, 0.5307283202807108, 0.46934011578559875, 0.4764832655588786, 0.4141501684983571, 0.37776924669742584, 0.38053302466869354, 0.3789655814568202, 0.3551835169394811, 0.3438832759857178, 0.3340371201435725, 0.4823548197746277, 0.38659598926703137, 0.36557654043038684, 0.30095483362674713, 0.38231053451697034, 0.3284592827161153, 0.2661558489004771, 0.2625565479199092, 0.24125330646832785, 0.22308334211508432, 0.22680225471655527], "ood_acc": [0.1290000081062317, 0.24300001561641693, 0.21700000762939453, 0.23500001430511475, 0.2540000081062317, 0.2410000115633011, 0.23400001227855682, 0.3330000042915344, 0.3270000219345093, 0.3710000216960907, 0.3620000183582306, 0.33900001645088196, 0.33800002932548523, 0.320000022649765, 0.3540000021457672, 0.33900001645088196, 0.3920000195503235, 0.398000031709671, 0.36900001764297485, 0.3850000202655792, 0.39100003242492676, 0.3760000169277191, 0.40700000524520874, 0.38100001215934753, 0.34700000286102295, 0.39500001072883606, 0.367000013589859, 0.3920000195503235, 0.40700000524520874, 0.3410000205039978, 0.37300002574920654, 0.4010000228881836, 0.4270000159740448, 0.39900001883506775, 0.4050000309944153, 0.3880000114440918, 0.3920000195503235, 0.40300002694129944, 0.4020000100135803, 0.3920000195503235, 0.3890000283718109, 0.4130000174045563, 0.4000000059604645, 0.41200003027915955, 0.39900001883506775, 0.4090000092983246, 0.41700002551078796, 0.4010000228881836, 0.3750000298023224, 0.39900001883506775, 0.406000018119812], "ood_ce": [2.286644458770752, 1.9811680316925049, 2.262723922729492, 2.1301631927490234, 2.010254144668579, 2.159353494644165, 2.282184362411499, 1.9637588262557983, 2.105600357055664, 1.8769327402114868, 1.9272090196609497, 2.1308224201202393, 2.2695720195770264, 2.031982660293579, 2.0580008029937744, 2.2204113006591797, 2.0975983142852783, 2.008702278137207, 2.181269645690918, 2.240858554840088, 2.1070079803466797, 2.3323512077331543, 2.1386466026306152, 2.292177677154541, 2.329030752182007, 2.1892077922821045, 2.5092549324035645, 2.3017897605895996, 2.178616523742676, 2.2371230125427246, 2.296774387359619, 2.2446706295013428, 2.3662266731262207, 2.3439290523529053, 2.5084176063537598, 2.6938416957855225, 2.690541982650757, 2.6830501556396484, 2.60007905960083, 2.884049415588379, 2.932936906814575, 2.4471793174743652, 2.437457799911499, 2.577049732208252, 2.7217862606048584, 2.370900869369507, 2.6696183681488037, 2.953202486038208, 3.098708152770996, 3.1448488235473633, 3.0153579711914062]}