{"step": [0, 30, 60, 90, 120, 150, 180, 210, 240, 270, 300, 330, 360, 390, 420, 450, 480, 510, 540, 570, 600, 630, 660, 690, 720, 750, 780, 810, 840, 870, 900, 930, 960, 990, 1020, 1050, 1080, 1110, 1140, 1170, 1200, 1230, 1260, 1290, 1320, 1350, 1380, 1410, 1440, 1470, 1499], "train": [2.2832163174947104, 1.6951530774434407, 1.457132617632548, 1.3720425764719646, 1.3598214387893677, 1.309417963027954, 1.2900588512420654, 1.2466562191645305, 1.1829676032066345, 1.1251845558484395, 1.0912046829859416, 1.0470394889513652, 1.006580114364624, 0.9999106327692667, 0.9325188398361206, 0.9088520010312399, 0.8755236268043518, 0.8038622140884399, 0.7952913343906403, 0.7526017626126608, 0.7772956689198812, 0.7178611755371094, 0.6960189441839854, 0.6660696764787039, 0.6420341730117798, 0.6002608140309652, 0.5853618880112966, 0.5667214194933573, 0.5437884628772736, 0.508060539762179, 0.4731241265932719, 0.5272646447022756, 0.47968605160713196, 0.4568301737308502, 0.4826933741569519, 0.426041121284167, 0.41825557748476666, 0.39571299652258557, 0.4432673156261444, 0.37270208199818927, 0.35289272169272107, 0.34217481811841327, 0.32906507452329, 0.3493392964204152, 0.30678019920984906, 0.2894013027350108, 0.26831288635730743, 0.25405894964933395, 0.2548019587993622, 0.24472160140673319, 0.2670510063568751], "ood_acc": [0.1120000034570694, 0.21900001168251038, 0.20900000631809235, 0.2330000102519989, 0.26200002431869507, 0.22300000488758087, 0.2770000100135803, 0.27900001406669617, 0.2850000262260437, 0.2720000147819519, 0.281000018119812, 0.3060000240802765, 0.289000004529953, 0.27900001406669617, 0.3100000023841858, 0.2900000214576721, 0.30300000309944153, 0.3050000071525574, 0.32500001788139343, 0.33800002932548523, 0.3360000252723694, 0.33800002932548523, 0.328000009059906, 0.3150000274181366, 0.35500001907348633, 0.36100003123283386, 0.3660000264644623, 0.34300002455711365, 0.35500001907348633, 0.3490000069141388, 0.359000027179718, 0.35500001907348633, 0.3720000088214874, 0.35600000619888306, 0.3680000305175781, 0.3850000202655792, 0.37300002574920654, 0.36100003123283386, 0.36100003123283386, 0.3840000033378601, 0.37700000405311584, 0.40400001406669617, 0.37700000405311584, 0.34800001978874207, 0.38700002431869507, 0.3920000195503235, 0.36400002241134644, 0.37400001287460327, 0.37800002098083496, 0.36900001764297485, 0.37700000405311584], "ood_ce": [2.3063344955444336, 2.018400192260742, 2.17419171333313, 2.0533523559570312, 2.0432302951812744, 2.233416795730591, 2.034986972808838, 2.0568337440490723, 2.1221394538879395, 2.179032325744629, 2.195216178894043, 2.1623106002807617, 2.207145929336548, 2.5392000675201416, 2.195991039276123, 2.3124184608459473, 2.404296636581421, 2.438965082168579, 2.150735855102539, 2.255303144454956, 2.4453864097595215, 2.2961723804473877, 2.2972679138183594, 2.439941644668579, 2.3125662803649902, 2.3667612075805664, 2.3898396492004395, 2.3265411853790283, 2.5657880306243896, 2.5178487300872803, 2.5539486408233643, 2.587528944015503, 2.403263568878174, 2.6840715408325195, 2.60448956489563, 2.5515029430389404, 2.8063371181488037, 2.713010311126709, 2.63885498046875, 2.4810585975646973, 2.720932960510254, 2.732750415802002, 3.0161571502685547, 3.1633129119873047, 2.767484664916992, 3.0346567630767822, 2.9967992305755615, 3.2439932823181152, 3.2804548740386963, 3.2768666744232178, 3.2958199977874756]}