{"step": [0, 30, 60, 90, 120, 150, 180, 210, 240, 270, 300, 330, 360, 390, 420, 450, 480, 510, 540, 570, 600, 630, 660, 690, 720, 750, 780, 810, 840, 870, 900, 930, 960, 990, 1020, 1050, 1080, 1110, 1140, 1170, 1200, 1230, 1260, 1290, 1320, 1350, 1380, 1410, 1440, 1470, 1499], "train": [2.192997932434082, 1.8648290236790974, 1.7971020539601643, 1.8945841789245605, 21564.012369791668, 570698389.3333334, 759523.0625, 2309092010.6666665, 8304443.0, 1.6302445543417608e+24, 7.217805511980095e+23, 2.7247998521330492e+23, 1.142386924550482e+23, 4.724063739449213e+22, 1.9499716816486198e+22, 7.994238179903767e+21, 3.249786325936474e+21, 1.3091814700465896e+21, 1.9387508974995314e+21, 1.323035560501547e+22, 4.376806127886437e+21, 9.721953823476934e+20, 1.754805047486467e+20, 2.9051594563252474e+19, 3.84339035714294e+18, 6.058150785184344e+17, 8.457046013212536e+16, 1.5556019224576e+16, 983623539534506.6, 85606933026133.33, 21367551426560.0, 2981559434581.3335, 2373194542933.3335, 699157552768.0, 408409700018.6667, 91104285074.66667, 24047844696.0, 1577600942.6666667, 310312332.6666667, 71081001.33333333, 156567619.66666666, 113713428.0, 24442325.0, 5665467.166666667, 3509703.1666666665, 2530314.25, 1822008.375, 1310336.5416666667, 940686.0625, 674033.25, 487480.25], "ood_acc": [0.164000004529953, 0.17000000178813934, 0.2070000171661377, 0.21000000834465027, 0.10500000417232513, 0.10900000482797623, 0.08400000631809235, 0.08300000429153442, 0.10500000417232513, 0.08400000631809235, 0.09600000083446503, 0.09300000220537186, 0.09100000560283661, 0.08900000154972076, 0.08700000494718552, 0.09100000560283661, 0.0860000029206276, 0.08000000566244125, 0.12600000202655792, 0.06100000441074371, 0.049000002443790436, 0.06599999964237213, 0.0820000022649765, 0.09600000083446503, 0.11300000548362732, 0.12200000882148743, 0.1300000101327896, 0.13300000131130219, 0.13500000536441803, 0.14000000059604645, 0.14000000059604645, 0.14000000059604645, 0.12700000405311584, 0.11600000411272049, 0.1120000034570694, 0.11000000685453415, 0.09700000286102295, 0.08000000566244125, 0.07500000298023224, 0.07600000500679016, 0.08100000023841858, 0.08100000023841858, 0.08100000023841858, 0.08100000023841858, 0.0820000022649765, 0.08900000154972076, 0.08700000494718552, 0.08900000154972076, 0.08500000089406967, 0.08700000494718552, 0.0860000029206276], "ood_ce": [2.265608072280884, 2.2635204792022705, 2.2287521362304688, 2.2332942485809326, 24971.154296875, 968226816.0, 1073557.125, 3624886528.0, 7567010.5, 1.5396280946138003e+24, 6.893618156211476e+23, 2.548245836421194e+23, 1.0537566543397835e+23, 4.284994451097969e+22, 1.740758799928971e+22, 7.004469892547562e+21, 2.7911266982111415e+21, 1.10065314954405e+21, 1.5186788150689514e+21, 9.027145697490616e+21, 2.8095863901337797e+21, 5.378735236680201e+20, 8.204078138613406e+19, 1.1225704756825555e+19, 1.3383116719946465e+18, 1.1791602500920934e+17, 1986282251091968.0, 132762312900608.0, 19186319360000.0, 1771234394112.0, 1274227195904.0, 457041739776.0, 723081232384.0, 95778955264.0, 38226579456.0, 72859140096.0, 21645989888.0, 3698424320.0, 26762006.0, 27735352.0, 293084544.0, 94611120.0, 27154574.0, 15067680.0, 5610148.0, 2962297.0, 1749276.625, 1247273.75, 888546.0, 632338.5625, 454481.5]}