{"step": [0, 30, 60, 90, 120, 150, 180, 210, 240, 270, 300, 330, 360, 390, 420, 450, 480, 510, 540, 570, 600, 630, 660, 690, 720, 750, 780, 810, 840, 870, 900, 930, 960, 990, 1020, 1050, 1080, 1110, 1140, 1170, 1200, 1230, 1260, 1290, 1320, 1350, 1380, 1410, 1440, 1470, 1499], "train": [2.289719343185425, 2.060805559158325, 1.6841423511505127, 1.301497220993042, 0.9988157351811727, 0.803010086218516, 0.6711865464846293, 0.5200877785682678, 0.4533444941043854, 0.41009872158368427, 0.3782576620578766, 0.3627294898033142, 0.301910067598025, 0.29100050528844196, 0.2991652687390645, 0.2856004983186722, 0.24409049252669016, 0.2247179994980494, 0.16546193013588587, 0.16147233049074808, 0.18058221538861594, 0.18725291887919107, 0.15682619561751684, 0.1917906552553177, 0.17518957952658334, 0.1735073228677114, 0.1304069459438324, 0.11175811290740967, 0.1335380176703135, 0.11369442194700241, 0.10478882988293965, 0.11901519695917766, 0.20286278674999872, 0.20127753913402557, 0.10606517146031062, 0.10170215864976247, 0.11602690815925598, 0.12674900392691293, 0.09442390004793803, 0.10648530970017116, 0.12219607333342235, 0.11429957300424576, 0.1131955807407697, 0.2642945150534312, 0.1558880334099134, 0.13268267860015234, 0.4077209209402402, 0.09892227997382481, 0.10536643117666245, 0.09060641874869664, 0.10492330292860667], "ood_acc": [0.1120000034570694, 0.18700000643730164, 0.2770000100135803, 0.2750000059604645, 0.29600000381469727, 0.34800001978874207, 0.3710000216960907, 0.40700000524520874, 0.35500001907348633, 0.4130000174045563, 0.43300002813339233, 0.4130000174045563, 0.4230000078678131, 0.45000001788139343, 0.42500001192092896, 0.4230000078678131, 0.4020000100135803, 0.4000000059604645, 0.39000001549720764, 0.40700000524520874, 0.4150000214576721, 0.45000001788139343, 0.4440000355243683, 0.4150000214576721, 0.41100001335144043, 0.40400001406669617, 0.4130000174045563, 0.42000001668930054, 0.40700000524520874, 0.4050000309944153, 0.40800002217292786, 0.4130000174045563, 0.39500001072883606, 0.40800002217292786, 0.39500001072883606, 0.40300002694129944, 0.40400001406669617, 0.398000031709671, 0.406000018119812, 0.41600000858306885, 0.3850000202655792, 0.4220000207424164, 0.4220000207424164, 0.3890000283718109, 0.41600000858306885, 0.39500001072883606, 0.4270000159740448, 0.41200003027915955, 0.4140000343322754, 0.406000018119812, 0.3930000066757202], "ood_ce": [2.3007583618164062, 2.1706082820892334, 1.995333194732666, 2.0606508255004883, 2.1784956455230713, 2.13385272026062, 2.123112201690674, 1.85221266746521, 2.287801504135132, 2.080268621444702, 2.0423989295959473, 2.1957552433013916, 2.184788227081299, 2.3160481452941895, 2.4161579608917236, 2.5977535247802734, 2.4180195331573486, 2.7002503871917725, 2.7746219635009766, 2.691223382949829, 2.8833463191986084, 2.8237874507904053, 2.7154366970062256, 2.5759880542755127, 2.9730710983276367, 2.7455084323883057, 2.8629961013793945, 3.1244707107543945, 3.2832305431365967, 3.09049129486084, 3.0388219356536865, 2.9650793075561523, 3.1049087047576904, 3.177907705307007, 3.253958225250244, 3.512943744659424, 3.549793004989624, 3.4531850814819336, 3.1964261531829834, 3.050048828125, 3.52138090133667, 2.881747245788574, 3.8115546703338623, 3.4669852256774902, 3.3623080253601074, 3.9345383644104004, 3.6077518463134766, 3.6511945724487305, 4.028338432312012, 3.6535704135894775, 4.232097625732422]}