{"step": [0, 30, 60, 90, 120, 150, 180, 210, 240, 270, 300, 330, 360, 390, 420, 450, 480, 510, 540, 570, 600, 630, 660, 690, 720, 750, 780, 810, 840, 870, 900, 930, 960, 990, 1020, 1050, 1080, 1110, 1140, 1170, 1200, 1230, 1260, 1290, 1320, 1350, 1380, 1410, 1440, 1470, 1499], "train": [2.302424589792887, 2.103716770807902, 1.779201825459798, 1.3654775619506836, 1.0148070255915325, 0.8118462562561035, 0.7035951614379883, 0.5819028516610464, 0.5009807546933492, 0.4969708522160848, 0.37533095479011536, 0.344947025179863, 0.30587203800678253, 0.29427050054073334, 0.3154948155085246, 0.2775502900282542, 0.25136519471804303, 0.23701083660125732, 0.22483068207899728, 0.23468749225139618, 0.20859986046950021, 0.22497554123401642, 0.20030653476715088, 0.18417269984881082, 0.13546069959799448, 0.17937143643697104, 0.1656662623087565, 0.15979955593744913, 0.11695628116528194, 0.10412103186051051, 0.11708635340134303, 0.13405658553044, 0.1411758909622828, 0.11128351837396622, 0.1131831556558609, 0.16902373234430948, 0.13255024204651514, 0.1863540584842364, 0.0857218603293101, 0.13872782389322916, 0.12015920132398605, 0.09307271242141724, 0.09600685288508733, 0.09853482246398926, 0.10579054926832517, 0.15651103357474008, 0.1556902900338173, 0.10596152891715367, 0.25267064074675244, 0.13341287275155386, 0.13557413468758264], "ood_acc": [0.11100000888109207, 0.23100000619888306, 0.27400001883506775, 0.31200000643730164, 0.3140000104904175, 0.32100000977516174, 0.3660000264644623, 0.38600000739097595, 0.4050000309944153, 0.41100001335144043, 0.4090000092983246, 0.39400002360343933, 0.4010000228881836, 0.4130000174045563, 0.3960000276565552, 0.4100000262260437, 0.40700000524520874, 0.44300001859664917, 0.4350000321865082, 0.4020000100135803, 0.40400001406669617, 0.3970000147819519, 0.42900002002716064, 0.3850000202655792, 0.41700002551078796, 0.4320000112056732, 0.37400001287460327, 0.4100000262260437, 0.40800002217292786, 0.4230000078678131, 0.39500001072883606, 0.42600002884864807, 0.4360000193119049, 0.4270000159740448, 0.4130000174045563, 0.4180000126361847, 0.41700002551078796, 0.4130000174045563, 0.4010000228881836, 0.40700000524520874, 0.4000000059604645, 0.4300000071525574, 0.39100003242492676, 0.40800002217292786, 0.3680000305175781, 0.4010000228881836, 0.37300002574920654, 0.42900002002716064, 0.41200003027915955, 0.38600000739097595, 0.4000000059604645], "ood_ce": [2.2975423336029053, 2.1657397747039795, 1.9899332523345947, 1.9063361883163452, 2.260010242462158, 2.3162760734558105, 2.229285717010498, 2.169752836227417, 2.3190672397613525, 2.3691868782043457, 2.395326614379883, 2.501145124435425, 2.4628028869628906, 2.7228899002075195, 2.6998884677886963, 2.645371437072754, 2.7161941528320312, 2.578857660293579, 2.9755918979644775, 3.0674753189086914, 3.0475242137908936, 3.2460906505584717, 2.94824481010437, 3.0710108280181885, 2.982139825820923, 3.0225765705108643, 3.26041579246521, 2.8879921436309814, 3.1814041137695312, 3.7294766902923584, 3.785297155380249, 3.336318016052246, 3.4243052005767822, 3.5671396255493164, 3.481496810913086, 3.486755847930908, 3.358921766281128, 3.489405870437622, 3.5133490562438965, 3.3568925857543945, 3.128978967666626, 3.186662197113037, 3.5407814979553223, 3.3589212894439697, 3.3516087532043457, 3.520247220993042, 3.545515775680542, 3.5711944103240967, 4.20224142074585, 3.5806355476379395, 3.421400785446167]}