{"step": [0, 30, 60, 90, 120, 150, 180, 210, 240, 270, 300, 330, 360, 390, 420, 450, 480, 510, 540, 570, 600, 630, 660, 690, 720, 750, 780, 810, 840, 870, 900, 930, 960, 990, 1020, 1050, 1080, 1110, 1140, 1170, 1200, 1230, 1260, 1290, 1320, 1350, 1380, 1410, 1440, 1470, 1499], "train": [2.309722582499186, 2.162259896596273, 1.8079883654912312, 1.3703412214914958, 1.0713408788045247, 0.8193878332773844, 0.6546639601389567, 0.6026910543441772, 0.47012433409690857, 0.4030241171518962, 0.3991708556811015, 0.3000047604242961, 0.24813920756181082, 0.23381538689136505, 0.25395213067531586, 0.2415854980548223, 0.22040616969267526, 0.2730639576911926, 0.24809048573176065, 0.17733119428157806, 0.1820457180341085, 0.14823785672585169, 0.16636467228333154, 0.1561244527498881, 0.12257442126671474, 0.1369879792133967, 0.12728968262672424, 0.10092716415723164, 0.13138085355361304, 0.1633725712696711, 0.13756559789180756, 0.1343651885787646, 0.10415587077538173, 0.14118560155232748, 0.13639934360980988, 0.10290783395369847, 0.11435131480296452, 0.10882349560658137, 0.17179249475399652, 0.2718951801458995, 0.15297582745552063, 0.15445678681135178, 0.12477816641330719, 0.17382112642129263, 0.16570490350325903, 0.08281660825014114, 0.08990801001588504, 0.12186540414889653, 0.18034003426631293, 0.11859861761331558, 0.15803441405296326], "ood_acc": [0.11000000685453415, 0.2150000035762787, 0.27000001072883606, 0.26600000262260437, 0.25, 0.33000001311302185, 0.36000001430511475, 0.3840000033378601, 0.35600000619888306, 0.4020000100135803, 0.367000013589859, 0.36900001764297485, 0.3930000066757202, 0.39500001072883606, 0.39000001549720764, 0.3850000202655792, 0.39000001549720764, 0.38700002431869507, 0.39100003242492676, 0.3960000276565552, 0.42000001668930054, 0.4090000092983246, 0.40700000524520874, 0.4190000295639038, 0.4230000078678131, 0.3930000066757202, 0.4220000207424164, 0.41600000858306885, 0.406000018119812, 0.40700000524520874, 0.4100000262260437, 0.4050000309944153, 0.3840000033378601, 0.39100003242492676, 0.39500001072883606, 0.41200003027915955, 0.4240000247955322, 0.4280000329017639, 0.3700000047683716, 0.33500000834465027, 0.40300002694129944, 0.40800002217292786, 0.3930000066757202, 0.367000013589859, 0.4100000262260437, 0.39900001883506775, 0.3920000195503235, 0.4020000100135803, 0.3660000264644623, 0.39100003242492676, 0.37400001287460327], "ood_ce": [2.3041341304779053, 2.224386215209961, 2.038754463195801, 2.0027847290039062, 2.488508939743042, 2.160313606262207, 2.3149263858795166, 2.014932632446289, 2.3364644050598145, 2.3251280784606934, 2.3707661628723145, 2.3620119094848633, 2.620584011077881, 2.6018354892730713, 2.8499512672424316, 2.6244606971740723, 2.4858295917510986, 2.5107951164245605, 2.6787943840026855, 2.8859143257141113, 2.648857831954956, 2.5776937007904053, 2.7061069011688232, 3.038686990737915, 3.0680136680603027, 3.093517780303955, 2.615220069885254, 3.0786495208740234, 3.1704680919647217, 2.923607587814331, 3.328653335571289, 3.342151641845703, 3.6135969161987305, 4.192873477935791, 3.8579909801483154, 3.242349624633789, 3.456599473953247, 3.778157949447632, 3.3931832313537598, 3.2171080112457275, 2.775667428970337, 3.475843906402588, 4.128430366516113, 4.621862411499023, 3.799710512161255, 3.979041576385498, 4.0570573806762695, 3.890160322189331, 4.186374187469482, 3.5527596473693848, 3.9984261989593506]}