{"step": [0, 30, 60, 90, 120, 150, 180, 210, 240, 270, 300, 330, 360, 390, 420, 450, 480, 510, 540, 570, 600, 630, 660, 690, 720, 750, 780, 810, 840, 870, 900, 930, 960, 990, 1020, 1050, 1080, 1110, 1140, 1170, 1200, 1230, 1260, 1290, 1320, 1350, 1380, 1410, 1440, 1470, 1499], "train": [2.3100438912709556, 2.1155476570129395, 1.7556275129318237, 1.3398444255193074, 1.0057303309440613, 0.8149155378341675, 0.6757739583651224, 0.5996916989485422, 0.5084106028079987, 0.4782784233490626, 0.39732152223587036, 0.3661552270253499, 0.34060750901699066, 0.3261146644751231, 0.2740237017472585, 0.26198669771353406, 0.23062755167484283, 0.22782220939795175, 0.18571370343367258, 0.18654614686965942, 0.16247282922267914, 0.17775300641854605, 0.1598676790793737, 0.13640264173348746, 0.23163818567991257, 0.1867369587222735, 0.1785522997379303, 0.25300300121307373, 0.13352829217910767, 0.126007579267025, 0.13850209365288416, 0.14842539777358374, 0.14835825314124426, 0.19220968584219614, 0.14790709068377814, 0.16517852991819382, 0.10263009617726009, 0.10281123717625935, 0.1135134647289912, 0.12936856846014658, 0.1531965285539627, 0.10897040367126465, 0.1132555678486824, 0.10118454198042552, 0.08463398863871892, 0.09708087891340256, 0.13062703609466553, 0.09043951705098152, 0.4147239029407501, 0.1630426893631617, 0.14148088047901788], "ood_acc": [0.07500000298023224, 0.23800000548362732, 0.2770000100135803, 0.2540000081062317, 0.29500001668930054, 0.36000001430511475, 0.35600000619888306, 0.39900001883506775, 0.4150000214576721, 0.3700000047683716, 0.4130000174045563, 0.41200003027915955, 0.3920000195503235, 0.445000022649765, 0.43400001525878906, 0.42600002884864807, 0.4020000100135803, 0.40700000524520874, 0.41700002551078796, 0.40800002217292786, 0.4520000219345093, 0.4150000214576721, 0.4240000247955322, 0.4190000295639038, 0.4300000071525574, 0.42500001192092896, 0.4230000078678131, 0.4350000321865082, 0.3970000147819519, 0.40400001406669617, 0.43300002813339233, 0.41100001335144043, 0.4400000274181366, 0.4000000059604645, 0.4020000100135803, 0.42600002884864807, 0.39500001072883606, 0.4180000126361847, 0.4150000214576721, 0.42000001668930054, 0.3920000195503235, 0.4400000274181366, 0.4150000214576721, 0.42000001668930054, 0.4230000078678131, 0.43800002336502075, 0.4130000174045563, 0.40400001406669617, 0.3620000183582306, 0.39400002360343933, 0.44300001859664917], "ood_ce": [2.309131383895874, 2.176848888397217, 1.9618456363677979, 2.025719404220581, 2.1908562183380127, 2.083437919616699, 2.3241522312164307, 2.114504337310791, 2.027311086654663, 2.33508038520813, 2.2248167991638184, 2.4208967685699463, 2.313420057296753, 2.517454147338867, 2.5078670978546143, 2.5631558895111084, 2.79656720161438, 2.795414447784424, 2.550985097885132, 2.7671854496002197, 2.3808205127716064, 2.6991043090820312, 2.7364883422851562, 2.8867244720458984, 2.930987596511841, 2.5882999897003174, 2.800107479095459, 3.0525903701782227, 3.302996873855591, 3.264187812805176, 3.170488119125366, 3.5051708221435547, 3.527968406677246, 3.1180927753448486, 3.066915988922119, 2.809105396270752, 3.032202959060669, 3.3232553005218506, 3.501819372177124, 3.456355571746826, 3.7594995498657227, 3.3846287727355957, 3.535510540008545, 3.6612088680267334, 3.3992373943328857, 3.379829168319702, 3.7945516109466553, 3.8231630325317383, 4.7160162925720215, 3.9692132472991943, 3.404815435409546]}