{"step": [0, 30, 60, 90, 120, 150, 180, 210, 240, 270, 300, 330, 360, 390, 420, 450, 480, 510, 540, 570, 600, 630, 660, 690, 720, 750, 780, 810, 840, 870, 900, 930, 960, 990, 1020, 1050, 1080, 1110, 1140, 1170, 1200, 1230, 1260, 1290, 1320, 1350, 1380, 1410, 1440, 1470, 1499], "train": [2.294736623764038, 2.1265110969543457, 1.7900886138280232, 1.3616113662719727, 1.0600809454917908, 0.819598913192749, 0.6870598296324412, 0.5679031113783518, 0.45574862758318585, 0.4499891897042592, 0.36155838270982105, 0.3293987015883128, 0.28397026658058167, 0.32320964833100635, 0.29981230199337006, 0.22439771393934885, 0.22917012621959051, 0.2293978730837504, 0.16923450181881586, 0.18700013309717178, 0.1992852489153544, 0.17658992111682892, 0.18063077330589294, 0.16188760101795197, 0.13912015904982886, 0.11636596669753392, 0.14535892258087793, 0.19768550992012024, 0.12948028494914374, 0.15219522515932718, 0.13378926118214926, 0.14882025370995203, 0.1193790261944135, 0.11719014495611191, 0.10827453186114629, 0.2118327667315801, 0.13387291630109152, 0.15412738422552744, 0.11639797687530518, 0.12730689346790314, 0.08318981404105823, 0.1407536417245865, 0.19867860153317451, 0.10973747571309407, 0.13213651875654855, 0.11001841475566228, 0.09842589497566223, 0.1331139157215754, 0.12338123222192128, 0.15194816639026007, 0.12079684187968572], "ood_acc": [0.11900000274181366, 0.2160000056028366, 0.23800000548362732, 0.28700000047683716, 0.3110000193119049, 0.3530000150203705, 0.3760000169277191, 0.35600000619888306, 0.4020000100135803, 0.3680000305175781, 0.39500001072883606, 0.40800002217292786, 0.4230000078678131, 0.4020000100135803, 0.398000031709671, 0.42900002002716064, 0.3840000033378601, 0.4230000078678131, 0.42900002002716064, 0.4350000321865082, 0.41700002551078796, 0.4100000262260437, 0.4310000240802765, 0.4230000078678131, 0.37700000405311584, 0.4150000214576721, 0.4180000126361847, 0.42600002884864807, 0.41700002551078796, 0.4000000059604645, 0.4190000295639038, 0.38700002431869507, 0.4100000262260437, 0.3970000147819519, 0.4270000159740448, 0.40700000524520874, 0.4190000295639038, 0.4150000214576721, 0.41200003027915955, 0.39900001883506775, 0.38700002431869507, 0.39500001072883606, 0.3920000195503235, 0.39500001072883606, 0.41600000858306885, 0.4220000207424164, 0.40800002217292786, 0.40300002694129944, 0.3930000066757202, 0.41600000858306885, 0.39000001549720764], "ood_ce": [2.3005263805389404, 2.20871901512146, 2.048917770385742, 2.008561611175537, 2.3168563842773438, 2.070420026779175, 2.0754294395446777, 2.110307216644287, 2.0484676361083984, 2.394904375076294, 2.189023733139038, 2.392411708831787, 2.323636531829834, 2.5304291248321533, 2.232898235321045, 2.161831855773926, 2.7982006072998047, 2.4949421882629395, 2.6885669231414795, 2.636284112930298, 2.547961950302124, 2.70574951171875, 2.7153637409210205, 2.9536077976226807, 3.307203769683838, 2.915436029434204, 3.084637403488159, 3.394627094268799, 3.5771970748901367, 3.365752696990967, 3.064288377761841, 2.664278030395508, 2.7547507286071777, 3.181601047515869, 3.3511085510253906, 3.482029438018799, 3.3007490634918213, 3.068565607070923, 3.3215887546539307, 3.5994608402252197, 3.2312939167022705, 3.7185699939727783, 3.8928282260894775, 3.3325939178466797, 3.5383994579315186, 3.2218713760375977, 3.3002521991729736, 4.06980562210083, 4.075511455535889, 3.9086833000183105, 4.289860248565674]}