{"step": [0, 30, 60, 90, 120, 150, 180, 210, 240, 270, 300, 330, 360, 390, 420, 450, 480, 510, 540, 570, 600, 630, 660, 690, 720, 750, 780, 810, 840, 870, 900, 930, 960, 990, 1020, 1050, 1080, 1110, 1140, 1170, 1200, 1230, 1260, 1290, 1320, 1350, 1380, 1410, 1440, 1470, 1499], "train": [2.3145358562469482, 2.1736623446146646, 1.8308101097742717, 1.3958044052124023, 1.0655169089635212, 0.8089862664540609, 0.6491793394088745, 0.5717484951019287, 0.4833445151646932, 0.40590908626715344, 0.3810060918331146, 0.3156084567308426, 0.27455394466718036, 0.22633847097555795, 0.21442241470019022, 0.23113001883029938, 0.21767544249693552, 0.22247285395860672, 0.20116264124711355, 0.1792613019545873, 0.14835762729247412, 0.18134604394435883, 0.14893358945846558, 0.14713852852582932, 0.12091902146736781, 0.15842715899149576, 0.12314086904128392, 0.12690323342879614, 0.11517936239639918, 0.09221874922513962, 0.14341958860556284, 0.07966661204894383, 0.10178483525911967, 0.12017467866341273, 0.11952864130338033, 0.14455021917819977, 0.11874648680289586, 0.10075185944636662, 0.0960948218901952, 0.14885534097750983, 0.11888452246785164, 0.09925203770399094, 0.13240665445725122, 0.06421787415941556, 0.13906371096769968, 0.126015638311704, 0.12597755839427313, 0.12614565839370093, 0.20401638746261597, 0.07613869508107503, 0.07007087146242459], "ood_acc": [0.08700000494718552, 0.20600001513957977, 0.2639999985694885, 0.27300000190734863, 0.30400002002716064, 0.35200002789497375, 0.3400000035762787, 0.39900001883506775, 0.4000000059604645, 0.4000000059604645, 0.4050000309944153, 0.39900001883506775, 0.41700002551078796, 0.43300002813339233, 0.4140000343322754, 0.4390000104904175, 0.43400001525878906, 0.4150000214576721, 0.42900002002716064, 0.4400000274181366, 0.4400000274181366, 0.43400001525878906, 0.406000018119812, 0.4090000092983246, 0.4090000092983246, 0.41100001335144043, 0.4050000309944153, 0.41100001335144043, 0.42100003361701965, 0.45000001788139343, 0.41200003027915955, 0.4320000112056732, 0.4410000145435333, 0.42100003361701965, 0.398000031709671, 0.4400000274181366, 0.41200003027915955, 0.41600000858306885, 0.4360000193119049, 0.37400001287460327, 0.3970000147819519, 0.42600002884864807, 0.4150000214576721, 0.40400001406669617, 0.4050000309944153, 0.4090000092983246, 0.42100003361701965, 0.41700002551078796, 0.4270000159740448, 0.3890000283718109, 0.44600000977516174], "ood_ce": [2.3092896938323975, 2.2263200283050537, 2.0230705738067627, 1.9782925844192505, 2.2629740238189697, 2.2305002212524414, 2.2001383304595947, 1.9869457483291626, 1.979285478591919, 2.131601095199585, 2.341447591781616, 2.1987338066101074, 2.4250078201293945, 2.571465253829956, 2.482708215713501, 2.4574854373931885, 2.656252861022949, 2.7303972244262695, 2.6827471256256104, 2.6556122303009033, 2.674523115158081, 2.763903856277466, 2.701124668121338, 2.9761412143707275, 2.966550588607788, 2.792311429977417, 2.6931493282318115, 2.9663217067718506, 3.130988597869873, 3.2300422191619873, 3.563016891479492, 3.1464593410491943, 3.4533441066741943, 3.8089053630828857, 3.785682439804077, 3.6899819374084473, 3.5345585346221924, 3.585874557495117, 2.9319705963134766, 3.3597116470336914, 3.650066614151001, 3.4472134113311768, 3.350672960281372, 3.5411338806152344, 4.186202526092529, 3.5204708576202393, 3.2053239345550537, 3.1209096908569336, 3.2329914569854736, 3.9320921897888184, 3.0483415126800537]}