{"step": [0, 30, 60, 90, 120, 150, 180, 210, 240, 270, 300, 330, 360, 390, 420, 450, 480, 510, 540, 570, 600, 630, 660, 690, 720, 750, 780, 810, 840, 870, 900, 930, 960, 990, 1020, 1050, 1080, 1110, 1140, 1170, 1200, 1230, 1260, 1290, 1320, 1350, 1380, 1410, 1440, 1470, 1499], "train": [2.2955477237701416, 2.056533773740133, 1.6410493055979412, 1.2113476594289143, 0.9425641099611918, 0.8691467642784119, 0.6689872841040293, 0.5749619503815969, 0.49801761905352276, 0.3961155116558075, 0.361810361345609, 0.3342462033033371, 0.35979371269543964, 0.2813433309396108, 0.2773590236902237, 0.21905858566363653, 0.2094773749510447, 0.23322436213493347, 0.18591471016407013, 0.22058925032615662, 0.15837362656990686, 0.20511611799399057, 0.16670869290828705, 0.25936422248681384, 0.12980845818916956, 0.1510761951406797, 0.20877527197202048, 0.1225682944059372, 0.13512993107239404, 0.11300667623678844, 0.0987812876701355, 0.13070083657900491, 0.12739251802364984, 0.17680852115154266, 0.08599749331672986, 0.09980570773283641, 0.17327440778414407, 0.18960860123236975, 0.12057948857545853, 0.1038571149110794, 0.08961753050486247, 0.1729122797648112, 0.11315433432658513, 0.10092140734195709, 0.11562006423870723, 0.10319197674592336, 0.18009344985087714, 0.13533223668734232, 0.11807984858751297, 0.09084202100833257, 0.16262886424859366], "ood_acc": [0.08700000494718552, 0.2200000137090683, 0.24700000882148743, 0.2550000250339508, 0.3160000145435333, 0.32600000500679016, 0.3360000252723694, 0.37800002098083496, 0.37800002098083496, 0.4100000262260437, 0.3660000264644623, 0.3680000305175781, 0.38200002908706665, 0.4020000100135803, 0.39100003242492676, 0.41200003027915955, 0.42100003361701965, 0.3830000162124634, 0.3970000147819519, 0.41100001335144043, 0.3960000276565552, 0.40800002217292786, 0.4220000207424164, 0.3880000114440918, 0.39900001883506775, 0.3840000033378601, 0.3880000114440918, 0.367000013589859, 0.3890000283718109, 0.359000027179718, 0.3830000162124634, 0.3920000195503235, 0.39000001549720764, 0.3890000283718109, 0.38200002908706665, 0.40700000524520874, 0.4100000262260437, 0.34700000286102295, 0.39400002360343933, 0.4180000126361847, 0.3880000114440918, 0.37800002098083496, 0.3790000081062317, 0.38700002431869507, 0.38100001215934753, 0.38700002431869507, 0.35600000619888306, 0.367000013589859, 0.4000000059604645, 0.3920000195503235, 0.38700002431869507], "ood_ce": [2.309570789337158, 2.178497791290283, 2.0076475143432617, 2.0893750190734863, 2.206231117248535, 2.4227588176727295, 2.3235042095184326, 2.1737112998962402, 2.208784580230713, 2.2755789756774902, 2.7630834579467773, 2.649975538253784, 2.7680866718292236, 2.3445873260498047, 2.7411086559295654, 2.573122978210449, 2.477311134338379, 2.9197998046875, 2.998741626739502, 3.2295336723327637, 2.81710147857666, 2.783257484436035, 2.914437770843506, 3.539713144302368, 3.0363829135894775, 3.495849132537842, 3.4049763679504395, 3.730404853820801, 3.731921672821045, 3.6545958518981934, 3.51578426361084, 3.3104608058929443, 3.42211651802063, 3.907642126083374, 3.3922765254974365, 3.346863269805908, 3.3091933727264404, 3.38520884513855, 2.6220693588256836, 3.0974180698394775, 4.003718852996826, 4.959959506988525, 4.4432373046875, 4.10922908782959, 4.148913383483887, 4.052173614501953, 4.60383415222168, 3.7927393913269043, 3.6139442920684814, 3.629347562789917, 3.853647470474243]}