{"step": [0, 30, 60, 90, 120, 150, 180, 210, 240, 270, 300, 330, 360, 390, 420, 450, 480, 510, 540, 570, 600, 630, 660, 690, 720, 750, 780, 810, 840, 870, 900, 930, 960, 990, 1020, 1050, 1080, 1110, 1140, 1170, 1200, 1230, 1260, 1290, 1320, 1350, 1380, 1410, 1440, 1470, 1499], "train": [2.2990516821543374, 2.055987993876139, 1.6817597548166912, 1.2688201665878296, 1.0481464266777039, 0.7974118192990621, 0.7000584999720255, 0.5743467311064402, 0.47727763652801514, 0.40751222769419354, 0.3856033682823181, 0.3483063727617264, 0.3842819730440776, 0.2984486172596614, 0.2639807363351186, 0.25719213485717773, 0.27103255689144135, 0.25409703453381854, 0.22639527916908264, 0.1994629055261612, 0.17273298650979996, 0.15094418078660965, 0.1536878595749537, 0.15826123456160227, 0.1713574379682541, 0.160871721804142, 0.17370365063349405, 0.1670987904071808, 0.1657909949620565, 0.15090390543142954, 0.11227055763204892, 0.10527400548259418, 0.1345688278476397, 0.1541054497162501, 0.13104172920187315, 0.12165861080090205, 0.15132085233926773, 0.1252050002415975, 0.12497928241888683, 0.1270981878042221, 0.12452451139688492, 0.1558571755886078, 0.11874629557132721, 0.13790269941091537, 0.13059111187855402, 0.10256603856881459, 0.1296174799402555, 0.1007232554256916, 0.1205718753238519, 0.14218460023403168, 0.09426284953951836], "ood_acc": [0.10000000149011612, 0.21800000965595245, 0.2600000202655792, 0.24900001287460327, 0.3460000157356262, 0.36400002241134644, 0.38200002908706665, 0.38100001215934753, 0.39900001883506775, 0.4150000214576721, 0.39000001549720764, 0.41100001335144043, 0.3660000264644623, 0.40700000524520874, 0.41200003027915955, 0.4180000126361847, 0.41100001335144043, 0.42100003361701965, 0.4010000228881836, 0.4350000321865082, 0.4280000329017639, 0.40400001406669617, 0.44700002670288086, 0.4230000078678131, 0.40800002217292786, 0.4150000214576721, 0.42000001668930054, 0.4360000193119049, 0.41200003027915955, 0.4300000071525574, 0.42500001192092896, 0.3850000202655792, 0.3960000276565552, 0.3660000264644623, 0.3970000147819519, 0.3850000202655792, 0.398000031709671, 0.39000001549720764, 0.40300002694129944, 0.3960000276565552, 0.3890000283718109, 0.40800002217292786, 0.40800002217292786, 0.3930000066757202, 0.4050000309944153, 0.4020000100135803, 0.39400002360343933, 0.37700000405311584, 0.33900001645088196, 0.3460000157356262, 0.367000013589859], "ood_ce": [2.3157217502593994, 2.1806368827819824, 2.014039993286133, 2.1246347427368164, 2.3069140911102295, 2.0969979763031006, 2.0789294242858887, 2.225614070892334, 2.458791494369507, 2.293461799621582, 2.6806235313415527, 2.4631948471069336, 2.7567477226257324, 2.7444796562194824, 2.5571694374084473, 2.5676991939544678, 2.6803557872772217, 2.939981698989868, 2.797441005706787, 2.633993625640869, 2.9426023960113525, 3.29254412651062, 2.92431640625, 3.2348153591156006, 3.1473424434661865, 2.928279399871826, 3.074045419692993, 2.9898078441619873, 3.1406943798065186, 3.1681463718414307, 3.119457483291626, 3.9013962745666504, 3.734863519668579, 3.5427465438842773, 3.4699525833129883, 3.3492465019226074, 3.42880916595459, 3.584764003753662, 3.484805107116699, 3.485032320022583, 3.466172933578491, 3.2854232788085938, 3.389449119567871, 3.223853349685669, 2.984999179840088, 3.330349922180176, 4.021004676818848, 4.20260763168335, 3.532320737838745, 3.6027653217315674, 4.107313632965088]}