{"step": [0, 30, 60, 90, 120, 150, 180, 210, 240, 270, 300, 330, 360, 390, 420, 450, 480, 510, 540, 570, 600, 630, 660, 690, 720, 750, 780, 810, 840, 870, 900, 930, 960, 990, 1020, 1050, 1080, 1110, 1140, 1170, 1200, 1230, 1260, 1290, 1320, 1350, 1380, 1410, 1440, 1470, 1499], "train": [2.2990516821543374, 2.043748656908671, 1.633036454518636, 1.2374515533447266, 0.9775673349698385, 0.7395803332328796, 0.5968027909596761, 0.5331746339797974, 0.44927601019541424, 0.38307219247023266, 0.361566166083018, 0.3097212115923564, 0.3242381562789281, 0.2930561900138855, 0.2609534015258153, 0.21971846868594488, 0.24873186647891998, 0.2262887159983317, 0.21536857883135477, 0.17581765602032343, 0.23200344542662302, 0.15249107033014297, 0.1492432231704394, 0.16104508936405182, 0.14211010932922363, 0.1438418080409368, 0.13569827129443487, 0.11551882326602936, 0.14652144660552344, 0.1603254203995069, 0.13159287720918655, 0.10002748295664787, 0.11853632951776187, 0.16386877993742624, 0.17367425560951233, 0.16656137754519781, 0.16521910081307092, 0.13741188744703928, 0.24195403357346854, 0.1034977063536644, 0.16716277102629343, 0.16228688756624857, 0.09705543021361034, 0.1143634965022405, 0.10207865138848622, 0.09930941214164098, 0.08700654655694962, 0.0861743688583374, 0.09153478344281514, 0.20020181685686111, 0.11189952244361241], "ood_acc": [0.10000000149011612, 0.22200001776218414, 0.2630000114440918, 0.25600001215934753, 0.3290000259876251, 0.3400000035762787, 0.3970000147819519, 0.3890000283718109, 0.406000018119812, 0.41100001335144043, 0.4130000174045563, 0.40800002217292786, 0.4130000174045563, 0.4090000092983246, 0.4100000262260437, 0.4310000240802765, 0.4390000104904175, 0.4230000078678131, 0.38600000739097595, 0.38600000739097595, 0.39100003242492676, 0.3840000033378601, 0.3850000202655792, 0.41100001335144043, 0.4220000207424164, 0.4130000174045563, 0.43300002813339233, 0.40400001406669617, 0.44300001859664917, 0.4090000092983246, 0.4310000240802765, 0.406000018119812, 0.40400001406669617, 0.40400001406669617, 0.38600000739097595, 0.4220000207424164, 0.4300000071525574, 0.39100003242492676, 0.40400001406669617, 0.4230000078678131, 0.4090000092983246, 0.39900001883506775, 0.4180000126361847, 0.4010000228881836, 0.406000018119812, 0.4050000309944153, 0.4020000100135803, 0.4010000228881836, 0.37300002574920654, 0.40800002217292786, 0.39900001883506775], "ood_ce": [2.3157217502593994, 2.1749534606933594, 1.9885468482971191, 2.125694751739502, 2.280670642852783, 2.2565064430236816, 2.095216751098633, 2.0876450538635254, 2.3691837787628174, 2.395033359527588, 2.637234687805176, 2.4030699729919434, 2.645878314971924, 2.6564762592315674, 2.5597891807556152, 2.700329065322876, 2.7099223136901855, 2.6074464321136475, 2.7447664737701416, 3.065721035003662, 3.145249366760254, 2.976548194885254, 3.28078031539917, 3.3535521030426025, 2.7249608039855957, 2.6848032474517822, 2.7348132133483887, 2.898956775665283, 3.3734917640686035, 3.2089602947235107, 2.903764009475708, 3.09246826171875, 3.21441912651062, 3.330399513244629, 3.2775449752807617, 3.0266149044036865, 3.1463334560394287, 3.398956537246704, 3.8362109661102295, 3.4395227432250977, 3.341245174407959, 3.279775857925415, 3.7174715995788574, 3.308441638946533, 3.5472702980041504, 3.8223743438720703, 4.063753604888916, 3.855078935623169, 3.3458285331726074, 3.8573033809661865, 3.9414453506469727]}