{"step": [0, 30, 60, 90, 120, 150, 180, 210, 240, 270, 300, 330, 360, 390, 420, 450, 480, 510, 540, 570, 600, 630, 660, 690, 720, 750, 780, 810, 840, 870, 900, 930, 960, 990, 1020, 1050, 1080, 1110, 1140, 1170, 1200, 1230, 1260, 1290, 1320, 1350, 1380, 1410, 1440, 1470, 1499], "train": [2.2990516821543374, 2.050013025601705, 1.6586593786875408, 1.2492862145105998, 1.0024985472361247, 0.7520783940951029, 0.6142875154813131, 0.5711685319741567, 0.4660944938659668, 0.40212637186050415, 0.3673914869626363, 0.3382994582255681, 0.30254411697387695, 0.32491618394851685, 0.2867394983768463, 0.2815987641612689, 0.24875056991974512, 0.25539326419432956, 0.2160813162724177, 0.18306683003902435, 0.17088246842225394, 0.1462414786219597, 0.2413997252782186, 0.14297314484914145, 0.14583293596903482, 0.1329167683919271, 0.13033763319253922, 0.13767335067192712, 0.11377543459335963, 0.18343429267406464, 0.32011020680268604, 0.15271169940630594, 0.13602770864963531, 0.14924396574497223, 0.24055171012878418, 0.12368296086788177, 0.11551135530074437, 0.177122433980306, 0.14694537470738092, 0.13948273410399756, 0.10885673264662425, 0.1434017742673556, 0.09808266411225001, 0.10079389313856761, 0.154257799188296, 0.08861393605669339, 0.15768451491991678, 0.132082287222147, 0.11773834936320782, 0.14667395750681558, 0.16860536858439445], "ood_acc": [0.10000000149011612, 0.2160000056028366, 0.27000001072883606, 0.2550000250339508, 0.33800002932548523, 0.3440000116825104, 0.3920000195503235, 0.39500001072883606, 0.4230000078678131, 0.40800002217292786, 0.398000031709671, 0.4050000309944153, 0.41100001335144043, 0.4140000343322754, 0.4010000228881836, 0.4230000078678131, 0.4150000214576721, 0.42000001668930054, 0.41600000858306885, 0.44700002670288086, 0.4440000355243683, 0.42000001668930054, 0.3960000276565552, 0.40800002217292786, 0.43400001525878906, 0.4150000214576721, 0.4180000126361847, 0.42500001192092896, 0.4280000329017639, 0.4180000126361847, 0.4020000100135803, 0.4130000174045563, 0.3960000276565552, 0.41600000858306885, 0.40800002217292786, 0.4130000174045563, 0.41200003027915955, 0.41100001335144043, 0.41600000858306885, 0.4090000092983246, 0.41700002551078796, 0.38200002908706665, 0.3830000162124634, 0.398000031709671, 0.41200003027915955, 0.406000018119812, 0.34800001978874207, 0.35500001907348633, 0.3830000162124634, 0.3800000250339508, 0.39100003242492676], "ood_ce": [2.3157217502593994, 2.1773674488067627, 1.9963743686676025, 2.128101110458374, 2.3101632595062256, 2.2143609523773193, 2.089163064956665, 2.199601650238037, 2.340151786804199, 2.470299005508423, 2.5254125595092773, 2.6844065189361572, 2.997370719909668, 2.96232271194458, 2.604996681213379, 2.987720251083374, 2.9981729984283447, 2.9638521671295166, 3.1390271186828613, 3.7907063961029053, 3.209758758544922, 3.0913984775543213, 2.8724687099456787, 2.8185834884643555, 2.779744863510132, 2.914726972579956, 3.2110977172851562, 3.3066468238830566, 3.063448667526245, 3.2293174266815186, 3.290511131286621, 3.2885031700134277, 3.4148287773132324, 3.3780181407928467, 3.1584434509277344, 3.1712985038757324, 3.3392696380615234, 3.7671351432800293, 3.804579496383667, 3.5677099227905273, 3.438326597213745, 3.986708402633667, 4.163181304931641, 4.740724563598633, 4.298282146453857, 4.043900489807129, 3.78128981590271, 3.4177732467651367, 4.096734523773193, 3.5893871784210205, 4.017273902893066]}