{"step": [0, 30, 60, 90, 120, 150, 180, 210, 240, 270, 300, 330, 360, 390, 420, 450, 480, 510, 540, 570, 600, 630, 660, 690, 720, 750, 780, 810, 840, 870, 900, 930, 960, 990, 1020, 1050, 1080, 1110, 1140, 1170, 1200, 1230, 1260, 1290, 1320, 1350, 1380, 1410, 1440, 1470, 1499], "train": [2.3100438912709556, 2.107684055964152, 1.7344460090001423, 1.3192191521326702, 1.0054698586463928, 0.7911214033762614, 0.6538776854674021, 0.5652172267436981, 0.4787031610806783, 0.4416155020395915, 0.4096928536891937, 0.3587958017985026, 0.33187257250150043, 0.308929979801178, 0.2657298396031062, 0.24139933288097382, 0.25114024182160694, 0.24017281333605447, 0.2653851906458537, 0.16683545211950937, 0.1541502128044764, 0.17422347764174143, 0.15846834580103555, 0.17538951337337494, 0.16017224142948785, 0.17097565531730652, 0.32100801169872284, 0.1303691416978836, 0.1238539032638073, 0.13041735688845316, 0.14941074699163437, 0.1485749433437983, 0.11751102283596992, 0.1395216559370359, 0.10967387755711873, 0.1358568618694941, 0.12913243969281515, 0.11951586852471034, 0.12589715917905173, 0.21656857430934906, 0.1616000384092331, 0.09662493442495663, 0.09891390800476074, 0.12559657295544943, 0.1558962861696879, 0.1086759443084399, 0.10929945111274719, 0.12539895375569662, 0.08562996238470078, 0.06949008752902348, 0.12915628651777902], "ood_acc": [0.07500000298023224, 0.23600001633167267, 0.2930000126361847, 0.2720000147819519, 0.30400002002716064, 0.35100001096725464, 0.36100003123283386, 0.4020000100135803, 0.40800002217292786, 0.3880000114440918, 0.4100000262260437, 0.41100001335144043, 0.4130000174045563, 0.4220000207424164, 0.42600002884864807, 0.44600000977516174, 0.43400001525878906, 0.4050000309944153, 0.4230000078678131, 0.4580000340938568, 0.4350000321865082, 0.4270000159740448, 0.42500001192092896, 0.42100003361701965, 0.4240000247955322, 0.42500001192092896, 0.44600000977516174, 0.4350000321865082, 0.4190000295639038, 0.43700000643730164, 0.4140000343322754, 0.4410000145435333, 0.4010000228881836, 0.3960000276565552, 0.42000001668930054, 0.4190000295639038, 0.4240000247955322, 0.4350000321865082, 0.3920000195503235, 0.4410000145435333, 0.4020000100135803, 0.42100003361701965, 0.4220000207424164, 0.4180000126361847, 0.4180000126361847, 0.4360000193119049, 0.4100000262260437, 0.42900002002716064, 0.406000018119812, 0.4300000071525574, 0.41700002551078796], "ood_ce": [2.309131383895874, 2.1723439693450928, 1.9527407884597778, 2.0217111110687256, 2.145465612411499, 2.1245741844177246, 2.449557065963745, 2.065753221511841, 2.072913885116577, 2.2626612186431885, 2.4185545444488525, 2.4130313396453857, 2.2742562294006348, 2.497424840927124, 2.604851722717285, 2.42969012260437, 2.5584304332733154, 2.696903944015503, 2.7889270782470703, 2.4419901371002197, 2.513983964920044, 2.6418964862823486, 2.5788776874542236, 3.055452346801758, 2.9819765090942383, 2.887500524520874, 2.9687256813049316, 3.032792329788208, 2.9086930751800537, 3.222562789916992, 3.6496176719665527, 3.028611898422241, 3.0700840950012207, 3.205976963043213, 3.2202672958374023, 3.334646463394165, 3.6947789192199707, 3.325538396835327, 3.4923439025878906, 3.2767300605773926, 3.6528384685516357, 3.5675160884857178, 3.518018960952759, 3.5547566413879395, 4.0337114334106445, 3.31791353225708, 3.27835750579834, 4.00664758682251, 3.8764381408691406, 4.0291948318481445, 3.8300886154174805]}