{"step": [0, 30, 60, 90, 120, 150, 180, 210, 240, 270, 300, 330, 360, 390, 420, 450, 480, 510, 540, 570, 600, 630, 660, 690, 720, 750, 780, 810, 840, 870, 900, 930, 960, 990, 1020, 1050, 1080, 1110, 1140, 1170, 1200, 1230, 1260, 1290, 1320, 1350, 1380, 1410, 1440, 1470, 1499], "train": [2.3100438912709556, 2.108877102533976, 1.7088094154993694, 1.3604681491851807, 1.0382994810740154, 0.8198181589444479, 0.608821322520574, 0.5574373304843903, 0.4550486008326213, 0.4368557631969452, 0.3872129370768865, 0.3325916181008021, 0.31619036694367725, 0.283340185880661, 0.23225092887878418, 0.2318554719289144, 0.21115102370580038, 0.22975758711496988, 0.17684933791557947, 0.17288755377133688, 0.14230652650197348, 0.16161088148752847, 0.16295104225476584, 0.13313712924718857, 0.12456349035104115, 0.09622827917337418, 0.10335716356833775, 0.09822911024093628, 0.12764190385739008, 0.11205786714951198, 0.11948988338311513, 0.12806926170984903, 0.11192683751384418, 0.100967887789011, 0.09114442641536395, 0.21658312529325485, 0.09352131187915802, 0.10606737186511357, 0.09407117466131847, 0.08935350800553958, 0.08973883340756099, 0.14121715227762857, 0.1333950310945511, 0.06569651576379935, 0.08618821203708649, 0.11830918987592061, 0.08991690849264462, 0.09561238686243693, 0.09593585381905238, 0.09497387458880742, 0.07351656878987949], "ood_acc": [0.07500000298023224, 0.23000000417232513, 0.28600001335144043, 0.3150000274181366, 0.3450000286102295, 0.3970000147819519, 0.3970000147819519, 0.41700002551078796, 0.43400001525878906, 0.41100001335144043, 0.42600002884864807, 0.4130000174045563, 0.4580000340938568, 0.4220000207424164, 0.44700002670288086, 0.4540000259876251, 0.46300002932548523, 0.44700002670288086, 0.42900002002716064, 0.44300001859664917, 0.44300001859664917, 0.4320000112056732, 0.4320000112056732, 0.406000018119812, 0.4390000104904175, 0.4410000145435333, 0.453000009059906, 0.4400000274181366, 0.4130000174045563, 0.44300001859664917, 0.4350000321865082, 0.4350000321865082, 0.4480000138282776, 0.42900002002716064, 0.4320000112056732, 0.4310000240802765, 0.4130000174045563, 0.4300000071525574, 0.42100003361701965, 0.40400001406669617, 0.4130000174045563, 0.4240000247955322, 0.44200003147125244, 0.4440000355243683, 0.44600000977516174, 0.43400001525878906, 0.4440000355243683, 0.38100001215934753, 0.4050000309944153, 0.406000018119812, 0.4190000295639038], "ood_ce": [2.309131383895874, 2.1803810596466064, 1.9714703559875488, 1.8694247007369995, 1.8515586853027344, 1.7575039863586426, 2.027113676071167, 1.8845150470733643, 1.8630609512329102, 2.094217300415039, 2.122019052505493, 2.251117467880249, 2.170876979827881, 2.356009006500244, 2.463954210281372, 2.3023035526275635, 2.5984325408935547, 2.493898391723633, 2.593766689300537, 2.4042141437530518, 2.6042227745056152, 2.6732239723205566, 2.586287260055542, 2.846536874771118, 2.872405767440796, 2.5073325634002686, 2.7166390419006348, 2.812349557876587, 3.1172869205474854, 2.6833178997039795, 2.90649151802063, 3.09285569190979, 3.313582181930542, 3.027723789215088, 3.3787357807159424, 3.423017978668213, 3.0334556102752686, 3.167264938354492, 3.5243232250213623, 3.568434238433838, 3.433140516281128, 2.8820831775665283, 3.134971857070923, 3.1917855739593506, 3.465956687927246, 3.3067619800567627, 3.3469111919403076, 3.3838109970092773, 3.305201530456543, 3.3347949981689453, 3.2933597564697266]}