{"step": [0, 30, 60, 90, 120, 150, 180, 210, 240, 270, 300, 330, 360, 390, 420, 450, 480, 510, 540, 570, 600, 630, 660, 690, 720, 750, 780, 810, 840, 870, 900, 930, 960, 990, 1020, 1050, 1080, 1110, 1140, 1170, 1200, 1230, 1260, 1290, 1320, 1350, 1380, 1410, 1440, 1470, 1499], "train": [2.294736703236898, 2.1201996008555093, 1.7588575681050618, 1.3957034746805828, 1.0665571490923564, 0.8269943992296854, 0.6416828731695811, 0.534450521071752, 0.4416739046573639, 0.4052385489145915, 0.33118225634098053, 0.2835550308227539, 0.25765134890874225, 0.23143431544303894, 0.2443231145540873, 0.22725449999173483, 0.20330786953369775, 0.19384297480185828, 0.1837682252128919, 0.161847452322642, 0.16491155326366425, 0.17391212284564972, 0.13747351119915643, 0.13402707874774933, 0.10676226268212001, 0.10542375842730205, 0.10908735791842143, 0.11875994006792705, 0.11936162163813908, 0.14043762038151422, 0.10870658606290817, 0.1254740779598554, 0.16378282010555267, 0.09277664124965668, 0.08946460982163747, 0.09052407741546631, 0.12257883449395497, 0.11379226297140121, 0.10194320231676102, 0.1401454210281372, 0.09300711254278819, 0.11842099328835805, 0.07793986300627391, 0.0830905872086684, 0.08127237111330032, 0.10502136995395024, 0.12478909144798915, 0.08009740213553111, 0.13139751367270947, 0.13891622175772986, 0.07903639227151871], "ood_acc": [0.11900000274181366, 0.22600001096725464, 0.2630000114440918, 0.30300000309944153, 0.3290000259876251, 0.3660000264644623, 0.3960000276565552, 0.4130000174045563, 0.40400001406669617, 0.4020000100135803, 0.4050000309944153, 0.4270000159740448, 0.4130000174045563, 0.39900001883506775, 0.4130000174045563, 0.4220000207424164, 0.4150000214576721, 0.4190000295639038, 0.398000031709671, 0.4280000329017639, 0.4020000100135803, 0.4270000159740448, 0.44600000977516174, 0.4090000092983246, 0.4140000343322754, 0.43300002813339233, 0.4300000071525574, 0.42100003361701965, 0.4320000112056732, 0.4090000092983246, 0.4130000174045563, 0.39400002360343933, 0.37700000405311584, 0.4090000092983246, 0.4300000071525574, 0.4230000078678131, 0.4150000214576721, 0.39500001072883606, 0.42100003361701965, 0.40800002217292786, 0.4140000343322754, 0.40300002694129944, 0.4020000100135803, 0.41100001335144043, 0.42500001192092896, 0.43400001525878906, 0.41700002551078796, 0.41200003027915955, 0.41200003027915955, 0.4390000104904175, 0.4310000240802765], "ood_ce": [2.3005263805389404, 2.2102138996124268, 2.045832395553589, 1.9328163862228394, 1.9375271797180176, 1.8481836318969727, 1.837666630744934, 1.9326238632202148, 1.8986241817474365, 2.068999767303467, 2.119133234024048, 2.0244436264038086, 2.3424160480499268, 2.52337646484375, 2.2412075996398926, 2.4575581550598145, 2.591292381286621, 2.6077370643615723, 2.6912925243377686, 2.5582797527313232, 2.663316249847412, 2.7707583904266357, 2.9065818786621094, 3.3560128211975098, 3.233752489089966, 3.0058863162994385, 3.0530893802642822, 3.640561580657959, 3.171072483062744, 3.103530168533325, 3.39845609664917, 3.4455504417419434, 2.983180284500122, 2.8674349784851074, 3.091829538345337, 3.263864278793335, 2.962843894958496, 3.2520229816436768, 3.4193482398986816, 3.3751747608184814, 3.447974681854248, 3.5443856716156006, 3.863424062728882, 3.557953119277954, 3.4630095958709717, 3.5365381240844727, 3.613649368286133, 3.439070463180542, 3.280304431915283, 3.0415585041046143, 3.6986429691314697]}