{"step": [0, 30, 60, 90, 120, 150, 180, 210, 240, 270, 300, 330, 360, 390, 420, 450, 480, 510, 540, 570, 600, 630, 660, 690, 720, 750, 780, 810, 840, 870, 900, 930, 960, 990, 1020, 1050, 1080, 1110, 1140, 1170, 1200, 1230, 1260, 1290, 1320, 1350, 1380, 1410, 1440, 1470, 1499], "train": [2.289719343185425, 2.0537947018941245, 1.6637848218282063, 1.2834766705830891, 0.9743721087773641, 0.7378691931565603, 0.6590428153673807, 0.5813939372698466, 0.4387889951467514, 0.3995407819747925, 0.38810742894808453, 0.3676351209481557, 0.3143423795700073, 0.25336436927318573, 0.22187533974647522, 0.23804175853729248, 0.22894158959388733, 0.1942059944073359, 0.20107346773147583, 0.18167767425378165, 0.1661395231882731, 0.20918690661589304, 0.15066846956809363, 0.18106408168872198, 0.16577168305714926, 0.12903458376725516, 0.13095105439424515, 0.11616505930821101, 0.18822250763575235, 0.12131869047880173, 0.1320626512169838, 0.14512177060047785, 0.13362119595209757, 0.1688607782125473, 0.16750349601109824, 0.13311557844281197, 0.14089611172676086, 0.14010055363178253, 0.12947777410348257, 0.20242661237716675, 0.11615100254615147, 0.1229752649863561, 0.11563855906327565, 0.08718053748210271, 0.11853203425804774, 0.09545473754405975, 0.09857488175233205, 0.12251620242993037, 0.07035387555758159, 0.08146389201283455, 0.06415163353085518], "ood_acc": [0.1120000034570694, 0.1980000138282776, 0.2930000126361847, 0.289000004529953, 0.2939999997615814, 0.3360000252723694, 0.3800000250339508, 0.3830000162124634, 0.3720000088214874, 0.42900002002716064, 0.4280000329017639, 0.4440000355243683, 0.4310000240802765, 0.4240000247955322, 0.45500001311302185, 0.4390000104904175, 0.4230000078678131, 0.4400000274181366, 0.41200003027915955, 0.40300002694129944, 0.4150000214576721, 0.4190000295639038, 0.38100001215934753, 0.41200003027915955, 0.4230000078678131, 0.42900002002716064, 0.44300001859664917, 0.4150000214576721, 0.42100003361701965, 0.4150000214576721, 0.41600000858306885, 0.4240000247955322, 0.42000001668930054, 0.4100000262260437, 0.4310000240802765, 0.39400002360343933, 0.4130000174045563, 0.4300000071525574, 0.43300002813339233, 0.4240000247955322, 0.38100001215934753, 0.4320000112056732, 0.41200003027915955, 0.3930000066757202, 0.38200002908706665, 0.40800002217292786, 0.42600002884864807, 0.3800000250339508, 0.4000000059604645, 0.40400001406669617, 0.40300002694129944], "ood_ce": [2.3007583618164062, 2.1668481826782227, 1.9861594438552856, 2.0648157596588135, 2.2043955326080322, 2.1767160892486572, 2.1251862049102783, 1.9888039827346802, 2.1527793407440186, 2.1037797927856445, 2.1266956329345703, 2.322807788848877, 2.253309488296509, 2.446760416030884, 2.3979098796844482, 2.4907636642456055, 2.53838849067688, 2.6156132221221924, 2.7172369956970215, 2.7800307273864746, 2.6668999195098877, 2.8662428855895996, 2.7157609462738037, 2.584523916244507, 3.118316650390625, 2.9628541469573975, 3.1852166652679443, 3.3420560359954834, 3.1733133792877197, 3.1357650756835938, 3.234780788421631, 3.3450300693511963, 3.23811936378479, 3.2852799892425537, 3.3634517192840576, 3.342163324356079, 3.0775632858276367, 3.0715248584747314, 3.067685127258301, 3.4569404125213623, 3.648590087890625, 2.899028778076172, 3.288562059402466, 3.405333995819092, 3.3707821369171143, 3.549785852432251, 3.3822457790374756, 3.568807601928711, 3.2091569900512695, 3.396949052810669, 3.881357192993164]}