{"step": [0, 30, 60, 90, 120, 150, 180, 210, 240, 270, 300, 330, 360, 390, 420, 450, 480, 510, 540, 570, 600, 630, 660, 690, 720, 750, 780, 810, 840, 870, 900, 930, 960, 990, 1020, 1050, 1080, 1110, 1140, 1170, 1200, 1230, 1260, 1290, 1320, 1350, 1380, 1410, 1440, 1470, 1499], "train": [2.294736703236898, 2.1221057573954263, 1.7738914489746094, 1.3519281546274822, 1.0554445783297222, 0.8063813249270121, 0.7312284111976624, 0.5728414952754974, 0.47950945297876996, 0.4425731400648753, 0.36908074220021564, 0.35558854540189105, 0.2786692927281062, 0.28703660269578296, 0.25215063989162445, 0.23387152453263602, 0.22733530650536218, 0.2185949037472407, 0.20674716929594675, 0.18204864859580994, 0.18806569774945578, 0.21365793546040854, 0.16582578420639038, 0.18179707725842795, 0.14329553892215094, 0.16883758207162222, 0.10501860206325848, 0.22132234772046408, 0.19823364913463593, 0.16330656905968985, 0.19012417395909628, 0.1290060505270958, 0.11847937603791554, 0.10987161720792453, 0.09449383616447449, 0.12988192588090897, 0.16166756550470987, 0.15679984291394553, 0.15380090971787772, 0.13591675957043967, 0.0982112226386865, 0.11670218656460445, 0.1006318877140681, 0.0922393873333931, 0.10870168233911197, 0.10751490046580632, 0.18512711922327676, 0.11993178973595302, 0.1275021657347679, 0.12357807531952858, 0.09878083318471909], "ood_acc": [0.11900000274181366, 0.21800000965595245, 0.242000013589859, 0.2850000262260437, 0.31200000643730164, 0.3580000102519989, 0.3720000088214874, 0.37300002574920654, 0.3880000114440918, 0.36900001764297485, 0.3970000147819519, 0.3890000283718109, 0.3920000195503235, 0.406000018119812, 0.4220000207424164, 0.42000001668930054, 0.40300002694129944, 0.4100000262260437, 0.4180000126361847, 0.44700002670288086, 0.445000022649765, 0.41100001335144043, 0.39000001549720764, 0.3930000066757202, 0.39000001549720764, 0.43400001525878906, 0.4270000159740448, 0.4240000247955322, 0.41100001335144043, 0.41200003027915955, 0.42000001668930054, 0.38100001215934753, 0.4010000228881836, 0.4190000295639038, 0.4300000071525574, 0.3830000162124634, 0.4010000228881836, 0.42000001668930054, 0.4100000262260437, 0.38600000739097595, 0.398000031709671, 0.398000031709671, 0.3890000283718109, 0.38100001215934753, 0.40400001406669617, 0.41200003027915955, 0.36100003123283386, 0.3890000283718109, 0.3720000088214874, 0.39400002360343933, 0.3890000283718109], "ood_ce": [2.3005263805389404, 2.206888437271118, 2.0420048236846924, 2.0217177867889404, 2.293057918548584, 2.032137632369995, 2.1480612754821777, 2.117013692855835, 2.0855166912078857, 2.359726667404175, 2.224625587463379, 2.197444438934326, 2.3525986671447754, 2.342250108718872, 2.3831143379211426, 2.4784469604492188, 2.8886685371398926, 2.6583824157714844, 2.7249796390533447, 2.6940319538116455, 2.699084520339966, 3.0595974922180176, 3.2293732166290283, 3.359740734100342, 3.2178337574005127, 3.1770880222320557, 3.082904100418091, 3.3450088500976562, 3.334932804107666, 3.1957733631134033, 3.202911138534546, 3.108595848083496, 3.321033000946045, 3.0586256980895996, 3.4154610633850098, 4.00663948059082, 4.0807342529296875, 3.551522970199585, 3.4874825477600098, 3.8963887691497803, 3.1699323654174805, 3.3951241970062256, 3.593535900115967, 3.280057907104492, 3.7065062522888184, 3.6553962230682373, 4.011725425720215, 3.353259801864624, 3.3590214252471924, 3.2195773124694824, 3.7640726566314697]}