{"step": [0, 30, 60, 90, 120, 150, 180, 210, 240, 270, 300, 330, 360, 390, 420, 450, 480, 510, 540, 570, 600, 630, 660, 690, 720, 750, 780, 810, 840, 870, 900, 930, 960, 990, 1020, 1050, 1080, 1110, 1140, 1170, 1200, 1230, 1260, 1290, 1320, 1350, 1380, 1410, 1440, 1470, 1499], "train": [2.2955477237701416, 2.0401508808135986, 1.6003430684407551, 1.2864288489023845, 0.9462550083796183, 0.7501559654871622, 0.5699924826622009, 0.4709537625312805, 0.4104296763737996, 0.36383260786533356, 0.32672082881132763, 0.28312517205874127, 0.2792334084709485, 0.23055375119050345, 0.2076267053683599, 0.20055347184340158, 0.18400728702545166, 0.14880226304133734, 0.1501271277666092, 0.13814249138037363, 0.13280984510978064, 0.12533116588989893, 0.12162632991870244, 0.12530692294239998, 0.11438941458861034, 0.13071142385403314, 0.10964326933026314, 0.09080428381760915, 0.25402755786975223, 0.14702734351158142, 0.11658566693464915, 0.12830000867446265, 0.071652556459109, 0.13425171623627344, 0.10272436589002609, 0.1322938228646914, 0.12388241787751515, 0.09292606885234515, 0.0692682055135568, 0.08424996087948482, 0.06857688228289287, 0.10646676520506541, 0.21731985112031302, 0.06812357281645139, 0.063026728729407, 0.09899519880612691, 0.08877097442746162, 0.07839082926511765, 0.10704364627599716, 0.19359668095906576, 0.11893162007133166], "ood_acc": [0.08700000494718552, 0.2330000102519989, 0.28300002217292786, 0.26600000262260437, 0.3440000116825104, 0.3620000183582306, 0.3710000216960907, 0.3840000033378601, 0.3850000202655792, 0.38200002908706665, 0.38600000739097595, 0.3850000202655792, 0.3960000276565552, 0.42900002002716064, 0.4150000214576721, 0.4300000071525574, 0.4150000214576721, 0.4010000228881836, 0.41600000858306885, 0.41200003027915955, 0.4100000262260437, 0.42000001668930054, 0.4320000112056732, 0.4240000247955322, 0.4010000228881836, 0.38600000739097595, 0.42600002884864807, 0.3890000283718109, 0.43300002813339233, 0.398000031709671, 0.39500001072883606, 0.4010000228881836, 0.40400001406669617, 0.3970000147819519, 0.38200002908706665, 0.38200002908706665, 0.4130000174045563, 0.41100001335144043, 0.4180000126361847, 0.4150000214576721, 0.4050000309944153, 0.3630000054836273, 0.37300002574920654, 0.3760000169277191, 0.39400002360343933, 0.3760000169277191, 0.3500000238418579, 0.37800002098083496, 0.3850000202655792, 0.39400002360343933, 0.3790000081062317], "ood_ce": [2.309570789337158, 2.1688339710235596, 1.9713624715805054, 1.9180140495300293, 1.8756293058395386, 1.9439747333526611, 1.9930495023727417, 2.045377492904663, 2.1447701454162598, 2.222031831741333, 2.353069305419922, 2.4956860542297363, 2.617856025695801, 2.3240792751312256, 2.5619592666625977, 2.4267477989196777, 2.522024154663086, 2.6423871517181396, 2.811764717102051, 2.703920602798462, 2.8578102588653564, 2.900574207305908, 2.895944595336914, 2.975637674331665, 2.969144582748413, 3.1985881328582764, 2.7969632148742676, 3.1513805389404297, 2.7951297760009766, 3.1928036212921143, 3.1192052364349365, 2.919285774230957, 3.150747537612915, 3.1802902221679688, 3.4742612838745117, 3.6531822681427, 3.2720956802368164, 3.449927806854248, 3.458803176879883, 3.6260578632354736, 3.737135410308838, 3.456723690032959, 3.4525771141052246, 3.4685962200164795, 3.838300943374634, 4.084991931915283, 4.1123247146606445, 3.7608306407928467, 3.7624869346618652, 4.555263996124268, 4.519577503204346]}