{"step": [0, 30, 60, 90, 120, 150, 180, 210, 240, 270, 300, 330, 360, 390, 420, 450, 480, 510, 540, 570, 600, 630, 660, 690, 720, 750, 780, 810, 840, 870, 900, 930, 960, 990, 1020, 1050, 1080, 1110, 1140, 1170, 1200, 1230, 1260, 1290, 1320, 1350, 1380, 1410, 1440, 1470, 1499], "train": [2.294736623764038, 2.1337876319885254, 1.8135182460149128, 1.3899939060211182, 1.075499137242635, 0.8602677583694458, 0.7013745903968811, 0.5675064524014791, 0.4929978946844737, 0.4295394817988078, 0.39059270918369293, 0.353553185860316, 0.2843010028203328, 0.280122975508372, 0.2525510291258494, 0.21542079746723175, 0.24909167985121408, 0.23497241238753, 0.19581895073254904, 0.19565899670124054, 0.21844756106535593, 0.19064375509818396, 0.1653218815724055, 0.159338707725207, 0.16467285652955374, 0.1688295677304268, 0.21943957606951395, 0.1907952775557836, 0.11699438219269116, 0.18574598928292593, 0.15774761885404587, 0.1343952218691508, 0.12002483506997426, 0.15444360425074896, 0.14716021964947382, 0.1841484233736992, 0.16753671069939932, 0.21252822379271188, 0.13340127716461816, 0.08850053201119105, 0.17008132487535477, 0.1241851473848025, 0.12658739338318506, 0.0907558302084605, 0.08757143095135689, 0.13856629033883414, 0.1558447927236557, 0.11605282624562581, 0.1083066463470459, 0.13900277515252432, 0.11395883808533351], "ood_acc": [0.11900000274181366, 0.2160000056028366, 0.23100000619888306, 0.2900000214576721, 0.31300002336502075, 0.3330000042915344, 0.38100001215934753, 0.3630000054836273, 0.3930000066757202, 0.3620000183582306, 0.4090000092983246, 0.4130000174045563, 0.4010000228881836, 0.42100003361701965, 0.42100003361701965, 0.4020000100135803, 0.4180000126361847, 0.4270000159740448, 0.42600002884864807, 0.4240000247955322, 0.43400001525878906, 0.41700002551078796, 0.41200003027915955, 0.4230000078678131, 0.3920000195503235, 0.42000001668930054, 0.4240000247955322, 0.41200003027915955, 0.39000001549720764, 0.4130000174045563, 0.4220000207424164, 0.39000001549720764, 0.4150000214576721, 0.4320000112056732, 0.4310000240802765, 0.3890000283718109, 0.42100003361701965, 0.3830000162124634, 0.4270000159740448, 0.41200003027915955, 0.39900001883506775, 0.4130000174045563, 0.398000031709671, 0.4100000262260437, 0.41700002551078796, 0.3890000283718109, 0.3920000195503235, 0.4220000207424164, 0.3760000169277191, 0.4020000100135803, 0.40800002217292786], "ood_ce": [2.3005263805389404, 2.211617946624756, 2.0580875873565674, 2.002734899520874, 2.303257942199707, 2.134488344192505, 2.0711669921875, 2.0912656784057617, 1.981013536453247, 2.201974868774414, 2.270296335220337, 2.210761070251465, 2.302842140197754, 2.35436749458313, 2.261474132537842, 2.599041223526001, 2.8741869926452637, 2.657508373260498, 2.69586181640625, 2.6115918159484863, 2.547374725341797, 2.5946903228759766, 3.1016769409179688, 3.4457809925079346, 3.4020156860351562, 3.143397331237793, 3.176027536392212, 3.4280662536621094, 3.5179827213287354, 3.242482900619507, 3.2681992053985596, 2.9665887355804443, 3.226794481277466, 3.0337278842926025, 3.0696120262145996, 3.512092113494873, 3.3987815380096436, 3.5751678943634033, 2.9625954627990723, 3.221405506134033, 3.411592721939087, 3.0998198986053467, 3.316089391708374, 3.464001417160034, 3.551588535308838, 3.6197471618652344, 3.5832602977752686, 3.352614164352417, 3.630462884902954, 3.7259552478790283, 3.685898780822754]}