{"step": [0, 30, 60, 90, 120, 150, 180, 210, 240, 270, 300, 330, 360, 390, 420, 450, 480, 510, 540, 570, 600, 630, 660, 690, 720, 750, 780, 810, 840, 870, 900, 930, 960, 990, 1020, 1050, 1080, 1110, 1140, 1170, 1200, 1230, 1260, 1290, 1320, 1350, 1380, 1410, 1440, 1470, 1499], "train": [2.3100438912709556, 2.109570026397705, 1.733435034751892, 1.3158822854359944, 1.0081068476041157, 0.8029477000236511, 0.6747846007347107, 0.5701053341229757, 0.5081997712453207, 0.48002007603645325, 0.4657609760761261, 0.3606152484814326, 0.32730578382809955, 0.2882543355226517, 0.29578101138273877, 0.25311409930388135, 0.2908087472120921, 0.2718681792418162, 0.18874956667423248, 0.17342522740364075, 0.20044406255086264, 0.20901486774285635, 0.16882571329673132, 0.2143855889638265, 0.18348524471124014, 0.16216908395290375, 0.18448867897192636, 0.1062404786547025, 0.14462529122829437, 0.1296182225147883, 0.13294708728790283, 0.13052437702814737, 0.14432782555619875, 0.10013183454672496, 0.13005786637465158, 0.10117217650016148, 0.1048711600402991, 0.16522715985774994, 0.11089165260394414, 0.10902685423692067, 0.11867523938417435, 0.14521987487872443, 0.14433581630388895, 0.13577746599912643, 0.11724851280450821, 0.12417533248662949, 0.11820107698440552, 0.15036947031815848, 0.14182675878206888, 0.10745396713415782, 0.09440754105647405], "ood_acc": [0.07500000298023224, 0.2370000183582306, 0.2939999997615814, 0.2770000100135803, 0.3020000159740448, 0.3500000238418579, 0.3760000169277191, 0.40700000524520874, 0.4140000343322754, 0.37800002098083496, 0.40800002217292786, 0.4320000112056732, 0.41600000858306885, 0.42900002002716064, 0.42100003361701965, 0.4130000174045563, 0.4390000104904175, 0.4150000214576721, 0.4230000078678131, 0.43300002813339233, 0.40800002217292786, 0.45000001788139343, 0.4090000092983246, 0.41700002551078796, 0.4360000193119049, 0.42900002002716064, 0.42100003361701965, 0.4360000193119049, 0.4130000174045563, 0.4220000207424164, 0.4190000295639038, 0.4090000092983246, 0.445000022649765, 0.43400001525878906, 0.4150000214576721, 0.406000018119812, 0.4000000059604645, 0.41700002551078796, 0.4090000092983246, 0.41100001335144043, 0.4050000309944153, 0.4360000193119049, 0.4090000092983246, 0.4150000214576721, 0.4270000159740448, 0.42600002884864807, 0.42600002884864807, 0.44300001859664917, 0.39500001072883606, 0.40800002217292786, 0.41700002551078796], "ood_ce": [2.309131383895874, 2.173776626586914, 1.9510196447372437, 2.017481803894043, 2.1728696823120117, 2.119272232055664, 2.4210405349731445, 2.0428857803344727, 2.075298309326172, 2.335048198699951, 2.287525177001953, 2.416861057281494, 2.2493388652801514, 2.255817174911499, 2.5285375118255615, 2.493957042694092, 2.659614086151123, 2.623690366744995, 2.6569273471832275, 2.8504538536071777, 2.8956685066223145, 2.6333439350128174, 2.8145298957824707, 2.955397844314575, 2.9699501991271973, 2.843062400817871, 2.8758630752563477, 3.069803476333618, 3.4670331478118896, 3.1522436141967773, 2.9679150581359863, 2.962655782699585, 2.8507425785064697, 3.033748149871826, 3.4912331104278564, 3.419909954071045, 3.0135505199432373, 3.1973822116851807, 3.2290139198303223, 3.2609434127807617, 3.4764130115509033, 2.9137187004089355, 3.2188985347747803, 3.4540247917175293, 3.4938700199127197, 3.2834224700927734, 3.2656915187835693, 3.6198837757110596, 3.6887800693511963, 3.5006606578826904, 3.526763439178467]}