{"step": [0, 30, 60, 90, 120, 150, 180, 210, 240, 270, 300, 330, 360, 390, 420, 450, 480, 510, 540, 570, 600, 630, 660, 690, 720, 750, 780, 810, 840, 870, 900, 930, 960, 990, 1020, 1050, 1080, 1110, 1140, 1170, 1200, 1230, 1260, 1290, 1320, 1350, 1380, 1410, 1440, 1470, 1499], "train": [2.289719343185425, 2.050004164377848, 1.6558730204900105, 1.3323938846588135, 0.9954022367795309, 0.7711267868677775, 0.5746712585290273, 0.49576739470163983, 0.391655370593071, 0.35244681934515637, 0.32901627322038013, 0.2799641042947769, 0.26658591628074646, 0.225183367729187, 0.2092322806517283, 0.1857487658659617, 0.17945891370375952, 0.16125526775916418, 0.1596913437048594, 0.13850774616003036, 0.1366113399465879, 0.14436728010574976, 0.15459132939577103, 0.10292519629001617, 0.15998169779777527, 0.1344751367966334, 0.132673479616642, 0.1108979160586993, 0.12288229664166768, 0.1706209828456243, 0.14435439556837082, 0.10523714870214462, 0.12226349612077077, 0.13355193038781485, 0.09653936202327411, 0.07450087554752827, 0.09214435641964276, 0.11156994849443436, 0.09088447317481041, 0.10033049682776134, 0.11430539066592853, 0.0881953810652097, 0.104422926902771, 0.21978686501582465, 0.09613473837574323, 0.09973922371864319, 0.08552037427822749, 0.08495456477006276, 0.1393277794122696, 0.07640803481141727, 0.08227057506640752], "ood_acc": [0.1120000034570694, 0.2460000067949295, 0.27400001883506775, 0.28600001335144043, 0.32500001788139343, 0.3490000069141388, 0.3850000202655792, 0.39500001072883606, 0.38700002431869507, 0.4230000078678131, 0.4310000240802765, 0.44200003147125244, 0.4220000207424164, 0.43400001525878906, 0.43800002336502075, 0.44600000977516174, 0.4480000138282776, 0.4240000247955322, 0.42000001668930054, 0.4270000159740448, 0.4270000159740448, 0.4220000207424164, 0.4230000078678131, 0.42100003361701965, 0.4150000214576721, 0.43300002813339233, 0.4490000307559967, 0.4520000219345093, 0.4310000240802765, 0.41200003027915955, 0.406000018119812, 0.43300002813339233, 0.42600002884864807, 0.42000001668930054, 0.42500001192092896, 0.40700000524520874, 0.3850000202655792, 0.39900001883506775, 0.42900002002716064, 0.43300002813339233, 0.4230000078678131, 0.4150000214576721, 0.4300000071525574, 0.4400000274181366, 0.41200003027915955, 0.42600002884864807, 0.42500001192092896, 0.43800002336502075, 0.45500001311302185, 0.4240000247955322, 0.42600002884864807], "ood_ce": [2.3007583618164062, 2.1652631759643555, 1.9962414503097534, 1.9203689098358154, 1.9067078828811646, 1.8913235664367676, 1.945274829864502, 1.899871587753296, 2.0004723072052, 2.044689178466797, 2.0165421962738037, 2.150681257247925, 2.313014507293701, 2.303546190261841, 2.3095366954803467, 2.3078043460845947, 2.42934513092041, 2.414163827896118, 2.63616943359375, 2.7334036827087402, 2.6070761680603027, 2.7561051845550537, 2.8513851165771484, 2.6657676696777344, 2.8594279289245605, 2.8247015476226807, 2.6470844745635986, 2.6647448539733887, 3.0245394706726074, 2.776035785675049, 2.7971737384796143, 2.7222561836242676, 2.7970941066741943, 2.86116623878479, 2.9054248332977295, 2.985866069793701, 3.1663241386413574, 3.177675247192383, 3.012211322784424, 3.1038122177124023, 3.1952834129333496, 3.077101707458496, 3.214752435684204, 3.351691961288452, 3.2351114749908447, 3.075326442718506, 3.28887677192688, 3.498194932937622, 3.0564124584198, 3.241816520690918, 3.373074531555176]}