{"step": [0, 30, 60, 90, 120, 150, 180, 210, 240, 270, 300, 330, 360, 390, 420, 450, 480, 510, 540, 570, 600, 630, 660, 690, 720, 750, 780, 810, 840, 870, 900, 930, 960, 990, 1020, 1050, 1080, 1110, 1140, 1170, 1200, 1230, 1260, 1290, 1320, 1350, 1380, 1410, 1440, 1470, 1499], "train": [2.302424589792887, 2.098813613255819, 1.7323827346165974, 1.350180705388387, 1.0133508443832397, 0.7996569673220316, 0.6011143028736115, 0.5246915817260742, 0.4453493704398473, 0.3882924069960912, 0.3644322107235591, 0.30105646948019665, 0.26852090160051983, 0.2712000161409378, 0.27804216742515564, 0.2279237061738968, 0.16191695630550385, 0.1726659039656321, 0.16204396386941275, 0.20237229764461517, 0.15778478483359018, 0.14378716051578522, 0.16119906306266785, 0.17749381562074026, 0.16006967425346375, 0.14134611189365387, 0.13667113582293192, 0.16111340125401816, 0.12559694051742554, 0.12194059044122696, 0.14646797875563303, 0.16166769713163376, 0.19284924368063608, 0.16262178122997284, 0.13290882855653763, 0.09500747919082642, 0.08705836782852809, 0.10835097978512447, 0.12381886442502339, 0.1657272552450498, 0.2009682555993398, 0.12213657299677531, 0.12191896140575409, 0.08680276572704315, 0.07426594570279121, 0.10852595170338948, 0.17675321797529855, 0.1004335880279541, 0.17298081517219543, 0.12732450664043427, 0.18048483630021414], "ood_acc": [0.11100000888109207, 0.27000001072883606, 0.3190000057220459, 0.36400002241134644, 0.36500000953674316, 0.367000013589859, 0.39000001549720764, 0.42100003361701965, 0.43300002813339233, 0.4270000159740448, 0.4360000193119049, 0.44700002670288086, 0.4180000126361847, 0.4350000321865082, 0.4300000071525574, 0.4300000071525574, 0.42000001668930054, 0.42500001192092896, 0.4220000207424164, 0.4300000071525574, 0.4350000321865082, 0.4270000159740448, 0.4350000321865082, 0.4050000309944153, 0.4090000092983246, 0.38600000739097595, 0.42600002884864807, 0.4010000228881836, 0.42500001192092896, 0.4050000309944153, 0.37800002098083496, 0.4090000092983246, 0.3710000216960907, 0.39900001883506775, 0.41600000858306885, 0.41600000858306885, 0.4150000214576721, 0.41700002551078796, 0.3880000114440918, 0.41200003027915955, 0.4090000092983246, 0.38100001215934753, 0.41200003027915955, 0.36900001764297485, 0.36400002241134644, 0.3970000147819519, 0.4140000343322754, 0.40400001406669617, 0.3920000195503235, 0.37400001287460327, 0.3960000276565552], "ood_ce": [2.2975423336029053, 2.1698646545410156, 1.988105297088623, 1.7914118766784668, 1.795858383178711, 1.8793565034866333, 1.9937796592712402, 2.0110151767730713, 2.1035146713256836, 2.209087371826172, 2.1720218658447266, 2.1920554637908936, 2.279634952545166, 2.295637369155884, 2.7183921337127686, 2.561537027359009, 2.584592342376709, 2.6095194816589355, 2.677649974822998, 2.7646594047546387, 2.665168046951294, 2.781519889831543, 2.6837875843048096, 3.0051209926605225, 3.5455920696258545, 3.2793095111846924, 2.858660936355591, 2.8933799266815186, 2.853825330734253, 3.35227370262146, 3.696746587753296, 3.2219977378845215, 3.2226450443267822, 3.2674925327301025, 3.273482084274292, 3.2162487506866455, 3.473336696624756, 3.65437650680542, 3.6075146198272705, 3.1835498809814453, 3.3321104049682617, 3.4260265827178955, 3.1273601055145264, 3.5381836891174316, 3.815359115600586, 3.8573663234710693, 3.576042652130127, 3.4709856510162354, 3.6298904418945312, 3.746483087539673, 3.7780065536499023]}