{"step": [0, 30, 60, 90, 120, 150, 180, 210, 240, 270, 300, 330, 360, 390, 420, 450, 480, 510, 540, 570, 600, 630, 660, 690, 720, 750, 780, 810, 840, 870, 900, 930, 960, 990, 1020, 1050, 1080, 1110, 1140, 1170, 1200, 1230, 1260, 1290, 1320, 1350, 1380, 1410, 1440, 1470, 1499], "train": [2.289719343185425, 2.0497421423594155, 1.6428673267364502, 1.31433109442393, 0.9897158543268839, 0.7653625806172689, 0.5957681834697723, 0.5107472936312357, 0.4380737841129303, 0.388923446337382, 0.37500492731730145, 0.3480574091275533, 0.28858212133248645, 0.2883072793483734, 0.2633986125389735, 0.25512796143690747, 0.34298017124334973, 0.2501351088285446, 0.2234425147374471, 0.22709967195987701, 0.20956642925739288, 0.1799862782160441, 0.17300739884376526, 0.1645628958940506, 0.16767726838588715, 0.1741382877031962, 0.1473910833398501, 0.13278462986151376, 0.09223654369513194, 0.1260297248760859, 0.1394578441977501, 0.15120678643385568, 0.13958075642585754, 0.11032627026240031, 0.4143091216683388, 0.08552316576242447, 0.12613332768281302, 0.13339408238728842, 0.11627317716677983, 0.11117512732744217, 0.16990684966246286, 0.3176812380552292, 0.08598845452070236, 0.10095897565285365, 0.07832267880439758, 0.12642468015352884, 0.1289948746562004, 0.10059409216046333, 0.10058759401241939, 0.09486348181962967, 0.0804889127612114], "ood_acc": [0.1120000034570694, 0.24300001561641693, 0.27300000190734863, 0.28700000047683716, 0.31800001859664917, 0.3720000088214874, 0.40300002694129944, 0.39500001072883606, 0.3660000264644623, 0.4190000295639038, 0.4230000078678131, 0.453000009059906, 0.4350000321865082, 0.4240000247955322, 0.445000022649765, 0.4310000240802765, 0.4190000295639038, 0.40700000524520874, 0.4310000240802765, 0.4350000321865082, 0.4220000207424164, 0.44200003147125244, 0.4400000274181366, 0.41600000858306885, 0.42500001192092896, 0.4310000240802765, 0.4390000104904175, 0.4480000138282776, 0.4440000355243683, 0.4230000078678131, 0.4130000174045563, 0.4410000145435333, 0.45000001788139343, 0.4130000174045563, 0.4440000355243683, 0.4280000329017639, 0.4220000207424164, 0.4140000343322754, 0.406000018119812, 0.4150000214576721, 0.43300002813339233, 0.42900002002716064, 0.4350000321865082, 0.4310000240802765, 0.44200003147125244, 0.42000001668930054, 0.398000031709671, 0.4410000145435333, 0.42000001668930054, 0.42000001668930054, 0.40700000524520874], "ood_ce": [2.3007583618164062, 2.1650335788726807, 1.9943913221359253, 1.9573782682418823, 1.9570475816726685, 1.918867588043213, 1.965561032295227, 1.9349220991134644, 2.1993770599365234, 2.1202921867370605, 2.1147420406341553, 2.139150381088257, 2.199481964111328, 2.340125799179077, 2.2603509426116943, 2.352505922317505, 2.555429697036743, 2.4644505977630615, 2.7106664180755615, 2.657864809036255, 2.598935604095459, 2.75565242767334, 2.7005856037139893, 2.664306402206421, 2.785064458847046, 2.7115767002105713, 2.6055798530578613, 2.7803287506103516, 3.188703775405884, 3.436190605163574, 3.2768216133117676, 3.3656394481658936, 3.522120714187622, 3.3790524005889893, 3.423503875732422, 3.2759644985198975, 3.3063604831695557, 3.181922197341919, 2.904226064682007, 3.0322842597961426, 2.702666759490967, 3.0877323150634766, 3.33444881439209, 3.33319354057312, 3.6685831546783447, 4.009899616241455, 3.550583600997925, 3.3809173107147217, 3.491741895675659, 3.5697925090789795, 3.4362404346466064]}