{"step": [0, 30, 60, 90, 120, 150, 180, 210, 240, 270, 300, 330, 360, 390, 420, 450, 480, 510, 540, 570, 600, 630, 660, 690, 720, 750, 780, 810, 840, 870, 900, 930, 960, 990, 1020, 1050, 1080, 1110, 1140, 1170, 1200, 1230, 1260, 1290, 1320, 1350, 1380, 1410, 1440, 1470, 1499], "train": [2.3100438912709556, 2.10998543103536, 1.7118006944656372, 1.3648475805918376, 1.0439818302790325, 0.8252569834391276, 0.6160386900107065, 0.5480193893114725, 0.4526810149351756, 0.41666777928670246, 0.38673684497674304, 0.3313921143611272, 0.3028511603673299, 0.2700840582450231, 0.2450945278008779, 0.23206285138924918, 0.20863901575406393, 0.18507584432760874, 0.17108938346306482, 0.15150068451960882, 0.13959272702534994, 0.27150143682956696, 0.1435499166448911, 0.11043791969617207, 0.1428200602531433, 0.11983848611513774, 0.13583682725826898, 0.1646588295698166, 0.12720333536465964, 0.11783311267693837, 0.11318447440862656, 0.10849918176730473, 0.10158390800158183, 0.1047153224547704, 0.1130894881983598, 0.11660614609718323, 0.09228602796792984, 0.10740264505147934, 0.09806823606292407, 0.1087532639503479, 0.09518337001403172, 0.07001982691387336, 0.10554857800404231, 0.0904215897123019, 0.09754290183385213, 0.09231644620498021, 0.08489342654744784, 0.0786626065770785, 0.10081658015648524, 0.06792495399713516, 0.06881237030029297], "ood_acc": [0.07500000298023224, 0.23200000822544098, 0.28700000047683716, 0.3110000193119049, 0.34300002455711365, 0.398000031709671, 0.398000031709671, 0.4140000343322754, 0.4190000295639038, 0.41100001335144043, 0.4130000174045563, 0.42100003361701965, 0.41600000858306885, 0.4230000078678131, 0.4390000104904175, 0.41700002551078796, 0.4410000145435333, 0.4280000329017639, 0.42000001668930054, 0.4410000145435333, 0.4440000355243683, 0.43300002813339233, 0.45000001788139343, 0.4350000321865082, 0.43400001525878906, 0.4000000059604645, 0.4190000295639038, 0.3720000088214874, 0.41700002551078796, 0.4320000112056732, 0.4020000100135803, 0.4240000247955322, 0.43400001525878906, 0.4230000078678131, 0.445000022649765, 0.4180000126361847, 0.4270000159740448, 0.4240000247955322, 0.41100001335144043, 0.4300000071525574, 0.39900001883506775, 0.41700002551078796, 0.3930000066757202, 0.3800000250339508, 0.41200003027915955, 0.40300002694129944, 0.3970000147819519, 0.4020000100135803, 0.4300000071525574, 0.42900002002716064, 0.42600002884864807], "ood_ce": [2.309131383895874, 2.1809425354003906, 1.9713462591171265, 1.8702335357666016, 1.8578068017959595, 1.7435191869735718, 2.0239059925079346, 1.9170465469360352, 1.9030156135559082, 2.080111026763916, 2.13783860206604, 2.2366535663604736, 2.337587356567383, 2.316779375076294, 2.4189412593841553, 2.430065870285034, 2.588408946990967, 2.4518520832061768, 2.6887576580047607, 2.5677735805511475, 2.5305356979370117, 2.5980374813079834, 2.2106571197509766, 2.5184996128082275, 2.688265085220337, 2.6000351905822754, 2.8254847526550293, 3.280775547027588, 2.7384722232818604, 3.115422248840332, 3.4842894077301025, 2.9511256217956543, 3.0927939414978027, 2.973684549331665, 3.152575731277466, 3.1702938079833984, 3.289764165878296, 3.599033832550049, 3.3934578895568848, 3.5008959770202637, 3.5385048389434814, 3.4238736629486084, 3.4723386764526367, 3.5848045349121094, 3.7015397548675537, 3.4824187755584717, 3.490139961242676, 3.644702672958374, 3.874218702316284, 3.638226270675659, 4.143975734710693]}