{"step": [0, 30, 60, 90, 120, 150, 180, 210, 240, 270, 300, 330, 360, 390, 420, 450, 480, 510, 540, 570, 600, 630, 660, 690, 720, 750, 780, 810, 840, 870, 900, 930, 960, 990, 1020, 1050, 1080, 1110, 1140, 1170, 1200, 1230, 1260, 1290, 1320, 1350, 1380, 1410, 1440, 1470, 1499], "train": [2.309722582499186, 2.144903818766276, 1.7589332660039265, 1.4137532313664753, 1.0422307054201763, 0.8091527819633484, 0.6250186860561371, 0.561052660147349, 0.45391567548116046, 0.36142150064309436, 0.3325141767660777, 0.30456029375394184, 0.23815474410851797, 0.2431536167860031, 0.2798256576061249, 0.21267938117186228, 0.19294164081414542, 0.16992658376693726, 0.14040842652320862, 0.1565209925174713, 0.20027735829353333, 0.2866487503051758, 0.14033315082391104, 0.14754563321669897, 0.13481097668409348, 0.12733378758033118, 0.1946839839220047, 0.11484689017136891, 0.1919398456811905, 0.12196748207012813, 0.11803447206815083, 0.10581408441066742, 0.11016379793485005, 0.14793995022773743, 0.15927482893069586, 0.10931891947984695, 0.12699974328279495, 0.12152385214964549, 0.12074181934197743, 0.12570935984452566, 0.13693630695343018, 0.08418157200018565, 0.1291527251402537, 0.12994316716988882, 0.09485999494791031, 0.07330538208285968, 0.10992053151130676, 0.09796348959207535, 0.13915301859378815, 0.11843966444333394, 0.07306887830297153], "ood_acc": [0.11000000685453415, 0.22200001776218414, 0.2750000059604645, 0.3110000193119049, 0.3100000023841858, 0.3720000088214874, 0.3660000264644623, 0.39400002360343933, 0.38700002431869507, 0.3570000231266022, 0.3920000195503235, 0.38200002908706665, 0.4010000228881836, 0.3970000147819519, 0.41200003027915955, 0.40400001406669617, 0.406000018119812, 0.4130000174045563, 0.4190000295639038, 0.40300002694129944, 0.41600000858306885, 0.40300002694129944, 0.42100003361701965, 0.406000018119812, 0.40700000524520874, 0.39100003242492676, 0.4020000100135803, 0.41200003027915955, 0.41700002551078796, 0.42000001668930054, 0.38600000739097595, 0.3530000150203705, 0.4100000262260437, 0.4090000092983246, 0.3850000202655792, 0.3880000114440918, 0.40300002694129944, 0.3890000283718109, 0.38200002908706665, 0.38700002431869507, 0.3830000162124634, 0.36000001430511475, 0.406000018119812, 0.3720000088214874, 0.39900001883506775, 0.38700002431869507, 0.38100001215934753, 0.3960000276565552, 0.36100003123283386, 0.3880000114440918, 0.3830000162124634], "ood_ce": [2.3041341304779053, 2.216886043548584, 2.0357770919799805, 1.8923569917678833, 1.9424997568130493, 1.8906065225601196, 2.1453092098236084, 1.9360527992248535, 2.1982836723327637, 2.2157394886016846, 2.1754934787750244, 2.454291582107544, 2.1329565048217773, 2.5613749027252197, 2.5002894401550293, 2.3063836097717285, 2.5169577598571777, 2.698286294937134, 2.8187010288238525, 2.7348427772521973, 2.6063623428344727, 2.7933690547943115, 2.5338211059570312, 2.961735725402832, 2.921785354614258, 3.1835081577301025, 3.3580918312072754, 2.902365207672119, 2.9612441062927246, 3.1940150260925293, 3.1627917289733887, 3.31093168258667, 2.7539989948272705, 3.2851462364196777, 3.0955426692962646, 2.9911866188049316, 3.295093536376953, 3.481901168823242, 3.681708812713623, 3.7100815773010254, 3.932217597961426, 4.203324794769287, 4.3183135986328125, 3.926220655441284, 3.4798572063446045, 3.665327787399292, 4.262486934661865, 4.176600456237793, 4.3576507568359375, 4.195337295532227, 3.930936574935913]}