{"step": [0, 30, 60, 90, 120, 150, 180, 210, 240, 270, 300, 330, 360, 390, 420, 450, 480, 510, 540, 570, 600, 630, 660, 690, 720, 750, 780, 810, 840, 870, 900, 930, 960, 990, 1020, 1050, 1080, 1110, 1140, 1170, 1200, 1230, 1260, 1290, 1320, 1350, 1380, 1410, 1440, 1470, 1499], "train": [2.289719343185425, 2.0701209704081216, 1.7152221202850342, 1.3322015206019084, 1.0427631338437398, 0.7971769372622172, 0.6866325338681539, 0.6114933590094248, 0.48778781294822693, 0.4112853904565175, 0.3970821102460225, 0.39671702186266583, 0.32601065933704376, 0.2610684086879094, 0.29965540766716003, 0.24179819722970328, 0.26693907876809436, 0.22619634866714478, 0.2140814314285914, 0.16585969676574072, 0.21622062722841898, 0.2679591278235118, 0.1976089874903361, 0.197470893462499, 0.15292208890120187, 0.14286979287862778, 0.17138075331846872, 0.13825565576553345, 0.15984429915746054, 0.21697921057542166, 0.12621965010960898, 0.17069095621506372, 0.11544083307186763, 0.10048545772830646, 0.1670625607172648, 0.12419004986683528, 0.19177782287200293, 0.15444972614447275, 0.3267023464043935, 0.14354773859182993, 0.3658754825592041, 0.09025545169909795, 0.1129225306212902, 0.12143982201814651, 0.19162790973981222, 0.13017398615678152, 0.11962197472651799, 0.09348161518573761, 0.1181427389383316, 0.09204849352439244, 0.09352484842141469], "ood_acc": [0.1120000034570694, 0.1850000023841858, 0.2750000059604645, 0.25300002098083496, 0.29200002551078796, 0.3400000035762787, 0.3710000216960907, 0.42100003361701965, 0.36400002241134644, 0.40800002217292786, 0.4230000078678131, 0.4350000321865082, 0.41700002551078796, 0.4300000071525574, 0.4410000145435333, 0.4360000193119049, 0.40300002694129944, 0.4000000059604645, 0.4320000112056732, 0.42000001668930054, 0.3890000283718109, 0.4130000174045563, 0.3920000195503235, 0.40800002217292786, 0.4350000321865082, 0.43800002336502075, 0.42100003361701965, 0.4300000071525574, 0.42600002884864807, 0.3720000088214874, 0.4150000214576721, 0.3490000069141388, 0.4130000174045563, 0.3880000114440918, 0.4140000343322754, 0.41600000858306885, 0.3970000147819519, 0.40700000524520874, 0.3490000069141388, 0.4220000207424164, 0.39900001883506775, 0.4230000078678131, 0.3920000195503235, 0.3920000195503235, 0.38100001215934753, 0.3840000033378601, 0.406000018119812, 0.42900002002716064, 0.4010000228881836, 0.3890000283718109, 0.3700000047683716], "ood_ce": [2.3007583618164062, 2.1754982471466064, 2.007103204727173, 2.060485363006592, 2.161865711212158, 2.157463550567627, 1.9880247116088867, 1.8918373584747314, 2.0573582649230957, 2.085350751876831, 2.1250603199005127, 2.107391357421875, 2.3095998764038086, 2.524686574935913, 2.550062894821167, 2.3097617626190186, 2.705265760421753, 2.6358084678649902, 2.6071090698242188, 2.8003549575805664, 2.8630788326263428, 2.609809637069702, 3.011768341064453, 2.7092478275299072, 2.5564680099487305, 2.631850242614746, 3.151838779449463, 2.9211509227752686, 2.9769351482391357, 3.2917826175689697, 2.836587905883789, 2.9529006481170654, 2.768827438354492, 3.4973466396331787, 3.8215315341949463, 3.590810537338257, 3.4317798614501953, 3.5318603515625, 3.228360652923584, 2.766767978668213, 3.206578016281128, 2.9012880325317383, 3.7074992656707764, 3.8624751567840576, 3.891329050064087, 3.118664026260376, 3.523419141769409, 3.633793592453003, 3.6712894439697266, 4.092753887176514, 3.958242416381836]}