{"step": [0, 30, 60, 90, 120, 150, 180, 210, 240, 270, 300, 330, 360, 390, 420, 450, 480, 510, 540, 570, 600, 630, 660, 690, 720, 750, 780, 810, 840, 870, 900, 930, 960, 990, 1020, 1050, 1080, 1110, 1140, 1170, 1200, 1230, 1260, 1290, 1320, 1350, 1380, 1410, 1440, 1470, 1499], "train": [2.3100438912709556, 2.11124324798584, 1.744280735651652, 1.3273699680964153, 1.0050438046455383, 0.8060391743977865, 0.6761736869812012, 0.5784363249937693, 0.47672216097513836, 0.4586959481239319, 0.43085100253423053, 0.3546253790458043, 0.35321277379989624, 0.28784989813963574, 0.36671218276023865, 0.2502162307500839, 0.26104500889778137, 0.2765515943368276, 0.22194597125053406, 0.18465852985779443, 0.18164621790250143, 0.1365089143315951, 0.17722616593043009, 0.17144312461217245, 0.16316262384255728, 0.13866284489631653, 0.2633195420106252, 0.11150265485048294, 0.16393035650253296, 0.18033264577388763, 0.16952583193778992, 0.13209101806084314, 0.1218833401799202, 0.18733404576778412, 0.1969850535194079, 0.16235706706841788, 0.10002647712826729, 0.11236939827601115, 0.11856724818547566, 0.12353576471408208, 0.1038089320063591, 0.0993302861849467, 0.10463109612464905, 0.07948800548911095, 0.074169027308623, 0.08745792632301648, 0.10074522718787193, 0.1163760523001353, 0.10758705933888753, 0.0893340731660525, 0.10682509342829387], "ood_acc": [0.07500000298023224, 0.23600001633167267, 0.2760000228881836, 0.2630000114440918, 0.30000001192092896, 0.3460000157356262, 0.35200002789497375, 0.4020000100135803, 0.4010000228881836, 0.39400002360343933, 0.4190000295639038, 0.38200002908706665, 0.4230000078678131, 0.4270000159740448, 0.4280000329017639, 0.39500001072883606, 0.4300000071525574, 0.4360000193119049, 0.4410000145435333, 0.4660000205039978, 0.42500001192092896, 0.4140000343322754, 0.47300001978874207, 0.39500001072883606, 0.4320000112056732, 0.40800002217292786, 0.4400000274181366, 0.445000022649765, 0.42500001192092896, 0.40800002217292786, 0.4090000092983246, 0.4360000193119049, 0.4410000145435333, 0.4360000193119049, 0.42100003361701965, 0.40400001406669617, 0.3890000283718109, 0.4150000214576721, 0.40400001406669617, 0.42900002002716064, 0.45600003004074097, 0.4220000207424164, 0.4400000274181366, 0.4360000193119049, 0.4360000193119049, 0.42500001192092896, 0.4270000159740448, 0.4540000259876251, 0.4240000247955322, 0.43400001525878906, 0.38200002908706665], "ood_ce": [2.309131383895874, 2.1743781566619873, 1.9571149349212646, 2.0253026485443115, 2.1731295585632324, 2.143686532974243, 2.4446825981140137, 2.08406662940979, 2.068319797515869, 2.265645742416382, 2.3181750774383545, 2.2938568592071533, 2.2337987422943115, 2.530231237411499, 2.5502591133117676, 2.599093437194824, 2.6278488636016846, 2.603200674057007, 2.695251703262329, 2.3723788261413574, 2.6257224082946777, 2.6242823600769043, 2.561736583709717, 2.7380905151367188, 2.694369316101074, 2.8287127017974854, 2.749603748321533, 2.971273899078369, 3.291085958480835, 3.2738637924194336, 3.184047222137451, 2.717806339263916, 3.0520265102386475, 3.15552020072937, 3.0893115997314453, 2.94911527633667, 3.320779323577881, 3.6655733585357666, 3.31510591506958, 3.2590951919555664, 3.5163586139678955, 3.60882568359375, 3.3536298274993896, 3.8130149841308594, 3.6763620376586914, 3.719442844390869, 3.654653549194336, 3.8115041255950928, 3.8466176986694336, 3.5511422157287598, 3.66806697845459]}