{"step": [0, 30, 60, 90, 120, 150, 180, 210, 240, 270, 300, 330, 360, 390, 420, 450, 480, 510, 540, 570, 600, 630, 660, 690, 720, 750, 780, 810, 840, 870, 900, 930, 960, 990, 1020, 1050, 1080, 1110, 1140, 1170, 1200, 1230, 1260, 1290, 1320, 1350, 1380, 1410, 1440, 1470, 1499], "train": [2.2955477237701416, 2.0414748191833496, 1.6049863894780476, 1.2922164996465046, 0.9495885570844015, 0.7513183255990347, 0.5815532505512238, 0.4857182602087657, 0.42726558943589527, 0.36595862607161206, 0.31678463021914166, 0.2608075886964798, 0.26008495688438416, 0.23476549486319223, 0.2295721173286438, 0.18735099583864212, 0.16116811583439508, 0.18644354740778604, 0.17238783339659372, 0.15347547829151154, 0.2082386463880539, 0.16225775827964148, 0.12931047131617865, 0.12101803719997406, 0.16145523389180502, 0.1346777155995369, 0.08504878357052803, 0.08087565004825592, 0.0912735586365064, 0.2540232539176941, 0.11768716325362523, 0.22089081505934396, 0.36207160353660583, 0.1160297691822052, 0.12602276355028152, 0.14545729756355286, 0.0984606184065342, 0.09816788882017136, 0.09702463199694951, 0.13759379337231317, 0.10542294631401698, 0.077705018222332, 0.1411796137690544, 0.09544648975133896, 0.11001928399006526, 0.07435144856572151, 0.07070713986953099, 0.13548138737678528, 0.13600904742876688, 0.12636045863231024, 0.08207872634132703], "ood_acc": [0.08700000494718552, 0.23000000417232513, 0.289000004529953, 0.2670000195503235, 0.34200000762939453, 0.36500000953674316, 0.3700000047683716, 0.398000031709671, 0.38700002431869507, 0.38100001215934753, 0.39100003242492676, 0.39400002360343933, 0.3890000283718109, 0.42500001192092896, 0.3970000147819519, 0.40400001406669617, 0.4100000262260437, 0.39100003242492676, 0.4050000309944153, 0.4100000262260437, 0.4150000214576721, 0.40400001406669617, 0.3850000202655792, 0.4130000174045563, 0.3890000283718109, 0.3790000081062317, 0.4010000228881836, 0.3960000276565552, 0.39400002360343933, 0.42000001668930054, 0.4230000078678131, 0.42900002002716064, 0.4100000262260437, 0.40300002694129944, 0.38700002431869507, 0.3710000216960907, 0.3920000195503235, 0.42100003361701965, 0.38700002431869507, 0.40800002217292786, 0.3830000162124634, 0.39900001883506775, 0.37700000405311584, 0.4150000214576721, 0.3800000250339508, 0.3710000216960907, 0.36500000953674316, 0.3720000088214874, 0.3830000162124634, 0.39900001883506775, 0.4010000228881836], "ood_ce": [2.309570789337158, 2.1693098545074463, 1.9711575508117676, 1.919735074043274, 1.882244348526001, 1.9497730731964111, 2.0028738975524902, 2.036916494369507, 2.1528191566467285, 2.200113534927368, 2.3920605182647705, 2.497310161590576, 2.6719300746917725, 2.4628124237060547, 2.678433656692505, 2.7388250827789307, 2.769066572189331, 2.671562433242798, 2.976527452468872, 2.9043655395507812, 3.0634937286376953, 2.9621224403381348, 2.8704473972320557, 2.8485920429229736, 2.8843023777008057, 3.1975321769714355, 2.8732070922851562, 2.8676912784576416, 3.051234483718872, 3.222107410430908, 3.049766778945923, 3.3059356212615967, 3.514871120452881, 3.7288663387298584, 3.6629674434661865, 3.5474257469177246, 3.3285694122314453, 3.6375467777252197, 3.776135206222534, 3.5063767433166504, 3.681849956512451, 3.6125242710113525, 3.698387384414673, 3.4645655155181885, 3.6834163665771484, 3.8071236610412598, 4.273329734802246, 4.539072036743164, 3.9391863346099854, 4.150899887084961, 4.464328289031982]}