{"step": [0, 30, 60, 90, 120, 150, 180, 210, 240, 270, 300, 330, 360, 390, 420, 450, 480, 510, 540, 570, 600, 630, 660, 690, 720, 750, 780, 810, 840, 870, 900, 930, 960, 990, 1020, 1050, 1080, 1110, 1140, 1170, 1200, 1230, 1260, 1290, 1320, 1350, 1380, 1410, 1440, 1470, 1499], "train": [2.3100438912709556, 2.1052427291870117, 1.7073371807734172, 1.2967153390248616, 1.0026757915814717, 0.7873599529266357, 0.66352445880572, 0.5825695991516113, 0.530066063006719, 0.43732937177022296, 0.42501023411750793, 0.37238604327042896, 0.3133045236269633, 0.29649252196153003, 0.30418240030606586, 0.27767197291056317, 0.24627338846524557, 0.2819083482027054, 0.22639227906862894, 0.19074412683645883, 0.16049672663211823, 0.14628806710243225, 0.16548142085472742, 0.13965020577112833, 0.12313082814216614, 0.12850632518529892, 0.14850922177235285, 0.1586692084868749, 0.1376462976137797, 0.140066459774971, 0.11985026548306148, 0.13457100838422775, 0.11642972628275554, 0.12016090378165245, 0.14114432533582053, 0.11767630279064178, 0.10025373846292496, 0.08519750088453293, 0.12942911436160406, 0.1176530917485555, 0.10444649184743564, 0.11162313570578893, 0.085651400188605, 0.1299310326576233, 0.1255217914779981, 0.07623253266016643, 0.10355021556218465, 0.11434295525153478, 0.10111813247203827, 0.09950874870022137, 0.13706253468990326], "ood_acc": [0.07500000298023224, 0.23500001430511475, 0.29100000858306885, 0.2800000011920929, 0.30900001525878906, 0.3540000021457672, 0.3750000298023224, 0.40400001406669617, 0.39000001549720764, 0.3880000114440918, 0.40300002694129944, 0.4410000145435333, 0.41600000858306885, 0.40400001406669617, 0.42600002884864807, 0.4310000240802765, 0.43700000643730164, 0.3970000147819519, 0.45500001311302185, 0.4010000228881836, 0.4540000259876251, 0.41600000858306885, 0.3880000114440918, 0.4580000340938568, 0.44600000977516174, 0.4230000078678131, 0.44700002670288086, 0.44300001859664917, 0.4300000071525574, 0.41100001335144043, 0.41600000858306885, 0.4240000247955322, 0.4480000138282776, 0.42000001668930054, 0.4000000059604645, 0.42500001192092896, 0.40400001406669617, 0.41700002551078796, 0.4270000159740448, 0.445000022649765, 0.4150000214576721, 0.4390000104904175, 0.4090000092983246, 0.4270000159740448, 0.4320000112056732, 0.42000001668930054, 0.398000031709671, 0.4190000295639038, 0.4240000247955322, 0.41600000858306885, 0.4270000159740448], "ood_ce": [2.309131383895874, 2.171783685684204, 1.948825478553772, 2.002007484436035, 2.125648021697998, 2.069746971130371, 2.4237282276153564, 2.0184712409973145, 2.1833550930023193, 2.2482776641845703, 2.4709372520446777, 2.492238759994507, 2.31557035446167, 2.4882662296295166, 2.5378406047821045, 2.4729163646698, 2.6234350204467773, 2.8414018154144287, 2.3767590522766113, 2.6606929302215576, 2.5253353118896484, 2.881721258163452, 2.8589563369750977, 2.696296215057373, 2.598187208175659, 2.7735486030578613, 3.215662956237793, 3.116318464279175, 3.27408504486084, 3.0821056365966797, 3.046983480453491, 3.2544922828674316, 2.9589293003082275, 3.096520185470581, 3.2700326442718506, 3.127307415008545, 3.195930242538452, 3.1142935752868652, 3.2560806274414062, 2.9453837871551514, 3.442474126815796, 3.413571834564209, 3.3162014484405518, 3.80159592628479, 3.4579646587371826, 3.674069404602051, 4.316197872161865, 3.7664105892181396, 3.5632219314575195, 3.573068380355835, 3.7318711280822754]}