{"step": [0, 30, 60, 90, 120, 150, 180, 210, 240, 270, 300, 330, 360, 390, 420, 450, 480, 510, 540, 570, 600, 630, 660, 690, 720, 750, 780, 810, 840, 870, 900, 930, 960, 990, 1020, 1050, 1080, 1110, 1140, 1170, 1200, 1230, 1260, 1290, 1320, 1350, 1380, 1410, 1440, 1470, 1499], "train": [2.3100438912709556, 2.1321376164754233, 1.89694611231486, 1.5745387077331543, 1.4875104029973347, 1.5905057589213054, 1.353689471880595, 1.4335750341415405, 1.0782468914985657, 1.078093409538269, 1.1205658912658691, 0.7464075088500977, 0.9916945894559225, 0.6806140939394633, 0.7873806556065878, 1.2253026167551677, 0.6461489399274191, 0.6617949604988098, 0.5914942026138306, 0.6405739188194275, 0.6758525172869364, 0.4491023123264313, 0.5205840965112051, 0.580056885878245, 0.9223321676254272, 0.4546250104904175, 0.5364375909169515, 0.48079856236775714, 0.39689664045969647, 0.42519640922546387, 0.30892346302668255, 0.38233305017153424, 0.41958319147427875, 0.8503210544586182, 0.29645360509554547, 0.3339462677637736, 0.49629122018814087, 0.34393487373987836, 0.380611389875412, 0.35317227244377136, 0.37853063146273297, 0.6435391207536062, 0.29694174726804096, 0.3649234374364217, 0.31054479877154034, 0.178728515903155, 0.5433010260264078, 0.22084852556387582, 0.317704975605011, 0.4476285974184672, 0.3727671305338542], "ood_acc": [0.07500000298023224, 0.21900001168251038, 0.23800000548362732, 0.2670000195503235, 0.24800001084804535, 0.3020000159740448, 0.3290000259876251, 0.3440000116825104, 0.3790000081062317, 0.367000013589859, 0.37700000405311584, 0.36400002241134644, 0.367000013589859, 0.35200002789497375, 0.40300002694129944, 0.41700002551078796, 0.40300002694129944, 0.3680000305175781, 0.3800000250339508, 0.4400000274181366, 0.3540000021457672, 0.398000031709671, 0.4140000343322754, 0.39000001549720764, 0.445000022649765, 0.38600000739097595, 0.3970000147819519, 0.41200003027915955, 0.43700000643730164, 0.4150000214576721, 0.4390000104904175, 0.40700000524520874, 0.3630000054836273, 0.41100001335144043, 0.3750000298023224, 0.40300002694129944, 0.4140000343322754, 0.4390000104904175, 0.41700002551078796, 0.4400000274181366, 0.4300000071525574, 0.3890000283718109, 0.4150000214576721, 0.38600000739097595, 0.4300000071525574, 0.43800002336502075, 0.3880000114440918, 0.4270000159740448, 0.4300000071525574, 0.38200002908706665, 0.367000013589859], "ood_ce": [2.309131383895874, 2.1874947547912598, 2.022972822189331, 2.073377847671509, 2.491574764251709, 2.718414545059204, 2.969256639480591, 2.7882049083709717, 2.1555263996124268, 2.2657368183135986, 2.5224595069885254, 2.4953222274780273, 2.4888217449188232, 2.705991268157959, 2.9508471488952637, 2.649529218673706, 2.440046787261963, 2.9026072025299072, 2.8702285289764404, 2.7944133281707764, 3.1407525539398193, 2.9887619018554688, 3.4466686248779297, 3.27871036529541, 2.9878721237182617, 2.844196081161499, 3.3663735389709473, 3.0763561725616455, 2.958484172821045, 3.0489485263824463, 3.621425151824951, 4.463917255401611, 3.9684669971466064, 3.713947057723999, 3.3901126384735107, 3.9494595527648926, 3.2074813842773438, 2.820951461791992, 3.8797109127044678, 3.7796871662139893, 3.756650447845459, 3.6285064220428467, 3.3321728706359863, 3.66180419921875, 3.6537532806396484, 3.6804301738739014, 4.499244213104248, 3.9296910762786865, 4.42139196395874, 4.8987226486206055, 4.253881931304932]}