{"step": [0, 30, 60, 90, 120, 150, 180, 210, 240, 270, 300, 330, 360, 390, 420, 450, 480, 510, 540, 570, 600, 630, 660, 690, 720, 750, 780, 810, 840, 870, 900, 930, 960, 990, 1020, 1050, 1080, 1110, 1140, 1170, 1200, 1230, 1260, 1290, 1320, 1350, 1380, 1410, 1440, 1470, 1499], "train": [2.3145358562469482, 2.1611769994099936, 1.8081073760986328, 1.4116603136062622, 1.121439814567566, 0.8592356642087301, 0.6282766958077749, 0.5095090667406718, 0.43534422914187115, 0.36086471378803253, 0.3190128008524577, 0.28282617529233295, 0.2562926113605499, 0.23226644098758698, 0.19877444704373678, 0.20596656203269958, 0.21311940749486288, 0.20495131611824036, 0.15568327903747559, 0.15470904856920242, 0.13625465830167136, 0.12742486596107483, 0.13609158247709274, 0.13325931131839752, 0.1150391052166621, 0.12489348649978638, 0.1807685320576032, 0.10216635713974635, 0.10962207118670146, 0.07485383128126462, 0.0982007160782814, 0.11341595153013866, 0.1123902400334676, 0.11194596191247304, 0.10642769932746887, 0.07655394698182742, 0.09220630427201588, 0.09917232642571132, 0.10687387237946193, 0.16502775996923447, 0.11519819001356761, 0.1100350891550382, 0.05037854549785455, 0.12389471381902695, 0.15702897434433302, 0.13964001586039862, 0.08453564097483952, 0.17361532151699066, 0.14128937323888144, 0.140683151781559, 0.14297446856896082], "ood_acc": [0.08700000494718552, 0.2240000069141388, 0.2900000214576721, 0.31800001859664917, 0.3620000183582306, 0.3800000250339508, 0.3760000169277191, 0.4180000126361847, 0.4280000329017639, 0.4130000174045563, 0.4180000126361847, 0.4190000295639038, 0.42900002002716064, 0.41200003027915955, 0.41100001335144043, 0.43400001525878906, 0.4440000355243683, 0.4410000145435333, 0.4390000104904175, 0.4360000193119049, 0.42000001668930054, 0.4300000071525574, 0.4320000112056732, 0.4020000100135803, 0.4240000247955322, 0.4280000329017639, 0.4100000262260437, 0.4300000071525574, 0.4100000262260437, 0.42600002884864807, 0.4010000228881836, 0.4100000262260437, 0.4240000247955322, 0.42500001192092896, 0.4240000247955322, 0.4240000247955322, 0.445000022649765, 0.4270000159740448, 0.4320000112056732, 0.4000000059604645, 0.4130000174045563, 0.40800002217292786, 0.42000001668930054, 0.4390000104904175, 0.3830000162124634, 0.43300002813339233, 0.4240000247955322, 0.4020000100135803, 0.4050000309944153, 0.4360000193119049, 0.38700002431869507], "ood_ce": [2.3092896938323975, 2.217930555343628, 2.0309717655181885, 1.866681694984436, 1.8084545135498047, 1.8882628679275513, 1.8619580268859863, 1.8707624673843384, 1.8994888067245483, 2.1050727367401123, 2.1506683826446533, 2.134352922439575, 2.3379480838775635, 2.51615834236145, 2.765937089920044, 2.4292685985565186, 2.329240083694458, 2.455299139022827, 2.715696096420288, 2.7846171855926514, 2.7680253982543945, 2.9173171520233154, 2.63839054107666, 2.4795916080474854, 2.6986770629882812, 2.863670587539673, 2.8081281185150146, 2.948209047317505, 3.0484440326690674, 3.03979229927063, 3.4075794219970703, 2.8946101665496826, 2.7857654094696045, 2.939037799835205, 3.0966439247131348, 3.144089698791504, 2.9192066192626953, 3.0691165924072266, 3.255967378616333, 3.5704450607299805, 3.9883458614349365, 3.562180519104004, 3.425222873687744, 3.7446537017822266, 4.113557815551758, 3.8111510276794434, 4.133475303649902, 4.090224266052246, 3.906181812286377, 3.712876558303833, 3.8659539222717285]}