{"step": [0, 30, 60, 90, 120, 150, 180, 210, 240, 270, 300, 330, 360, 390, 420, 450, 480, 510, 540, 570, 600, 630, 660, 690, 720, 750, 780, 810, 840, 870, 900, 930, 960, 990, 1020, 1050, 1080, 1110, 1140, 1170, 1200, 1230, 1260, 1290, 1320, 1350, 1380, 1410, 1440, 1470, 1499], "train": [2.294736703236898, 2.1231795152028403, 1.7674816846847534, 1.3973629474639893, 1.0705030957857768, 0.8337055246035258, 0.6838860114415487, 0.5506886939207712, 0.44401342670122784, 0.4063999702533086, 0.34910109639167786, 0.29536530872186023, 0.26289500047763187, 0.2671944499015808, 0.25297900040944415, 0.3023066073656082, 0.2800467411677043, 0.31714476148287457, 0.23029229044914246, 0.22748552759488425, 0.2237940082947413, 0.18143962820370993, 0.11373969912528992, 0.1343830799063047, 0.16551190117994943, 0.15765646596749625, 0.1619622160991033, 0.13100028534730276, 0.1338206926981608, 0.16656813025474548, 0.1345596189300219, 0.09881294270356496, 0.10455035045742989, 0.11839889238278072, 0.11124566942453384, 0.09825478742520015, 0.09693331519762675, 0.13507905105749765, 0.16973867764075598, 0.15658450375000635, 0.09939916804432869, 0.11744448045889537, 0.11351269359389941, 0.14643922448158264, 0.10583701233069102, 0.10517364864548047, 0.10506477703650792, 0.08094799394408862, 0.0837195763985316, 0.0675096685687701, 0.09306132545073827], "ood_acc": [0.11900000274181366, 0.21900001168251038, 0.2630000114440918, 0.29200002551078796, 0.3140000104904175, 0.37700000405311584, 0.4100000262260437, 0.406000018119812, 0.39900001883506775, 0.3930000066757202, 0.4020000100135803, 0.40400001406669617, 0.4100000262260437, 0.41600000858306885, 0.42100003361701965, 0.4150000214576721, 0.40700000524520874, 0.39500001072883606, 0.42900002002716064, 0.41600000858306885, 0.39500001072883606, 0.4150000214576721, 0.42900002002716064, 0.4240000247955322, 0.44300001859664917, 0.4100000262260437, 0.41600000858306885, 0.4150000214576721, 0.42100003361701965, 0.40700000524520874, 0.40400001406669617, 0.42600002884864807, 0.3970000147819519, 0.398000031709671, 0.40400001406669617, 0.4000000059604645, 0.39500001072883606, 0.39100003242492676, 0.4140000343322754, 0.3960000276565552, 0.41700002551078796, 0.41700002551078796, 0.43300002813339233, 0.3920000195503235, 0.40300002694129944, 0.42100003361701965, 0.39900001883506775, 0.3890000283718109, 0.40300002694129944, 0.4140000343322754, 0.3840000033378601], "ood_ce": [2.3005263805389404, 2.212331771850586, 2.0551986694335938, 1.9614076614379883, 1.978909969329834, 1.8521360158920288, 1.793614387512207, 1.9184449911117554, 1.9243524074554443, 2.111257314682007, 2.228980302810669, 2.0950839519500732, 2.415188789367676, 2.4396286010742188, 2.2980258464813232, 2.6606574058532715, 2.86004638671875, 2.7988674640655518, 2.8719160556793213, 2.8570353984832764, 2.9458491802215576, 2.7622907161712646, 2.7583847045898438, 3.1007776260375977, 3.069415807723999, 3.2395448684692383, 2.9903039932250977, 3.42467999458313, 3.720646381378174, 3.159513473510742, 2.911404609680176, 3.0645320415496826, 3.306215286254883, 3.1636128425598145, 3.022995710372925, 3.0371205806732178, 3.3024656772613525, 3.1075596809387207, 3.3911654949188232, 3.395970106124878, 3.2176833152770996, 3.3689427375793457, 3.2156567573547363, 3.3029189109802246, 3.24448823928833, 3.360839366912842, 3.8310678005218506, 3.539443254470825, 3.4087719917297363, 3.8594815731048584, 3.856336832046509]}