{"step": [0, 30, 60, 90, 120, 150, 180, 210, 240, 270, 300, 330, 360, 390, 420, 450, 480, 510, 540, 570, 600, 630, 660, 690, 720, 750, 780, 810, 840, 870, 900, 930, 960, 990, 1020, 1050, 1080, 1110, 1140, 1170, 1200, 1230, 1260, 1290, 1320, 1350, 1380, 1410, 1440, 1470, 1499], "train": [2.2990516821543374, 2.0653265714645386, 1.711226185162862, 1.294223467508952, 1.0681323409080505, 0.7812813321749369, 0.6658169627189636, 0.6046208441257477, 0.48578431208928424, 0.48464736342430115, 0.373558168609937, 0.33168181280295056, 0.31899985671043396, 0.30713266134262085, 0.2673356533050537, 0.25294195612271625, 0.25685850779215497, 0.2161723574002584, 0.19649025797843933, 0.19144589950640997, 0.3594083935022354, 0.18351345509290695, 0.273262287179629, 0.22738569478193918, 0.19085775315761566, 0.19024928907553354, 0.20315303901831308, 0.18530497948328653, 0.10363221168518066, 0.12950091312328973, 0.11759358768661816, 0.1479550451040268, 0.1652024338642756, 0.1330562854806582, 0.12182815745472908, 0.489083893597126, 0.12484609832366307, 0.16175498068332672, 0.15070960919062296, 0.12036735564470291, 0.11922962094346683, 0.1355475758512815, 0.17415544763207436, 0.11671764651934306, 0.15671290208896002, 0.11886719365914662, 0.21409815549850464, 0.21604762971401215, 0.45147202412287396, 0.1433717980980873, 0.08681538949410121], "ood_acc": [0.10000000149011612, 0.21700000762939453, 0.2590000033378601, 0.2540000081062317, 0.3330000042915344, 0.3720000088214874, 0.39500001072883606, 0.367000013589859, 0.41200003027915955, 0.3960000276565552, 0.41200003027915955, 0.39500001072883606, 0.39000001549720764, 0.40300002694129944, 0.3930000066757202, 0.41700002551078796, 0.41200003027915955, 0.40400001406669617, 0.38700002431869507, 0.38600000739097595, 0.4100000262260437, 0.41600000858306885, 0.4150000214576721, 0.4280000329017639, 0.44600000977516174, 0.4490000307559967, 0.4270000159740448, 0.42000001668930054, 0.42000001668930054, 0.4410000145435333, 0.39900001883506775, 0.367000013589859, 0.40800002217292786, 0.39000001549720764, 0.3750000298023224, 0.39900001883506775, 0.4020000100135803, 0.38700002431869507, 0.3930000066757202, 0.3890000283718109, 0.3970000147819519, 0.39500001072883606, 0.39400002360343933, 0.398000031709671, 0.39000001549720764, 0.42600002884864807, 0.39000001549720764, 0.37400001287460327, 0.4090000092983246, 0.3920000195503235, 0.4010000228881836], "ood_ce": [2.3157217502593994, 2.1856935024261475, 2.0247862339019775, 2.0584800243377686, 2.406627893447876, 2.1259140968322754, 2.0516579151153564, 2.239929676055908, 2.2949178218841553, 2.2285842895507812, 2.524714469909668, 2.2893295288085938, 2.6443898677825928, 2.6328649520874023, 2.7205605506896973, 2.6888930797576904, 2.6159207820892334, 3.0713326930999756, 3.0117969512939453, 2.886709690093994, 2.83918833732605, 2.8953945636749268, 3.14871883392334, 2.7999448776245117, 3.0826668739318848, 3.103802442550659, 3.0176198482513428, 2.965686082839966, 3.0439155101776123, 3.5869131088256836, 3.764787435531616, 3.4188027381896973, 3.4619414806365967, 3.6041736602783203, 3.674654722213745, 3.366034746170044, 3.511275291442871, 3.8540873527526855, 3.9095053672790527, 3.3729045391082764, 3.610940933227539, 3.7520503997802734, 3.783010244369507, 3.785844087600708, 3.7947630882263184, 3.444383382797241, 3.6980018615722656, 4.017919540405273, 3.6688132286071777, 3.684339761734009, 4.379790782928467]}