{"step": [0, 30, 60, 90, 120, 150, 180, 210, 240, 270, 300, 330, 360, 390, 420, 450, 480, 510, 540, 570, 600, 630, 660, 690, 720, 750, 780, 810, 840, 870, 900, 930, 960, 990, 1020, 1050, 1080, 1110, 1140, 1170, 1200, 1230, 1260, 1290, 1320, 1350, 1380, 1410, 1440, 1470, 1499], "train": [2.2990516821543374, 2.0510948101679483, 1.6696831782658894, 1.2572579383850098, 1.0041292707125347, 0.7526870171229044, 0.6052825450897217, 0.5576212704181671, 0.43863097826639813, 0.3990380068620046, 0.3574579705794652, 0.31937627494335175, 0.29186096290747326, 0.31433558960755664, 0.25763536989688873, 0.2734184116125107, 0.25910742084185284, 0.22208082427581152, 0.20752640068531036, 0.18539224565029144, 0.16721385469039282, 0.1577548012137413, 0.1701229065656662, 0.17614061137040457, 0.16848881791035333, 0.1858490208784739, 0.1461993008852005, 0.12897791216770807, 0.10062247763077418, 0.3668355345726013, 0.13543233275413513, 0.11010155826807022, 0.111540370931228, 0.1702630693713824, 0.14081987738609314, 0.45640669018030167, 0.1688387095928192, 0.20449372132619223, 0.18321211636066437, 0.13376547892888388, 0.12107280890146892, 0.10447663565476735, 0.11798392236232758, 0.1428643763065338, 0.10368050262331963, 0.2596470043063164, 0.0986681766808033, 0.16611178716023764, 0.09648274754484494, 0.16057828813791275, 0.1003366361061732], "ood_acc": [0.10000000149011612, 0.21700000762939453, 0.26100000739097595, 0.25200000405311584, 0.3360000252723694, 0.35100001096725464, 0.3830000162124634, 0.38600000739097595, 0.40700000524520874, 0.41600000858306885, 0.39500001072883606, 0.40400001406669617, 0.4220000207424164, 0.3960000276565552, 0.39400002360343933, 0.4270000159740448, 0.406000018119812, 0.41100001335144043, 0.4150000214576721, 0.41700002551078796, 0.41700002551078796, 0.4320000112056732, 0.43400001525878906, 0.4150000214576721, 0.42900002002716064, 0.4310000240802765, 0.4220000207424164, 0.42500001192092896, 0.4100000262260437, 0.39400002360343933, 0.4390000104904175, 0.4100000262260437, 0.42600002884864807, 0.4100000262260437, 0.4000000059604645, 0.4020000100135803, 0.41700002551078796, 0.4050000309944153, 0.4000000059604645, 0.40700000524520874, 0.40700000524520874, 0.41100001335144043, 0.4300000071525574, 0.39900001883506775, 0.41100001335144043, 0.4150000214576721, 0.406000018119812, 0.4190000295639038, 0.4350000321865082, 0.4130000174045563, 0.4310000240802765], "ood_ce": [2.3157217502593994, 2.1779747009277344, 2.007417917251587, 2.128610134124756, 2.3008108139038086, 2.186042070388794, 2.2058887481689453, 2.2073705196380615, 2.3393311500549316, 2.301124334335327, 2.486215591430664, 2.5101287364959717, 2.565033197402954, 2.7993199825286865, 2.62207293510437, 2.78143048286438, 2.812032699584961, 3.1860313415527344, 2.900723695755005, 2.993011713027954, 2.964935541152954, 3.1062443256378174, 3.3363375663757324, 3.0598111152648926, 3.066828966140747, 3.2078449726104736, 2.923494815826416, 3.1653828620910645, 3.3590948581695557, 3.3037562370300293, 2.8387515544891357, 3.333188056945801, 3.194045305252075, 3.796142339706421, 3.2892801761627197, 3.3566622734069824, 3.6584110260009766, 3.7275867462158203, 3.792283058166504, 3.370098114013672, 3.079209089279175, 3.310049057006836, 3.2198493480682373, 3.0450851917266846, 3.1408400535583496, 3.5773165225982666, 3.9294140338897705, 4.464615821838379, 3.982504367828369, 4.083662033081055, 3.3962650299072266]}