{"step": [0, 30, 60, 90, 120, 150, 180, 210, 240, 270, 300, 330, 360, 390, 420, 450, 480, 510, 540, 570, 600, 630, 660, 690, 720, 750, 780, 810, 840, 870, 900, 930, 960, 990, 1020, 1050, 1080, 1110, 1140, 1170, 1200, 1230, 1260, 1290, 1320, 1350, 1380, 1410, 1440, 1470, 1499], "train": [2.289719343185425, 2.085371494293213, 1.8591144879659016, 1.559203863143921, 1.485333522160848, 1.914864182472229, 1.4289283752441406, 1.132238507270813, 1.0044844547907512, 0.7826181650161743, 1.109570324420929, 0.6360769271850586, 0.7636721332867941, 0.6986270546913147, 0.7794689536094666, 0.693570633729299, 0.5860553781191508, 0.5333435535430908, 0.44612805048624676, 0.5834183692932129, 0.5408962269624075, 0.4301126301288605, 0.4383156994978587, 0.6243892014026642, 0.4854714473088582, 0.35183315475781757, 0.43515922625859577, 0.4801092942555745, 0.4566765030225118, 0.5340534051259359, 1.6594286958376567, 0.38242968916893005, 0.28901460270086926, 0.4696707824865977, 0.8117831846078237, 0.32127752403418225, 0.3213421106338501, 0.27458033959070843, 0.3555263777573903, 0.3231425980726878, 0.3429831763108571, 0.4714222153027852, 0.3391526440779368, 0.4774100184440613, 0.3496823211510976, 0.26679544647534686, 0.46491164962450665, 0.7248086631298065, 0.1945643424987793, 0.26026081045468646, 0.3146274636189143], "ood_acc": [0.1120000034570694, 0.1900000125169754, 0.22600001096725464, 0.2639999985694885, 0.2070000171661377, 0.30400002002716064, 0.29200002551078796, 0.3680000305175781, 0.36400002241134644, 0.3330000042915344, 0.38700002431869507, 0.45000001788139343, 0.36100003123283386, 0.38200002908706665, 0.41200003027915955, 0.367000013589859, 0.3800000250339508, 0.4090000092983246, 0.3800000250339508, 0.39400002360343933, 0.36900001764297485, 0.4090000092983246, 0.4300000071525574, 0.37700000405311584, 0.3890000283718109, 0.42900002002716064, 0.41600000858306885, 0.4150000214576721, 0.4150000214576721, 0.3680000305175781, 0.4010000228881836, 0.4050000309944153, 0.44700002670288086, 0.40400001406669617, 0.3880000114440918, 0.38200002908706665, 0.4280000329017639, 0.4190000295639038, 0.4000000059604645, 0.4010000228881836, 0.3960000276565552, 0.3620000183582306, 0.40800002217292786, 0.3790000081062317, 0.3890000283718109, 0.36900001764297485, 0.4100000262260437, 0.3850000202655792, 0.36400002241134644, 0.39500001072883606, 0.3920000195503235], "ood_ce": [2.3007583618164062, 2.184286594390869, 2.073853015899658, 2.0804708003997803, 2.9315881729125977, 2.6517319679260254, 2.7878925800323486, 2.0839991569519043, 2.0331227779388428, 2.4528300762176514, 2.2003960609436035, 2.2158236503601074, 2.5688626766204834, 2.3461272716522217, 2.4894473552703857, 2.6238346099853516, 2.617732048034668, 2.447695732116699, 2.7311620712280273, 2.8284595012664795, 3.161832571029663, 2.577930212020874, 3.1961138248443604, 4.081185817718506, 2.9672279357910156, 3.1047863960266113, 2.9374523162841797, 3.0391664505004883, 3.5517115592956543, 3.7845096588134766, 3.5235211849212646, 3.1878373622894287, 3.105952262878418, 3.78057861328125, 4.101678371429443, 3.620251178741455, 3.5957016944885254, 3.205617666244507, 3.310990810394287, 4.15772008895874, 3.943556785583496, 4.05711555480957, 4.05711030960083, 4.520455360412598, 3.6885578632354736, 4.86770486831665, 5.5605149269104, 4.58181619644165, 3.8994967937469482, 4.924195766448975, 6.078217506408691]}