{"step": [0, 30, 60, 90, 120, 150, 180, 210, 240, 270, 300, 330, 360, 390, 420, 450, 480, 510, 540, 570, 600, 630, 660, 690, 720, 750, 780, 810, 840, 870, 900, 930, 960, 990, 1020, 1050, 1080, 1110, 1140, 1170, 1200, 1230, 1260, 1290, 1320, 1350, 1380, 1410, 1440, 1470, 1499], "train": [2.2955477237701416, 2.0512448946634927, 1.6280159950256348, 1.20354562997818, 0.9256897966066996, 0.7985723416010538, 0.6017609437306722, 0.5461061398188273, 0.45989105105400085, 0.42045016090075177, 0.36933981875578564, 0.2973370502392451, 0.30275187889734906, 0.28297607600688934, 0.2506336991985639, 0.2145151620109876, 0.18952485670646033, 0.2606235345204671, 0.18247248729070029, 0.14448312173287073, 0.15506959954897562, 0.1441558375954628, 0.13219903657833734, 0.1690204218029976, 0.2020540734132131, 0.13161212702592215, 0.12096605449914932, 0.11890648677945137, 0.13322743276755014, 0.11067937811215718, 0.12736333658297858, 0.12546520680189133, 0.1110079437494278, 0.15138488014539084, 0.11483147243658702, 0.16989789654811224, 0.13332167516152063, 0.10500324020783107, 0.1093154971798261, 0.1630758692820867, 0.39839696139097214, 0.3914042164882024, 0.14015908166766167, 0.09031504889329274, 0.15520704289277396, 0.11358379075924556, 0.17326069374879202, 0.1184985563158989, 0.09931302691499393, 0.13720961411794028, 0.08741310735543568], "ood_acc": [0.08700000494718552, 0.2290000170469284, 0.24900001287460327, 0.2600000202655792, 0.3270000219345093, 0.32600000500679016, 0.3330000042915344, 0.359000027179718, 0.3570000231266022, 0.3800000250339508, 0.3850000202655792, 0.3880000114440918, 0.38700002431869507, 0.4140000343322754, 0.41100001335144043, 0.3890000283718109, 0.40800002217292786, 0.4140000343322754, 0.3850000202655792, 0.3970000147819519, 0.4130000174045563, 0.4000000059604645, 0.42500001192092896, 0.39000001549720764, 0.42000001668930054, 0.3790000081062317, 0.41200003027915955, 0.3850000202655792, 0.4130000174045563, 0.3880000114440918, 0.3840000033378601, 0.37700000405311584, 0.3930000066757202, 0.35500001907348633, 0.4000000059604645, 0.3920000195503235, 0.38100001215934753, 0.4050000309944153, 0.406000018119812, 0.38700002431869507, 0.40700000524520874, 0.39100003242492676, 0.41200003027915955, 0.4150000214576721, 0.3680000305175781, 0.4100000262260437, 0.3970000147819519, 0.398000031709671, 0.39900001883506775, 0.38600000739097595, 0.36900001764297485], "ood_ce": [2.309570789337158, 2.1754114627838135, 1.99721097946167, 2.0829246044158936, 2.183973550796509, 2.401196241378784, 2.305058479309082, 2.1837923526763916, 2.280449867248535, 2.4278557300567627, 2.4494783878326416, 2.770381212234497, 2.6281590461730957, 2.5239415168762207, 2.9171550273895264, 2.936569929122925, 2.70864200592041, 3.084076166152954, 2.906118392944336, 2.721691846847534, 2.9166343212127686, 2.8919765949249268, 2.91938853263855, 3.5152812004089355, 2.9358155727386475, 3.1597683429718018, 3.068274736404419, 3.4596643447875977, 3.8634774684906006, 3.4073915481567383, 3.5077364444732666, 3.2892532348632812, 3.1221704483032227, 3.28715181350708, 3.279170513153076, 3.8103134632110596, 3.6674091815948486, 3.7071151733398438, 3.6410722732543945, 3.658423662185669, 5.102180480957031, 3.6679742336273193, 3.31459641456604, 3.371198892593384, 4.13923978805542, 4.234386444091797, 4.393211364746094, 3.781881332397461, 4.123574733734131, 4.013097763061523, 4.183774948120117]}