{"step": [0, 30, 60, 90, 120, 150, 180, 210, 240, 270, 300, 330, 360, 390, 420, 450, 480, 510, 540, 570, 600, 630, 660, 690, 720, 750, 780, 810, 840, 870, 900, 930, 960, 990, 1020, 1050, 1080, 1110, 1140, 1170, 1200, 1230, 1260, 1290, 1320, 1350, 1380, 1410, 1440, 1470, 1499], "train": [2.2990516821543374, 2.0456693172454834, 1.6255539258321126, 1.3075562318166096, 0.9925755461057028, 0.743246446053187, 0.5837960541248322, 0.5170137683550516, 0.45462027192115784, 0.39337095618247986, 0.36706340312957764, 0.30398320655028027, 0.25795633097489673, 0.27920936544736225, 0.25129611293474835, 0.21441114197174707, 0.21525863309701285, 0.1826450228691101, 0.17584818849960962, 0.15676922599474588, 0.13872175912062326, 0.16365240514278412, 0.14739871273438135, 0.14253739515940347, 0.1930378576119741, 0.12044225136439006, 0.10512313495079677, 0.1241045023004214, 0.11680363367001216, 0.14992133776346842, 0.1321661298473676, 0.12289763242006302, 0.1065401981274287, 0.12128405769666036, 0.11606047861278057, 0.0930608461300532, 0.09986377879977226, 0.15454957882563272, 0.11480544755856197, 0.09464612106482188, 0.09025018041332562, 0.08927180618047714, 0.09386002520720164, 0.08934299151102702, 0.08575263246893883, 0.10090675453344981, 0.1144662747780482, 0.13503798097372055, 0.09997231513261795, 0.15508406112591425, 0.07674643645683925], "ood_acc": [0.10000000149011612, 0.21000000834465027, 0.2600000202655792, 0.27800002694129944, 0.3620000183582306, 0.3660000264644623, 0.3930000066757202, 0.4050000309944153, 0.4090000092983246, 0.41100001335144043, 0.4150000214576721, 0.4100000262260437, 0.42600002884864807, 0.4000000059604645, 0.41700002551078796, 0.4230000078678131, 0.41600000858306885, 0.4190000295639038, 0.41200003027915955, 0.43800002336502075, 0.4580000340938568, 0.4490000307559967, 0.42500001192092896, 0.445000022649765, 0.4270000159740448, 0.42600002884864807, 0.4310000240802765, 0.4310000240802765, 0.42900002002716064, 0.4310000240802765, 0.4280000329017639, 0.4230000078678131, 0.42900002002716064, 0.40800002217292786, 0.4410000145435333, 0.4130000174045563, 0.40400001406669617, 0.42500001192092896, 0.41600000858306885, 0.42000001668930054, 0.4050000309944153, 0.398000031709671, 0.4100000262260437, 0.41700002551078796, 0.4130000174045563, 0.39500001072883606, 0.38700002431869507, 0.3840000033378601, 0.4100000262260437, 0.40800002217292786, 0.3930000066757202], "ood_ce": [2.3157217502593994, 2.1804964542388916, 1.9786980152130127, 1.9427529573440552, 1.9911282062530518, 1.9976450204849243, 1.9635494947433472, 1.952545166015625, 2.0917367935180664, 2.198310375213623, 2.379955291748047, 2.3548049926757812, 2.441276788711548, 2.7316248416900635, 2.5311200618743896, 2.5188775062561035, 2.5206358432769775, 2.6493277549743652, 2.6745288372039795, 2.5800952911376953, 2.6410679817199707, 2.758152961730957, 2.977351665496826, 2.7215921878814697, 2.8092143535614014, 2.8519294261932373, 3.0584726333618164, 2.9431405067443848, 3.1657118797302246, 3.1668787002563477, 3.1841020584106445, 2.9557108879089355, 3.010817050933838, 3.040076971054077, 3.2571001052856445, 3.213827133178711, 3.07269287109375, 3.672466516494751, 3.177337169647217, 2.9415762424468994, 3.0112240314483643, 3.1419193744659424, 3.5269973278045654, 3.3966643810272217, 3.5455219745635986, 3.551515817642212, 3.2945396900177, 3.5786101818084717, 3.720024824142456, 3.8466289043426514, 3.818183422088623]}