{"step": [0, 30, 60, 90, 120, 150, 180, 210, 240, 270, 300, 330, 360, 390, 420, 450, 480, 510, 540, 570, 600, 630, 660, 690, 720, 750, 780, 810, 840, 870, 900, 930, 960, 990, 1020, 1050, 1080, 1110, 1140, 1170, 1200, 1230, 1260, 1290, 1320, 1350, 1380, 1410, 1440, 1470, 1499], "train": [2.2990516821543374, 2.046847343444824, 1.6289798418680828, 1.310084859530131, 0.9971571167310079, 0.7480513453483582, 0.5876017411549886, 0.518459310134252, 0.4405534267425537, 0.38199874262015027, 0.35862139860788983, 0.3073281596104304, 0.2586290289958318, 0.27288441359996796, 0.24542694787184396, 0.2049840440352758, 0.17977557331323624, 0.18568498392899832, 0.17128079384565353, 0.16041828940312067, 0.16002065440018973, 0.21181394159793854, 0.16393408179283142, 0.21667978167533875, 0.14606733620166779, 0.13232966512441635, 0.12286659826834996, 0.14065241565306982, 0.10130249708890915, 0.10241417090098064, 0.09351372222105662, 0.09920234233140945, 0.13700922826925913, 0.13425671060880026, 0.10825344671805699, 0.1176082193851471, 0.13698282341162363, 0.09929491207003593, 0.10488112146655719, 0.13087053100268045, 0.09096419687072436, 0.07575786610444386, 0.12471011777718861, 0.11997583756844203, 0.22752065459887186, 0.10714677845438321, 0.09572854141394298, 0.13490032653013864, 0.0889152189095815, 0.06776530916492145, 0.1175309345126152], "ood_acc": [0.10000000149011612, 0.2120000123977661, 0.26100000739097595, 0.2770000100135803, 0.36100003123283386, 0.367000013589859, 0.3850000202655792, 0.3880000114440918, 0.4100000262260437, 0.40800002217292786, 0.43300002813339233, 0.41100001335144043, 0.43700000643730164, 0.4280000329017639, 0.4270000159740448, 0.42900002002716064, 0.42500001192092896, 0.4350000321865082, 0.4360000193119049, 0.45500001311302185, 0.43700000643730164, 0.43800002336502075, 0.43700000643730164, 0.4180000126361847, 0.4230000078678131, 0.3930000066757202, 0.41700002551078796, 0.42500001192092896, 0.4300000071525574, 0.45000001788139343, 0.4320000112056732, 0.41200003027915955, 0.4000000059604645, 0.4140000343322754, 0.4130000174045563, 0.40400001406669617, 0.4090000092983246, 0.4140000343322754, 0.4090000092983246, 0.41200003027915955, 0.39100003242492676, 0.40800002217292786, 0.40300002694129944, 0.406000018119812, 0.3920000195503235, 0.38700002431869507, 0.4010000228881836, 0.3960000276565552, 0.40800002217292786, 0.40400001406669617, 0.3880000114440918], "ood_ce": [2.3157217502593994, 2.1809470653533936, 1.9785397052764893, 1.9417210817337036, 1.9964959621429443, 2.000389814376831, 1.9760658740997314, 2.0062520503997803, 2.0851082801818848, 2.297062397003174, 2.4047439098358154, 2.3066670894622803, 2.316236734390259, 2.586735486984253, 2.3635942935943604, 2.4787979125976562, 2.763702630996704, 2.7109827995300293, 2.848062753677368, 2.9273955821990967, 2.7333693504333496, 2.876324415206909, 2.971024751663208, 3.0065248012542725, 2.747288703918457, 2.8235373497009277, 2.8954737186431885, 3.205449104309082, 2.9204607009887695, 2.950549602508545, 3.0861966609954834, 3.461799144744873, 3.6082823276519775, 3.460906744003296, 3.4371566772460938, 3.688042402267456, 3.8685970306396484, 3.645142078399658, 4.035515308380127, 3.98293137550354, 3.8771555423736572, 3.825084924697876, 4.776305675506592, 4.411568641662598, 4.062727928161621, 4.062952995300293, 3.7652509212493896, 3.9162113666534424, 3.90316104888916, 4.08743143081665, 4.6032586097717285]}