{"step": [0, 30, 60, 90, 120, 150, 180, 210, 240, 270, 300, 330, 360, 390, 420, 450, 480, 510, 540, 570, 600, 630, 660, 690, 720, 750, 780, 810, 840, 870, 900, 930, 960, 990, 1020, 1050, 1080, 1110, 1140, 1170, 1200, 1230, 1260, 1290, 1320, 1350, 1380, 1410, 1440, 1470, 1499], "train": [2.289719343185425, 2.0550901095072427, 1.6713505585988362, 1.2939015626907349, 0.9703878164291382, 0.7504453857739767, 0.6245529552300771, 0.52889417608579, 0.43470535675684613, 0.41081133484840393, 0.40761420130729675, 0.3416585971911748, 0.31121726334095, 0.2944859911998113, 0.24621238807837167, 0.23901002605756125, 0.23970073461532593, 0.24801736573378244, 0.1810074100891749, 0.1589255432287852, 0.1857056866089503, 0.1497469370563825, 0.14674251278241476, 0.16105511287848154, 0.2125078191359838, 0.14554728070894876, 0.1586790680885315, 0.10877483586470287, 0.1262901226679484, 0.12599590669075647, 0.12988812724749246, 0.1495324745774269, 0.10081396996974945, 0.10792634387811025, 0.11786819249391556, 0.12156996876001358, 0.1269280587633451, 0.14912024388710657, 0.18912915140390396, 0.21668432652950287, 0.13173454999923706, 0.10126099735498428, 0.1988662009437879, 0.09581262866655986, 0.3070751403768857, 0.20105472207069397, 0.09186974416176479, 0.09729809314012527, 0.11808095127344131, 0.12827569246292114, 0.10559754818677902], "ood_acc": [0.1120000034570694, 0.19300000369548798, 0.289000004529953, 0.28600001335144043, 0.29200002551078796, 0.3400000035762787, 0.3930000066757202, 0.3750000298023224, 0.36900001764297485, 0.40800002217292786, 0.42000001668930054, 0.4440000355243683, 0.42600002884864807, 0.43800002336502075, 0.41600000858306885, 0.4440000355243683, 0.42000001668930054, 0.398000031709671, 0.38200002908706665, 0.4050000309944153, 0.3930000066757202, 0.4240000247955322, 0.4130000174045563, 0.38700002431869507, 0.4090000092983246, 0.3960000276565552, 0.4190000295639038, 0.40800002217292786, 0.4130000174045563, 0.41700002551078796, 0.41700002551078796, 0.4150000214576721, 0.43800002336502075, 0.4280000329017639, 0.4020000100135803, 0.40400001406669617, 0.4240000247955322, 0.4130000174045563, 0.4400000274181366, 0.42100003361701965, 0.3750000298023224, 0.3970000147819519, 0.3880000114440918, 0.4150000214576721, 0.39500001072883606, 0.39100003242492676, 0.39500001072883606, 0.3960000276565552, 0.41700002551078796, 0.4180000126361847, 0.3970000147819519], "ood_ce": [2.3007583618164062, 2.167943000793457, 1.991065502166748, 2.0646302700042725, 2.1962735652923584, 2.210242748260498, 2.0618300437927246, 1.9339734315872192, 2.2135636806488037, 2.1240394115448, 2.106109380722046, 2.0486960411071777, 2.191127300262451, 2.1932618618011475, 2.3457179069519043, 2.4265246391296387, 2.6348798274993896, 2.69789457321167, 2.6100449562072754, 2.7507762908935547, 2.990823745727539, 2.714606285095215, 2.85800838470459, 2.560744047164917, 2.9429054260253906, 2.7457220554351807, 3.0110654830932617, 3.010312795639038, 2.939098834991455, 2.8142306804656982, 2.8825595378875732, 3.0831358432769775, 3.058311939239502, 2.8946659564971924, 3.2083616256713867, 3.4412403106689453, 3.058612823486328, 3.3830292224884033, 3.3863770961761475, 3.8550631999969482, 3.3433592319488525, 3.3909051418304443, 3.57096529006958, 3.2260773181915283, 3.9868342876434326, 3.8292887210845947, 3.4524848461151123, 3.291240692138672, 3.7215116024017334, 3.5573363304138184, 3.8190033435821533]}