{"step": [0, 30, 60, 90, 120, 150, 180, 210, 240, 270, 300, 330, 360, 390, 420, 450, 480, 510, 540, 570, 600, 630, 660, 690, 720, 750, 780, 810, 840, 870, 900, 930, 960, 990, 1020, 1050, 1080, 1110, 1140, 1170, 1200, 1230, 1260, 1290, 1320, 1350, 1380, 1410, 1440, 1470, 1499], "train": [2.289719343185425, 2.050853729248047, 1.6576465765635173, 1.3354974190394084, 0.9977299571037292, 0.7750066121419271, 0.5940006077289581, 0.4825172523657481, 0.4017271747191747, 0.34947511553764343, 0.32183969020843506, 0.2831805149714152, 0.2577328036228816, 0.2300735811392466, 0.19795334339141846, 0.1957673281431198, 0.19827542702356973, 0.17121277997891107, 0.18631729980309805, 0.13882747292518616, 0.14654193073511124, 0.14567585041125616, 0.14250525832176208, 0.15785756210486093, 0.12517246852318445, 0.12032292162378629, 0.1311876724163691, 0.17085698743661246, 0.10833537826935451, 0.11742603530486424, 0.12494772672653198, 0.12240099906921387, 0.14221464842557907, 0.09969234218200047, 0.12967113157113394, 0.0677846831580003, 0.11874164640903473, 0.07826889554659526, 0.08824560294548671, 0.10909649481376012, 0.10947718471288681, 0.12712163726488748, 0.08100269983212154, 0.10972762604554494, 0.08192969982822736, 0.1042912205060323, 0.09086055929462115, 0.08332089334726334, 0.07308713222543399, 0.13294344147046408, 0.1074140580991904], "ood_acc": [0.1120000034570694, 0.2460000067949295, 0.2710000276565552, 0.2850000262260437, 0.32200002670288086, 0.35200002789497375, 0.38700002431869507, 0.40400001406669617, 0.3850000202655792, 0.4220000207424164, 0.4150000214576721, 0.42500001192092896, 0.4310000240802765, 0.4310000240802765, 0.4300000071525574, 0.43300002813339233, 0.4130000174045563, 0.4240000247955322, 0.4310000240802765, 0.445000022649765, 0.43400001525878906, 0.4700000286102295, 0.4520000219345093, 0.43800002336502075, 0.4490000307559967, 0.44300001859664917, 0.45100003480911255, 0.40400001406669617, 0.4350000321865082, 0.4280000329017639, 0.4190000295639038, 0.4230000078678131, 0.41100001335144043, 0.4090000092983246, 0.43400001525878906, 0.4540000259876251, 0.44700002670288086, 0.4280000329017639, 0.4320000112056732, 0.4310000240802765, 0.42000001668930054, 0.42600002884864807, 0.4150000214576721, 0.4300000071525574, 0.4390000104904175, 0.4240000247955322, 0.4140000343322754, 0.40700000524520874, 0.4000000059604645, 0.3850000202655792, 0.4050000309944153], "ood_ce": [2.3007583618164062, 2.1652886867523193, 1.9958164691925049, 1.9225736856460571, 1.9097944498062134, 1.8929256200790405, 1.9404222965240479, 1.8825197219848633, 2.051499128341675, 2.0802559852600098, 1.9946643114089966, 2.2158210277557373, 2.2493515014648438, 2.4183061122894287, 2.3116259574890137, 2.4304237365722656, 2.5231235027313232, 2.523566722869873, 2.7803425788879395, 2.595313549041748, 2.5747742652893066, 2.381732702255249, 2.337045431137085, 2.4658737182617188, 2.610589027404785, 2.696906089782715, 2.80725359916687, 2.7884204387664795, 2.8121564388275146, 3.1230716705322266, 2.9750759601593018, 3.054183006286621, 3.220165252685547, 3.1253621578216553, 3.1369283199310303, 3.088792324066162, 3.2750446796417236, 2.954611301422119, 3.2539918422698975, 3.4387824535369873, 3.630403757095337, 2.916609287261963, 3.0033228397369385, 3.06187105178833, 3.3974497318267822, 3.856050729751587, 3.417400598526001, 3.200873374938965, 3.68829607963562, 3.508639097213745, 3.293631076812744]}