{"step": [0, 30, 60, 90, 120, 150, 180, 210, 240, 270, 300, 330, 360, 390, 420, 450, 480, 510, 540, 570, 600, 630, 660, 690, 720, 750, 780, 810, 840, 870, 900, 930, 960, 990, 1020, 1050, 1080, 1110, 1140, 1170, 1200, 1230, 1260, 1290, 1320, 1350, 1380, 1410, 1440, 1470, 1499], "train": [2.2955477237701416, 2.0828169186909995, 1.8451295693715413, 1.4435614347457886, 1.3466464281082153, 1.5754973491032918, 1.1900001366933186, 1.1779178778330486, 1.1736998558044434, 1.017008940378825, 0.959974447886149, 0.8921850919723511, 0.6718807220458984, 0.8511162201563517, 0.7821121414502462, 0.5215533971786499, 0.6510122418403625, 0.5964561204115549, 0.6380131642023722, 0.5610208412011465, 0.39149295290311176, 0.45857273538907367, 0.4414618909358978, 0.5764279166857401, 0.5622098545233408, 0.41144609451293945, 0.4385031958421071, 1.0871115525563557, 0.4764927128950755, 0.3270995418230693, 0.38513487577438354, 0.4221126039822896, 0.23864009976387024, 0.27915388842423755, 0.8017485638459524, 0.3780488471190135, 0.5665019055207571, 0.4297386705875397, 0.5370467702547709, 0.32386459906895954, 0.3751844565073649, 0.4510634144147237, 0.31715049346288043, 0.2657257417837779, 0.28789329528808594, 0.355657418568929, 0.2369963377714157, 0.2856616973876953, 0.2597659130891164, 0.3790730834007263, 0.24350731571515402], "ood_acc": [0.08700000494718552, 0.20200000703334808, 0.2290000170469284, 0.24400001764297485, 0.2770000100135803, 0.3110000193119049, 0.32500001788139343, 0.33800002932548523, 0.30400002002716064, 0.3360000252723694, 0.3660000264644623, 0.4020000100135803, 0.3700000047683716, 0.35500001907348633, 0.37700000405311584, 0.37300002574920654, 0.38200002908706665, 0.34200000762939453, 0.3890000283718109, 0.35100001096725464, 0.33400002121925354, 0.41200003027915955, 0.37400001287460327, 0.4150000214576721, 0.40700000524520874, 0.36100003123283386, 0.4090000092983246, 0.3540000021457672, 0.3760000169277191, 0.4150000214576721, 0.39000001549720764, 0.3920000195503235, 0.4020000100135803, 0.3500000238418579, 0.367000013589859, 0.3680000305175781, 0.367000013589859, 0.35500001907348633, 0.37300002574920654, 0.3720000088214874, 0.3500000238418579, 0.3680000305175781, 0.3700000047683716, 0.3320000171661377, 0.3710000216960907, 0.3790000081062317, 0.3530000150203705, 0.359000027179718, 0.36100003123283386, 0.3450000286102295, 0.3360000252723694], "ood_ce": [2.309570789337158, 2.193446636199951, 2.073672294616699, 2.110281229019165, 2.5327649116516113, 2.6742074489593506, 2.4993274211883545, 2.418156147003174, 2.625967025756836, 2.4741525650024414, 2.612243890762329, 2.969299793243408, 3.0728423595428467, 2.5889413356781006, 2.8087563514709473, 2.649540901184082, 2.88039231300354, 3.0636589527130127, 3.1201834678649902, 3.73453426361084, 3.4606597423553467, 3.009384870529175, 3.349989652633667, 3.687821865081787, 3.0756168365478516, 3.531639814376831, 3.7704219818115234, 4.190519332885742, 3.756413221359253, 3.807553768157959, 3.799548387527466, 3.250256299972534, 3.294882297515869, 4.854532718658447, 5.015885353088379, 4.4521684646606445, 4.0215044021606445, 4.166842937469482, 4.640285015106201, 4.0626220703125, 4.0119524002075195, 4.4084906578063965, 4.389622211456299, 5.300107002258301, 4.866971969604492, 4.88593053817749, 4.906510829925537, 5.105822563171387, 5.722595691680908, 5.656663417816162, 5.395364761352539]}