{"step": [0, 30, 60, 90, 120, 150, 180, 210, 240, 270, 300, 330, 360, 390, 420, 450, 480, 510, 540, 570, 600, 630, 660, 690, 720, 750, 780, 810, 840, 870, 900, 930, 960, 990, 1020, 1050, 1080, 1110, 1140, 1170, 1200, 1230, 1260, 1290, 1320, 1350, 1380, 1410, 1440, 1470, 1499], "train": [2.2955477237701416, 2.0393055280049643, 1.5979278087615967, 1.283215840657552, 0.9440005819002787, 0.7469875713189443, 0.572555422782898, 0.4700172444184621, 0.39146294196446735, 0.36847275495529175, 0.3310972899198532, 0.262898529569308, 0.28895658006270725, 0.24293423692385355, 0.1775013655424118, 0.1898704469203949, 0.19646969934304556, 0.19223790864149728, 0.16119315723578134, 0.14596223831176758, 0.13259268552064896, 0.11465326448281606, 0.12217182914415996, 0.09915485978126526, 0.1293138712644577, 0.2588105946779251, 0.11557922884821892, 0.10577064007520676, 0.09235154216488202, 0.13171470165252686, 0.13541274890303612, 0.11784649143616359, 0.07891902948419253, 0.15226951241493225, 0.09636890143156052, 0.12141316011548042, 0.08404636507232983, 0.09392062202095985, 0.0935032491882642, 0.07393834367394447, 0.1509860952695211, 0.07939608084658782, 0.1004020944237709, 0.08827710648377736, 0.056741551806529365, 0.10174056639273961, 0.08692635347445805, 0.08686683823664983, 0.07538789262374242, 0.07748721664150555, 0.09882796679933865], "ood_acc": [0.08700000494718552, 0.23200000822544098, 0.281000018119812, 0.2630000114440918, 0.34200000762939453, 0.3620000183582306, 0.3660000264644623, 0.39000001549720764, 0.3930000066757202, 0.3890000283718109, 0.3710000216960907, 0.3850000202655792, 0.3850000202655792, 0.4230000078678131, 0.3800000250339508, 0.3790000081062317, 0.39900001883506775, 0.3960000276565552, 0.39500001072883606, 0.41600000858306885, 0.44300001859664917, 0.398000031709671, 0.3930000066757202, 0.39000001549720764, 0.4280000329017639, 0.40800002217292786, 0.39100003242492676, 0.43300002813339233, 0.4320000112056732, 0.4000000059604645, 0.3970000147819519, 0.359000027179718, 0.3850000202655792, 0.4020000100135803, 0.4090000092983246, 0.4000000059604645, 0.41700002551078796, 0.3970000147819519, 0.3760000169277191, 0.3710000216960907, 0.35600000619888306, 0.39900001883506775, 0.39000001549720764, 0.3930000066757202, 0.3790000081062317, 0.3680000305175781, 0.3960000276565552, 0.3790000081062317, 0.41600000858306885, 0.39500001072883606, 0.4150000214576721], "ood_ce": [2.309570789337158, 2.1682045459747314, 1.9720630645751953, 1.9169626235961914, 1.8696755170822144, 1.9312740564346313, 2.013974189758301, 2.039655923843384, 2.1736819744110107, 2.1580755710601807, 2.3573122024536133, 2.3775389194488525, 2.892244577407837, 2.3967504501342773, 2.7848916053771973, 2.675787925720215, 2.576378583908081, 2.5832557678222656, 2.6695079803466797, 2.654135227203369, 2.6511740684509277, 2.8684091567993164, 2.978109836578369, 2.741079568862915, 2.799834966659546, 2.7782673835754395, 2.5482017993927, 2.826209306716919, 3.0114026069641113, 3.0263118743896484, 3.6495814323425293, 3.273298740386963, 3.0526986122131348, 3.1336238384246826, 3.5151593685150146, 3.3421573638916016, 3.3113882541656494, 3.443366527557373, 3.289607524871826, 3.3335230350494385, 4.1464972496032715, 3.4690864086151123, 3.702970027923584, 3.572723150253296, 3.6992926597595215, 3.8415210247039795, 4.078287124633789, 4.095434188842773, 3.667640447616577, 3.775254487991333, 4.0565104484558105]}