{"step": [0, 30, 60, 90, 120, 150, 180, 210, 240, 270, 300, 330, 360, 390, 420, 450, 480, 510, 540, 570, 600, 630, 660, 690, 720, 750, 780, 810, 840, 870, 900, 930, 960, 990, 1020, 1050, 1080, 1110, 1140, 1170, 1200, 1230, 1260, 1290, 1320, 1350, 1380, 1410, 1440, 1470, 1499], "train": [2.2990516821543374, 2.0436959266662598, 1.613570253054301, 1.2801698446273804, 0.9830736915270487, 0.7447647651036581, 0.6233399709065756, 0.5605575342973074, 0.4597259859244029, 0.41675295929114026, 0.3812560538450877, 0.362683763106664, 0.32628994683424634, 0.33618560433387756, 0.3006400515635808, 0.26482313871383667, 0.229979008436203, 0.2697484840949376, 0.20163827141125998, 0.1696058710416158, 0.19708086798588434, 0.18394662688175836, 0.16848431527614594, 0.13546193639437357, 0.18984741965929666, 0.12794160346190134, 0.11861008902390797, 0.17196616033713022, 0.1133665069937706, 0.15630794068177542, 0.12075953185558319, 0.14674574881792068, 0.12349145611127217, 0.11042550951242447, 0.1356304039557775, 0.13393118977546692, 0.11911340554555257, 0.11580315480629604, 0.10754868139823277, 0.11117746929327647, 0.09075339635213216, 0.18485423922538757, 0.186976691087087, 0.1691994071006775, 0.091099147995313, 0.13827221592267355, 0.09787269681692123, 0.16422136624654135, 0.11626283824443817, 0.11745235572258632, 0.119715782503287], "ood_acc": [0.10000000149011612, 0.21300001442432404, 0.26200002431869507, 0.281000018119812, 0.3580000102519989, 0.37700000405311584, 0.3880000114440918, 0.4000000059604645, 0.43400001525878906, 0.4390000104904175, 0.4180000126361847, 0.40800002217292786, 0.4270000159740448, 0.3960000276565552, 0.4090000092983246, 0.42600002884864807, 0.4440000355243683, 0.42500001192092896, 0.4280000329017639, 0.4220000207424164, 0.43700000643730164, 0.4270000159740448, 0.445000022649765, 0.4240000247955322, 0.42900002002716064, 0.42900002002716064, 0.4310000240802765, 0.41200003027915955, 0.41200003027915955, 0.4220000207424164, 0.40700000524520874, 0.39100003242492676, 0.39500001072883606, 0.4180000126361847, 0.4010000228881836, 0.3970000147819519, 0.398000031709671, 0.39400002360343933, 0.4000000059604645, 0.41200003027915955, 0.4100000262260437, 0.406000018119812, 0.4220000207424164, 0.3850000202655792, 0.4050000309944153, 0.4090000092983246, 0.42600002884864807, 0.41100001335144043, 0.43400001525878906, 0.41200003027915955, 0.4010000228881836], "ood_ce": [2.3157217502593994, 2.178868293762207, 1.9711930751800537, 1.9668283462524414, 2.050142526626587, 2.0087385177612305, 2.020334005355835, 2.020676851272583, 2.2229697704315186, 2.1165637969970703, 2.329935312271118, 2.3720486164093018, 2.4956843852996826, 2.5639853477478027, 2.6131234169006348, 2.44392466545105, 2.320387125015259, 2.7134881019592285, 2.575970411300659, 2.805962562561035, 2.87188458442688, 2.8173108100891113, 2.604828357696533, 2.7928411960601807, 2.9488112926483154, 2.812852621078491, 2.5969204902648926, 3.1067569255828857, 3.3168771266937256, 2.9904067516326904, 3.253896474838257, 3.0427603721618652, 3.265474557876587, 3.2119619846343994, 3.40251088142395, 3.332599401473999, 3.615184783935547, 3.7232165336608887, 3.468961000442505, 3.633166790008545, 4.020771503448486, 4.416396617889404, 4.433654308319092, 3.5976479053497314, 3.459230661392212, 3.622483253479004, 4.090725898742676, 4.261209011077881, 3.785540819168091, 4.1128997802734375, 4.269036769866943]}