{"step": [0, 30, 60, 90, 120, 150, 180, 210, 240, 270, 300, 330, 360, 390, 420, 450, 480, 510, 540, 570, 600, 630, 660, 690, 720, 750, 780, 810, 840, 870, 900, 930, 960, 990, 1020, 1050, 1080, 1110, 1140, 1170, 1200, 1230, 1260, 1290, 1320, 1350, 1380, 1410, 1440, 1470, 1499], "train": [2.2990516821543374, 2.045060912768046, 1.6222110986709595, 1.2841548919677734, 0.9875081578890482, 0.7308103541533152, 0.6134151518344879, 0.5393462280432383, 0.46648704012235004, 0.39219533900419873, 0.3565155615409215, 0.36108827590942383, 0.28542526563008624, 0.32170282552639645, 0.2985135664542516, 0.2498681197563807, 0.25627630949020386, 0.22563150028387705, 0.23338949431975684, 0.17545329531033835, 0.1974631001551946, 0.1924710621436437, 0.18713620801766714, 0.17325870941082636, 0.1763670245806376, 0.12379478539029758, 0.11201893041531245, 0.1275793785850207, 0.11833775540192921, 0.12848041703303656, 0.11590168128410976, 0.09864578644434611, 0.10081142062942187, 0.2090448091427485, 0.24789471924304962, 0.1171219324072202, 0.11382941404978435, 0.14349504311879477, 0.09020975232124329, 0.11005075524250667, 0.1175659050544103, 0.1315836732586225, 0.12448874364296596, 0.10173572599887848, 0.08942878618836403, 0.12845459580421448, 0.10545697063207626, 0.17711073656876883, 0.16693667074044546, 0.11242345968882243, 0.12312155216932297], "ood_acc": [0.10000000149011612, 0.21800000965595245, 0.2710000276565552, 0.29600000381469727, 0.36000001430511475, 0.37300002574920654, 0.3850000202655792, 0.3960000276565552, 0.4220000207424164, 0.4150000214576721, 0.4300000071525574, 0.39500001072883606, 0.4140000343322754, 0.40300002694129944, 0.3850000202655792, 0.42600002884864807, 0.40300002694129944, 0.4400000274181366, 0.4010000228881836, 0.43300002813339233, 0.4320000112056732, 0.4230000078678131, 0.42000001668930054, 0.4020000100135803, 0.42600002884864807, 0.4350000321865082, 0.4300000071525574, 0.39000001549720764, 0.39900001883506775, 0.3830000162124634, 0.4310000240802765, 0.40700000524520874, 0.4190000295639038, 0.41600000858306885, 0.39100003242492676, 0.39400002360343933, 0.4270000159740448, 0.4220000207424164, 0.4150000214576721, 0.42100003361701965, 0.4280000329017639, 0.40800002217292786, 0.41700002551078796, 0.4190000295639038, 0.39500001072883606, 0.3830000162124634, 0.3970000147819519, 0.39500001072883606, 0.3850000202655792, 0.3830000162124634, 0.3920000195503235], "ood_ce": [2.3157217502593994, 2.180225372314453, 1.9611921310424805, 1.9567981958389282, 2.0689194202423096, 2.034438371658325, 2.02095365524292, 2.0520665645599365, 2.229464292526245, 2.166552782058716, 2.413067579269409, 2.3338499069213867, 2.5203020572662354, 2.6869823932647705, 2.613830089569092, 2.639533042907715, 2.6722328662872314, 2.775885820388794, 3.0079505443573, 2.7658658027648926, 3.077312469482422, 3.0945329666137695, 3.05364727973938, 3.5560405254364014, 3.055863380432129, 3.2965087890625, 3.02073335647583, 3.2933433055877686, 3.347817897796631, 3.2704598903656006, 3.25235652923584, 3.3215298652648926, 3.3492608070373535, 3.6054575443267822, 3.9462673664093018, 3.042386054992676, 3.4575419425964355, 3.555657148361206, 3.4648823738098145, 3.2947590351104736, 3.4360291957855225, 3.398653745651245, 3.159738779067993, 4.054842472076416, 4.230671405792236, 3.7016093730926514, 3.720790147781372, 4.564455032348633, 3.795306921005249, 3.6958115100860596, 3.6590170860290527]}