{"step": [0, 30, 60, 90, 120, 150, 180, 210, 240, 270, 300, 330, 360, 390, 420, 450, 480, 510, 540, 570, 600, 630, 660, 690, 720, 750, 780, 810, 840, 870, 900, 930, 960, 990, 1020, 1050, 1080, 1110, 1140, 1170, 1200, 1230, 1260, 1290, 1320, 1350, 1380, 1410, 1440, 1470, 1499], "train": [2.294736703236898, 2.119568427403768, 1.75778861840566, 1.4214011828104656, 1.0706293384234111, 0.8122952183087667, 0.6479688187440237, 0.5472806294759115, 0.45142842332522076, 0.4344034095605214, 0.34634330372015637, 0.3304517815510432, 0.2694321845968564, 0.2867870330810547, 0.2192379261056582, 0.2216409295797348, 0.2224106341600418, 0.20944324632485709, 0.18016541749238968, 0.19165170192718506, 0.1864778846502304, 0.17718809098005295, 0.16718759387731552, 0.11733078087369601, 0.17223379015922546, 0.16548013190428415, 0.11606982101996739, 0.1630254089832306, 0.11690794676542282, 0.1714701975385348, 0.08490737155079842, 0.13937844087680182, 0.16832070797681808, 0.11659492552280426, 0.09710027277469635, 0.11462199936310451, 0.10219486430287361, 0.1309614752729734, 0.12164215991894405, 0.12567667663097382, 0.10892522583405177, 0.08574722955624263, 0.08549009015162785, 0.08770115301012993, 0.12742886940638223, 0.1375440681974093, 0.13498207926750183, 0.08694306761026382, 0.08186495179931323, 0.09582346553603809, 0.10328798492749532], "ood_acc": [0.11900000274181366, 0.21800000965595245, 0.2590000033378601, 0.31300002336502075, 0.33900001645088196, 0.37700000405311584, 0.3960000276565552, 0.398000031709671, 0.4180000126361847, 0.38600000739097595, 0.3750000298023224, 0.4310000240802765, 0.398000031709671, 0.40400001406669617, 0.4280000329017639, 0.406000018119812, 0.41700002551078796, 0.4150000214576721, 0.4050000309944153, 0.4320000112056732, 0.43800002336502075, 0.43300002813339233, 0.4100000262260437, 0.41600000858306885, 0.3920000195503235, 0.3970000147819519, 0.406000018119812, 0.41200003027915955, 0.40300002694129944, 0.3960000276565552, 0.398000031709671, 0.4000000059604645, 0.39900001883506775, 0.42000001668930054, 0.4190000295639038, 0.40700000524520874, 0.3930000066757202, 0.398000031709671, 0.398000031709671, 0.3830000162124634, 0.4020000100135803, 0.40400001406669617, 0.3960000276565552, 0.3930000066757202, 0.3880000114440918, 0.41600000858306885, 0.38700002431869507, 0.4100000262260437, 0.39500001072883606, 0.4020000100135803, 0.4140000343322754], "ood_ce": [2.3005263805389404, 2.210339069366455, 2.0411789417266846, 1.9412362575531006, 1.9782726764678955, 1.9139772653579712, 1.8962054252624512, 2.0200514793395996, 1.9194791316986084, 2.205401659011841, 2.34206223487854, 2.09470534324646, 2.401348829269409, 2.364231824874878, 2.1550636291503906, 2.5723888874053955, 2.651061773300171, 2.51216983795166, 2.577380657196045, 2.3747777938842773, 2.4063680171966553, 2.593463897705078, 2.8674254417419434, 2.8405613899230957, 3.42777681350708, 3.010603189468384, 2.765761613845825, 3.0621540546417236, 3.0735552310943604, 3.0814881324768066, 3.205127000808716, 3.6048364639282227, 3.6873345375061035, 3.3111143112182617, 3.4393110275268555, 3.4066874980926514, 3.4099833965301514, 3.470337152481079, 3.4546923637390137, 3.7588984966278076, 3.7933456897735596, 3.896260976791382, 3.474595546722412, 3.84511399269104, 3.681419849395752, 3.4497668743133545, 4.041065216064453, 3.9293582439422607, 3.771106719970703, 3.754171371459961, 3.6935112476348877]}