{"step": [0, 30, 60, 90, 120, 150, 180, 210, 240, 270, 300, 330, 360, 390, 420, 450, 480, 510, 540, 570, 600, 630, 660, 690, 720, 750, 780, 810, 840, 870, 900, 930, 960, 990, 1020, 1050, 1080, 1110, 1140, 1170, 1200, 1230, 1260, 1290, 1320, 1350, 1380, 1410, 1440, 1470, 1499], "train": [2.309722582499186, 2.1461005210876465, 1.7682864268620808, 1.3957178592681885, 1.0626561641693115, 0.803891658782959, 0.5941744446754456, 0.5255757570266724, 0.4234771927197774, 0.363510067264239, 0.3014407952626546, 0.27138345936934155, 0.24019176761309305, 0.22988108297189078, 0.20285856227080026, 0.20731103916962942, 0.1813480705022812, 0.16695870955785116, 0.15103939672311148, 0.13245486716429392, 0.13172835359970728, 0.1564227764805158, 0.11202466487884521, 0.1456803580125173, 0.13578725109497705, 0.13728492831190428, 0.15762760490179062, 0.11912638445695241, 0.11750345180432002, 0.11896250893672307, 0.11945616453886032, 0.08817372967799504, 0.08890580882628758, 0.14947729806105295, 0.13907099763552347, 0.11232416828473409, 0.09311586618423462, 0.06906891614198685, 0.09859612335761388, 0.11849012970924377, 0.08552191158135732, 0.09802873432636261, 0.0720515139400959, 0.0909639298915863, 0.14185576885938644, 0.07110344742735226, 0.07107429827253024, 0.05707412709792455, 0.06008284787336985, 0.0743731011946996, 0.07208987449606259], "ood_acc": [0.11000000685453415, 0.21900001168251038, 0.2750000059604645, 0.3240000009536743, 0.2880000174045563, 0.3460000157356262, 0.367000013589859, 0.3800000250339508, 0.38100001215934753, 0.367000013589859, 0.41100001335144043, 0.3840000033378601, 0.38700002431869507, 0.4220000207424164, 0.4190000295639038, 0.42000001668930054, 0.41100001335144043, 0.4150000214576721, 0.40700000524520874, 0.42600002884864807, 0.4000000059604645, 0.38600000739097595, 0.41100001335144043, 0.39100003242492676, 0.41200003027915955, 0.41200003027915955, 0.4050000309944153, 0.4050000309944153, 0.3930000066757202, 0.4190000295639038, 0.41100001335144043, 0.41200003027915955, 0.41200003027915955, 0.38600000739097595, 0.398000031709671, 0.3890000283718109, 0.3890000283718109, 0.3960000276565552, 0.4050000309944153, 0.3720000088214874, 0.398000031709671, 0.3930000066757202, 0.3880000114440918, 0.4100000262260437, 0.4130000174045563, 0.37800002098083496, 0.3620000183582306, 0.4280000329017639, 0.39900001883506775, 0.40700000524520874, 0.39000001549720764], "ood_ce": [2.3041341304779053, 2.2175540924072266, 2.0436689853668213, 1.877124309539795, 1.961484670639038, 1.8878774642944336, 2.050251007080078, 1.9471262693405151, 2.0872771739959717, 2.169139862060547, 2.1008541584014893, 2.3640732765197754, 2.2235424518585205, 2.407494306564331, 2.356905698776245, 2.5168628692626953, 2.5115838050842285, 2.4546940326690674, 2.5183355808258057, 2.589780807495117, 2.7147417068481445, 2.6970741748809814, 2.6304471492767334, 2.7744977474212646, 2.8140294551849365, 2.9258294105529785, 2.9378106594085693, 2.942572593688965, 3.119140863418579, 2.947707176208496, 3.048119306564331, 3.0494489669799805, 2.8707804679870605, 3.1873598098754883, 2.9633803367614746, 2.903919219970703, 3.16103458404541, 3.348989486694336, 3.5191328525543213, 3.1627140045166016, 3.2514286041259766, 3.32682466506958, 3.59798002243042, 3.787087917327881, 3.768463373184204, 3.7211971282958984, 3.3983097076416016, 3.022914171218872, 3.6731107234954834, 4.074744701385498, 3.9395699501037598]}