{"step": [0, 30, 60, 90, 120, 150, 180, 210, 240, 270, 300, 330, 360, 390, 420, 450, 480, 510, 540, 570, 600, 630, 660, 690, 720, 750, 780, 810, 840, 870, 900, 930, 960, 990, 1020, 1050, 1080, 1110, 1140, 1170, 1200, 1230, 1260, 1290, 1320, 1350, 1380, 1410, 1440, 1470, 1499], "train": [2.294736703236898, 2.1208309332529702, 1.7612889210383098, 1.4005698362986247, 1.0682617823282878, 0.8281524578730265, 0.644421249628067, 0.5339061915874481, 0.43831973274548847, 0.4009109189112981, 0.34233511487642926, 0.3039550681908925, 0.24112012485663095, 0.2530702551205953, 0.23356012751658758, 0.19104460875193277, 0.1962412695089976, 0.19954741249481836, 0.1792302057147026, 0.159037783741951, 0.17551742742458978, 0.1739816963672638, 0.16722464809815088, 0.13387580712636313, 0.10334005206823349, 0.14050071189800897, 0.13975712160269418, 0.13441787660121918, 0.1398656629025936, 0.1397198662161827, 0.2953582654396693, 0.11502583076556523, 0.10326705500483513, 0.0995484118660291, 0.0936388981839021, 0.10117695232232411, 0.13602078954378763, 0.13169692953427634, 0.09633668512105942, 0.10705653702219327, 0.1096712276339531, 0.08570961405833562, 0.11094496150811513, 0.1384737268090248, 0.14021272088090578, 0.09789024665951729, 0.0812732179959615, 0.09187386681636174, 0.7187676727771759, 0.15881473446885744, 0.10559939841429393], "ood_acc": [0.11900000274181366, 0.22500000894069672, 0.2639999985694885, 0.30300000309944153, 0.328000009059906, 0.3630000054836273, 0.39500001072883606, 0.40800002217292786, 0.40400001406669617, 0.4220000207424164, 0.4050000309944153, 0.4220000207424164, 0.4130000174045563, 0.4220000207424164, 0.42100003361701965, 0.4270000159740448, 0.38200002908706665, 0.41200003027915955, 0.39400002360343933, 0.4220000207424164, 0.406000018119812, 0.4350000321865082, 0.4140000343322754, 0.4100000262260437, 0.4190000295639038, 0.4100000262260437, 0.3840000033378601, 0.40400001406669617, 0.42100003361701965, 0.38700002431869507, 0.42500001192092896, 0.406000018119812, 0.40800002217292786, 0.4360000193119049, 0.4270000159740448, 0.406000018119812, 0.38600000739097595, 0.3930000066757202, 0.40400001406669617, 0.37300002574920654, 0.4100000262260437, 0.398000031709671, 0.3930000066757202, 0.40400001406669617, 0.4090000092983246, 0.4220000207424164, 0.4100000262260437, 0.4130000174045563, 0.41200003027915955, 0.3970000147819519, 0.43400001525878906], "ood_ce": [2.3005263805389404, 2.210390329360962, 2.046098232269287, 1.9327603578567505, 1.9416109323501587, 1.853973388671875, 1.8624211549758911, 1.9508543014526367, 1.8719241619110107, 2.0142295360565186, 2.1767852306365967, 2.0313122272491455, 2.1856045722961426, 2.2966506481170654, 2.261939525604248, 2.3370254039764404, 2.8400959968566895, 2.7360520362854004, 2.8457834720611572, 2.643451690673828, 2.8277575969696045, 2.463017225265503, 2.8402109146118164, 2.905580759048462, 3.04750919342041, 3.355316162109375, 3.3866164684295654, 3.225404739379883, 2.797335386276245, 2.8782894611358643, 2.930473566055298, 2.910872459411621, 3.046807050704956, 2.935351848602295, 3.0587456226348877, 3.4971559047698975, 3.5970191955566406, 3.121734619140625, 2.9783437252044678, 3.3565409183502197, 3.0460433959960938, 3.539381504058838, 3.760392189025879, 3.6055688858032227, 3.6399428844451904, 3.469064474105835, 3.356733798980713, 3.6845080852508545, 3.8762974739074707, 2.8446085453033447, 2.79575252532959]}