{"step": [0, 30, 60, 90, 120, 150, 180, 210, 240, 270, 300, 330, 360, 390, 420, 450, 480, 510, 540, 570, 600, 630, 660, 690, 720, 750, 780, 810, 840, 870, 900, 930, 960, 990, 1020, 1050, 1080, 1110, 1140, 1170, 1200, 1230, 1260, 1290, 1320, 1350, 1380, 1410, 1440, 1470, 1499], "train": [2.2955477237701416, 2.0393364429473877, 1.59068763256073, 1.2626462777455647, 0.9529996514320374, 0.7714081406593323, 0.5923829277356466, 0.5138229628403982, 0.4529559711615245, 0.38589954376220703, 0.3559233794609706, 0.33322063088417053, 0.35852054754892987, 0.29331304132938385, 0.2722987234592438, 0.2045151094595591, 0.21307293325662613, 0.23372307419776917, 0.22126998007297516, 0.17416032900412878, 0.18040992816289267, 0.21283531685670218, 0.1647620971004168, 0.13347401966651282, 0.12844667583703995, 0.1408357173204422, 0.14290613681077957, 0.10795028259356816, 0.1232890859246254, 0.09969810023903847, 0.17398975789546967, 0.12665016452471414, 0.16350632657607397, 0.13920946170886359, 0.1365609479447206, 0.10805848240852356, 0.08485427498817444, 0.10466352105140686, 0.1140744760632515, 0.08835716918110847, 0.10245188822348912, 0.10010410224397977, 0.1541306090851625, 0.1074013039469719, 0.07210020596782367, 0.07936716079711914, 0.10417798534035683, 0.08700467397769292, 0.09798877686262131, 0.14285477002461752, 0.26586232086022693], "ood_acc": [0.08700000494718552, 0.22500000894069672, 0.2840000092983246, 0.27400001883506775, 0.3490000069141388, 0.3440000116825104, 0.359000027179718, 0.38200002908706665, 0.3720000088214874, 0.38100001215934753, 0.37300002574920654, 0.3970000147819519, 0.37300002574920654, 0.3970000147819519, 0.398000031709671, 0.39500001072883606, 0.39900001883506775, 0.4100000262260437, 0.39400002360343933, 0.42500001192092896, 0.4100000262260437, 0.4050000309944153, 0.4020000100135803, 0.406000018119812, 0.4190000295639038, 0.38200002908706665, 0.3920000195503235, 0.3840000033378601, 0.3790000081062317, 0.3920000195503235, 0.3890000283718109, 0.3800000250339508, 0.3930000066757202, 0.35600000619888306, 0.3790000081062317, 0.3760000169277191, 0.3700000047683716, 0.3840000033378601, 0.37700000405311584, 0.3790000081062317, 0.37800002098083496, 0.36500000953674316, 0.3720000088214874, 0.3570000231266022, 0.35500001907348633, 0.3580000102519989, 0.367000013589859, 0.3760000169277191, 0.3760000169277191, 0.36900001764297485, 0.3800000250339508], "ood_ce": [2.309570789337158, 2.1678354740142822, 1.9709964990615845, 1.9243940114974976, 1.91508948802948, 2.0505385398864746, 2.077624559402466, 2.0987813472747803, 2.274981737136841, 2.286825180053711, 2.4146580696105957, 2.4758899211883545, 2.676398277282715, 2.276162624359131, 2.526244640350342, 2.626206874847412, 2.6738908290863037, 2.8513293266296387, 3.175534248352051, 2.7499005794525146, 2.8862156867980957, 2.8824822902679443, 2.6531238555908203, 2.734981060028076, 2.8199307918548584, 3.078084945678711, 3.126371383666992, 3.185997486114502, 3.34505033493042, 3.643681526184082, 3.5159332752227783, 3.2320895195007324, 3.2294580936431885, 3.711116313934326, 4.144322395324707, 3.7033939361572266, 3.505472183227539, 3.358257293701172, 3.831547260284424, 3.8768200874328613, 3.632883310317993, 3.8718631267547607, 3.9485738277435303, 3.591871738433838, 3.8095381259918213, 3.907761812210083, 3.991919994354248, 3.6021695137023926, 3.5905470848083496, 3.8305838108062744, 3.490544080734253]}