{"step": [0, 30, 60, 90, 120, 150, 180, 210, 240, 270, 300, 330, 360, 390, 420, 450, 480, 510, 540, 570, 600, 630, 660, 690, 720, 750, 780, 810, 840, 870, 900, 930, 960, 990, 1020, 1050, 1080, 1110, 1140, 1170, 1200, 1230, 1260, 1290, 1320, 1350, 1380, 1410, 1440, 1470, 1499], "train": [2.294736623764038, 2.138895352681478, 1.888480504353841, 1.6224171717961628, 1.4309872388839722, 1.38436226050059, 1.3575178782145183, 1.302106539408366, 1.2396450440088909, 0.9354246656099955, 0.8915735483169556, 0.8809059063593546, 0.6909595330556234, 0.683366596698761, 0.5931984186172485, 0.6551143725713094, 0.6292328238487244, 0.5881004532178243, 0.5097037553787231, 0.48853371540705365, 0.40320490300655365, 0.6276138424873352, 0.42471714814503986, 0.6265238523483276, 0.5394702553749084, 0.46616334716478985, 0.45719021558761597, 0.6729145149389902, 0.6170431077480316, 0.4682683050632477, 0.5948524475097656, 0.23579324781894684, 0.32174638907114667, 0.45789071917533875, 0.3008347451686859, 0.22317066291968027, 0.24473059674104056, 0.3136247893174489, 0.2711462179819743, 0.26856258511543274, 0.7321822047233582, 0.21391509473323822, 0.28805506726106006, 0.5668047964572906, 0.43361832698186237, 0.3885882794857025, 0.22332038482030234, 0.362304151058197, 0.5046557585398356, 0.3298940360546112, 0.2725391089916229], "ood_acc": [0.11900000274181366, 0.20900000631809235, 0.20400001108646393, 0.2590000033378601, 0.2750000059604645, 0.27300000190734863, 0.3370000123977661, 0.3360000252723694, 0.3570000231266022, 0.3410000205039978, 0.3540000021457672, 0.367000013589859, 0.359000027179718, 0.40800002217292786, 0.3840000033378601, 0.39500001072883606, 0.35600000619888306, 0.4230000078678131, 0.4100000262260437, 0.42900002002716064, 0.40800002217292786, 0.3750000298023224, 0.39000001549720764, 0.4350000321865082, 0.3370000123977661, 0.4230000078678131, 0.3830000162124634, 0.38200002908706665, 0.38700002431869507, 0.37800002098083496, 0.3840000033378601, 0.36100003123283386, 0.36500000953674316, 0.35500001907348633, 0.3960000276565552, 0.3930000066757202, 0.3660000264644623, 0.3700000047683716, 0.3970000147819519, 0.3580000102519989, 0.37700000405311584, 0.3540000021457672, 0.36400002241134644, 0.39400002360343933, 0.40400001406669617, 0.3630000054836273, 0.34800001978874207, 0.34800001978874207, 0.3880000114440918, 0.37700000405311584, 0.38700002431869507], "ood_ce": [2.3005263805389404, 2.2148396968841553, 2.104339122772217, 2.1033735275268555, 2.3502423763275146, 2.9218838214874268, 2.6094682216644287, 2.309541940689087, 2.385118246078491, 2.2097978591918945, 2.609164237976074, 2.701460361480713, 2.6390295028686523, 2.4105777740478516, 2.3725290298461914, 2.5538313388824463, 3.0546724796295166, 2.837137222290039, 2.99257493019104, 2.7753942012786865, 2.8572146892547607, 3.3644492626190186, 2.916379690170288, 3.3861799240112305, 3.6124379634857178, 3.149233102798462, 3.3227853775024414, 3.5318002700805664, 3.371464252471924, 3.800229787826538, 3.581763982772827, 3.580824375152588, 3.8614678382873535, 4.748350620269775, 4.042540073394775, 4.2625627517700195, 3.938236951828003, 3.9246535301208496, 4.178539276123047, 3.5320465564727783, 3.479874849319458, 4.074450492858887, 5.096604347229004, 5.252363204956055, 4.013020038604736, 4.036704063415527, 3.9961371421813965, 4.375244617462158, 4.677206039428711, 3.8642237186431885, 4.1141557693481445]}