{"step": [0, 30, 60, 90, 120, 150, 180, 210, 240, 270, 300, 330, 360, 390, 420, 450, 480, 510, 540, 570, 600, 630, 660, 690, 720, 750, 780, 810, 840, 870, 900, 930, 960, 990, 1020, 1050, 1080, 1110, 1140, 1170, 1200, 1230, 1260, 1290, 1320, 1350, 1380, 1410, 1440, 1470, 1499], "train": [2.289719343185425, 2.0557146072387695, 1.661704421043396, 1.341845154762268, 1.0150715907414753, 0.776288906733195, 0.5909597973028818, 0.5144664943218231, 0.4120599329471588, 0.3929104109605153, 0.37940071026484173, 0.3981042007605235, 0.31628573934237164, 0.32364993294080097, 0.2877301772435506, 0.2861723005771637, 0.33957311511039734, 0.2807282308737437, 0.3095254798730214, 0.2312053640683492, 0.2596311370531718, 0.2184073527654012, 0.2003436287244161, 0.20468355218569437, 0.16534769286712012, 0.1547171970208486, 0.14571904639403024, 0.1611242045958837, 0.12384077409903209, 0.12061741451422374, 0.16830101360877356, 0.11686379959185918, 0.13103605806827545, 0.12359188497066498, 0.101597361266613, 0.13184306025505066, 0.13321072608232498, 0.08858019237716992, 0.07069296638170879, 0.0801087034245332, 0.11788649360338847, 0.09716964140534401, 0.12251189847787221, 0.09477926045656204, 0.10155530522267024, 0.08583566422263782, 0.09327330688635509, 0.14631852755943933, 0.09101264923810959, 0.08195983618497849, 0.0673152506351471], "ood_acc": [0.1120000034570694, 0.24900001287460327, 0.26900002360343933, 0.2900000214576721, 0.320000022649765, 0.3490000069141388, 0.39400002360343933, 0.39400002360343933, 0.3890000283718109, 0.41200003027915955, 0.42000001668930054, 0.4240000247955322, 0.44300001859664917, 0.4270000159740448, 0.43800002336502075, 0.41700002551078796, 0.41600000858306885, 0.41700002551078796, 0.3790000081062317, 0.4010000228881836, 0.41200003027915955, 0.46800002455711365, 0.43700000643730164, 0.41100001335144043, 0.41700002551078796, 0.4320000112056732, 0.4310000240802765, 0.4190000295639038, 0.41100001335144043, 0.4240000247955322, 0.42100003361701965, 0.4350000321865082, 0.4320000112056732, 0.4360000193119049, 0.42500001192092896, 0.42500001192092896, 0.39500001072883606, 0.406000018119812, 0.43400001525878906, 0.4360000193119049, 0.43300002813339233, 0.4300000071525574, 0.41700002551078796, 0.4440000355243683, 0.4140000343322754, 0.4180000126361847, 0.43300002813339233, 0.42100003361701965, 0.4360000193119049, 0.42900002002716064, 0.4190000295639038], "ood_ce": [2.3007583618164062, 2.1679625511169434, 2.0076868534088135, 1.9406920671463013, 1.9253525733947754, 1.89638352394104, 1.9318594932556152, 1.8785488605499268, 2.019484519958496, 2.1087045669555664, 2.0481252670288086, 2.080915689468384, 2.1397998332977295, 2.4401745796203613, 2.2869653701782227, 2.419173240661621, 2.56620717048645, 2.7150261402130127, 2.6956238746643066, 2.5533182621002197, 2.517707586288452, 2.5845584869384766, 2.575453758239746, 2.503732919692993, 2.8224151134490967, 2.780866861343384, 3.002702236175537, 2.701953887939453, 2.7506749629974365, 2.9558475017547607, 2.9396049976348877, 2.9491727352142334, 3.032992362976074, 3.435084819793701, 3.4915683269500732, 3.785835027694702, 2.908592700958252, 3.2631521224975586, 3.3879475593566895, 3.4613959789276123, 3.3100225925445557, 3.0631680488586426, 3.165372610092163, 2.914608955383301, 3.273664712905884, 3.122177839279175, 3.351999044418335, 3.5348143577575684, 3.3745696544647217, 3.3600053787231445, 3.3021011352539062]}