{"step": [0, 30, 60, 90, 120, 150, 180, 210, 240, 270, 300, 330, 360, 390, 420, 450, 480, 510, 540, 570, 600, 630, 660, 690, 720, 750, 780, 810, 840, 870, 900, 930, 960, 990, 1020, 1050, 1080, 1110, 1140, 1170, 1200, 1230, 1260, 1290, 1320, 1350, 1380, 1410, 1440, 1470, 1499], "train": [2.2955477237701416, 2.0425709883371987, 1.6056249539057414, 1.2955230474472046, 0.9652697841326395, 0.7738928695519766, 0.5916233559449514, 0.5035512844721476, 0.4119742015997569, 0.37414174278577167, 0.3045076976219813, 0.28509965538978577, 0.2648981362581253, 0.26185551285743713, 0.266523356239001, 0.212410569190979, 0.20420176784197488, 0.21566739678382874, 0.18665505448977152, 0.22860898077487946, 0.16790955265363058, 0.1667772556344668, 0.1255036120613416, 0.22563998401165009, 0.18636956810951233, 0.14937926828861237, 0.13609382510185242, 0.17265096803506216, 0.15714400509993234, 0.11942033842206001, 0.15648742020130157, 0.13958938668171564, 0.1492758865157763, 0.17197817067305246, 0.08070279036959012, 0.14314174155394235, 0.12376319865385692, 0.12376923114061356, 0.10198085755109787, 0.12110137194395065, 0.06965712147454421, 0.09676389520366986, 0.10325167079766591, 0.1289078344901403, 0.06800427908698718, 0.11719578007857005, 0.12053809190789859, 0.07255828753113747, 0.07772875453035037, 0.09773584951957066, 0.10397050529718399], "ood_acc": [0.08700000494718552, 0.2330000102519989, 0.27900001406669617, 0.26200002431869507, 0.3460000157356262, 0.34700000286102295, 0.359000027179718, 0.3970000147819519, 0.3840000033378601, 0.38200002908706665, 0.3830000162124634, 0.38100001215934753, 0.39400002360343933, 0.4100000262260437, 0.39100003242492676, 0.37800002098083496, 0.3970000147819519, 0.3930000066757202, 0.406000018119812, 0.4180000126361847, 0.3750000298023224, 0.4130000174045563, 0.4020000100135803, 0.4020000100135803, 0.3880000114440918, 0.39400002360343933, 0.41200003027915955, 0.3920000195503235, 0.38600000739097595, 0.39400002360343933, 0.40400001406669617, 0.41700002551078796, 0.3790000081062317, 0.41200003027915955, 0.41600000858306885, 0.39000001549720764, 0.3960000276565552, 0.39100003242492676, 0.39400002360343933, 0.406000018119812, 0.398000031709671, 0.3970000147819519, 0.41600000858306885, 0.4050000309944153, 0.3920000195503235, 0.4100000262260437, 0.36900001764297485, 0.3760000169277191, 0.4000000059604645, 0.3970000147819519, 0.36900001764297485], "ood_ce": [2.309570789337158, 2.169613838195801, 1.9865235090255737, 1.9470068216323853, 1.8945280313491821, 2.002746820449829, 2.0454654693603516, 2.034766912460327, 2.12056040763855, 2.1775238513946533, 2.4589734077453613, 2.5859262943267822, 2.71738600730896, 2.4704861640930176, 2.629875421524048, 2.5790493488311768, 2.673309087753296, 3.0348010063171387, 2.790457010269165, 2.887126922607422, 2.8451247215270996, 2.7923779487609863, 3.2820186614990234, 3.364556312561035, 3.34748911857605, 3.33803129196167, 3.210113286972046, 3.231888771057129, 3.052415609359741, 3.500474214553833, 3.620643138885498, 3.402815580368042, 3.560587167739868, 3.5284934043884277, 3.5087952613830566, 3.571780204772949, 3.028977155685425, 3.3240320682525635, 3.2450897693634033, 3.3593521118164062, 3.307279586791992, 3.27679705619812, 3.6387405395507812, 3.384657144546509, 3.3370003700256348, 3.552837371826172, 3.768066167831421, 3.951317310333252, 3.7179951667785645, 3.77919864654541, 4.03857946395874]}