{"step": [0, 30, 60, 90, 120, 150, 180, 210, 240, 270, 300, 330, 360, 390, 420, 450, 480, 510, 540, 570, 600, 630, 660, 690, 720, 750, 780, 810, 840, 870, 900, 930, 960, 990, 1020, 1050, 1080, 1110, 1140, 1170, 1200, 1230, 1260, 1290, 1320, 1350, 1380, 1410, 1440, 1470, 1499], "train": [2.2955477237701416, 2.0419235229492188, 1.6058651606241863, 1.2935989300409954, 0.9503676096598307, 0.7519992093245188, 0.5878152151902517, 0.4869186282157898, 0.4134221325318019, 0.3507899542649587, 0.2870517323414485, 0.27223017315069836, 0.29574612776438397, 0.3434359133243561, 0.21749560038248697, 0.22151507437229156, 0.23532682160536447, 0.19863600532213846, 0.18254845837752023, 0.17530770599842072, 0.13794090350468954, 0.15340441465377808, 0.15920363863309225, 0.14852217336495718, 0.1310295338431994, 0.1326436772942543, 0.10966123143831889, 0.07977172111471494, 0.08189633737007777, 0.15606879194577536, 0.14516229927539825, 0.11191046858827274, 0.10007460042834282, 0.09902061894536018, 0.11985959112644196, 0.10453305517633756, 0.07707057024041812, 0.10976860175530116, 0.0908780408402284, 0.08321431279182434, 0.1026742880543073, 0.11812487741311391, 0.10521683841943741, 0.14373025049765906, 0.10020185013612111, 0.06878449643651645, 0.11764375120401382, 0.07810872296492259, 0.07947053015232086, 0.0848881658166647, 0.10688977936903636], "ood_acc": [0.08700000494718552, 0.23000000417232513, 0.289000004529953, 0.26900002360343933, 0.34300002455711365, 0.36500000953674316, 0.36400002241134644, 0.39000001549720764, 0.38600000739097595, 0.3890000283718109, 0.3850000202655792, 0.3880000114440918, 0.39500001072883606, 0.41200003027915955, 0.41700002551078796, 0.39400002360343933, 0.398000031709671, 0.40800002217292786, 0.3890000283718109, 0.39900001883506775, 0.38600000739097595, 0.398000031709671, 0.4100000262260437, 0.367000013589859, 0.39100003242492676, 0.4000000059604645, 0.40400001406669617, 0.3930000066757202, 0.406000018119812, 0.40300002694129944, 0.406000018119812, 0.3850000202655792, 0.37700000405311584, 0.36500000953674316, 0.40400001406669617, 0.3850000202655792, 0.40300002694129944, 0.3960000276565552, 0.3890000283718109, 0.39400002360343933, 0.38700002431869507, 0.37300002574920654, 0.39500001072883606, 0.39000001549720764, 0.367000013589859, 0.3570000231266022, 0.35200002789497375, 0.367000013589859, 0.3530000150203705, 0.3630000054836273, 0.359000027179718], "ood_ce": [2.309570789337158, 2.1697261333465576, 1.9710214138031006, 1.9203083515167236, 1.8847442865371704, 1.9499354362487793, 2.0077579021453857, 2.059591054916382, 2.177072525024414, 2.2393548488616943, 2.4115588665008545, 2.589660406112671, 2.643249750137329, 2.4265036582946777, 2.456162929534912, 2.7263340950012207, 2.749743938446045, 2.497377872467041, 2.9596517086029053, 3.011073350906372, 2.9933903217315674, 2.8990538120269775, 2.8671040534973145, 3.0599942207336426, 3.190922260284424, 3.0970215797424316, 3.198213577270508, 3.333691358566284, 3.11129093170166, 3.426055908203125, 3.27944016456604, 3.017589569091797, 3.08501935005188, 3.158775568008423, 3.3079092502593994, 3.4482946395874023, 3.4599573612213135, 3.3176023960113525, 3.490856885910034, 3.54595947265625, 3.786222457885742, 3.546969413757324, 3.645167589187622, 3.7151052951812744, 3.8961780071258545, 4.082260608673096, 4.16420841217041, 3.8738210201263428, 4.370569229125977, 4.6044721603393555, 4.807229995727539]}