{"step": [0, 30, 60, 90, 120, 150, 180, 210, 240, 270, 300, 330, 360, 390, 420, 450, 480, 510, 540, 570, 600, 630, 660, 690, 720, 750, 780, 810, 840, 870, 900, 930, 960, 990, 1020, 1050, 1080, 1110, 1140, 1170, 1200, 1230, 1260, 1290, 1320, 1350, 1380, 1410, 1440, 1470, 1499], "train": [2.2990516821543374, 2.044889291127523, 1.6241296529769897, 1.3066459894180298, 0.9898708264032999, 0.746834933757782, 0.6074451605478922, 0.5134105980396271, 0.4312041997909546, 0.3734944512446721, 0.3255121558904648, 0.2891008307536443, 0.24855814377466837, 0.25592508415381116, 0.2647177378336589, 0.20485675831635794, 0.19366204490264258, 0.20490155617396036, 0.1658124327659607, 0.16958022862672806, 0.15818785627683005, 0.12104584400852521, 0.13167186081409454, 0.12772052238384882, 0.14421471705039343, 0.13849666466315588, 0.1425494278470675, 0.1139954502383868, 0.0864746222893397, 0.15726553400357565, 0.08786138147115707, 0.1985083371400833, 0.10745324194431305, 0.12388590226570766, 0.11938392495115598, 0.1169590378801028, 0.13112974415222803, 0.16201803584893545, 0.1475126494963964, 0.09039107710123062, 0.09645019223292668, 0.10661561042070389, 0.10915824646751086, 0.12094862510760625, 0.09276728828748067, 0.14145168165365854, 0.1250764156381289, 0.08212600400050481, 0.09118648245930672, 0.10510635375976562, 0.0876914660135905], "ood_acc": [0.10000000149011612, 0.21000000834465027, 0.2590000033378601, 0.2750000059604645, 0.3620000183582306, 0.3660000264644623, 0.3890000283718109, 0.39500001072883606, 0.4140000343322754, 0.4130000174045563, 0.4090000092983246, 0.39400002360343933, 0.4150000214576721, 0.42900002002716064, 0.42500001192092896, 0.4310000240802765, 0.44700002670288086, 0.44300001859664917, 0.4140000343322754, 0.4240000247955322, 0.4230000078678131, 0.4270000159740448, 0.42500001192092896, 0.41600000858306885, 0.4350000321865082, 0.445000022649765, 0.4220000207424164, 0.4390000104904175, 0.4310000240802765, 0.3830000162124634, 0.4390000104904175, 0.39400002360343933, 0.41700002551078796, 0.41100001335144043, 0.4090000092983246, 0.41600000858306885, 0.4100000262260437, 0.4400000274181366, 0.4310000240802765, 0.4190000295639038, 0.42000001668930054, 0.40300002694129944, 0.4130000174045563, 0.4220000207424164, 0.4240000247955322, 0.42100003361701965, 0.4150000214576721, 0.406000018119812, 0.4240000247955322, 0.4240000247955322, 0.42000001668930054], "ood_ce": [2.3157217502593994, 2.1802427768707275, 1.9792109727859497, 1.9446083307266235, 1.9861156940460205, 1.9906671047210693, 1.9632954597473145, 1.9596415758132935, 2.0835824012756348, 2.1607000827789307, 2.375685930252075, 2.4267451763153076, 2.4527664184570312, 2.4527812004089355, 2.348153829574585, 2.639646053314209, 2.5655972957611084, 2.6382761001586914, 2.8083837032318115, 2.6724960803985596, 2.8444182872772217, 2.958491325378418, 2.863637685775757, 3.1483473777770996, 3.022765874862671, 2.823911666870117, 2.9683783054351807, 2.929929256439209, 2.963340997695923, 3.13373064994812, 2.8041152954101562, 3.092525005340576, 3.232651472091675, 3.802847385406494, 3.935304641723633, 3.486072540283203, 3.386265754699707, 3.332108497619629, 3.6284172534942627, 3.6398634910583496, 3.8582828044891357, 3.553051471710205, 3.85465145111084, 3.6115989685058594, 3.3196260929107666, 3.39565110206604, 3.556579113006592, 3.6267311573028564, 3.6383378505706787, 3.58960223197937, 3.58627986907959]}