{"step": [0, 30, 60, 90, 120, 150, 180, 210, 240, 270, 300, 330, 360, 390, 420, 450, 480, 510, 540, 570, 600, 630, 660, 690, 720, 750, 780, 810, 840, 870, 900, 930, 960, 990, 1020, 1050, 1080, 1110, 1140, 1170, 1200, 1230, 1260, 1290, 1320, 1350, 1380, 1410, 1440, 1470, 1499], "train": [2.289719343185425, 2.0520315965016684, 1.6620574394861858, 1.3449394702911377, 1.004953940709432, 0.7780593633651733, 0.5906269252300262, 0.4872904419898987, 0.38443485895792645, 0.35336000720659894, 0.3163725088040034, 0.2717665086189906, 0.24063521126906076, 0.21861026684443155, 0.21094783147176108, 0.19632211327552795, 0.17454310258229574, 0.15988987435897192, 0.1805918663740158, 0.15689614911874136, 0.18869620064894357, 0.13874995956818262, 0.1360971803466479, 0.125335526963075, 0.11391718685626984, 0.12894368171691895, 0.11811334391434987, 0.09435369074344635, 0.11968982219696045, 0.13849926988283792, 0.10208975523710251, 0.12419931093851726, 0.12560146301984787, 0.12302273511886597, 0.09566097582379977, 0.06695585697889328, 0.11360981067021687, 0.10252031187216441, 0.09019163995981216, 0.16104215383529663, 0.12705496698617935, 0.12732388327519098, 0.1097410445412, 0.1434090087811152, 0.09886528303225835, 0.06961257134874661, 0.08760399495561917, 0.41728055477142334, 0.11141835649808247, 0.07812212780117989, 0.10651432971159618], "ood_acc": [0.1120000034570694, 0.24300001561641693, 0.27000001072883606, 0.2900000214576721, 0.320000022649765, 0.35200002789497375, 0.39400002360343933, 0.4100000262260437, 0.3920000195503235, 0.42600002884864807, 0.42600002884864807, 0.44600000977516174, 0.445000022649765, 0.43800002336502075, 0.44200003147125244, 0.4130000174045563, 0.42600002884864807, 0.4230000078678131, 0.4090000092983246, 0.42600002884864807, 0.4130000174045563, 0.4440000355243683, 0.4190000295639038, 0.41600000858306885, 0.40700000524520874, 0.4360000193119049, 0.4320000112056732, 0.44700002670288086, 0.43400001525878906, 0.43400001525878906, 0.41700002551078796, 0.445000022649765, 0.44200003147125244, 0.41100001335144043, 0.4140000343322754, 0.4400000274181366, 0.4150000214576721, 0.41100001335144043, 0.4360000193119049, 0.42600002884864807, 0.42000001668930054, 0.40800002217292786, 0.398000031709671, 0.38700002431869507, 0.41700002551078796, 0.40300002694129944, 0.42000001668930054, 0.32200002670288086, 0.3830000162124634, 0.4010000228881836, 0.40400001406669617], "ood_ce": [2.3007583618164062, 2.1657652854919434, 1.9959592819213867, 1.9276152849197388, 1.9151495695114136, 1.8973720073699951, 1.9418944120407104, 1.8717362880706787, 2.0654654502868652, 2.0371158123016357, 1.937646746635437, 2.1612207889556885, 2.3248276710510254, 2.2416234016418457, 2.2480885982513428, 2.361557960510254, 2.4059669971466064, 2.4703428745269775, 2.625131607055664, 2.5376501083374023, 2.563326835632324, 2.7543160915374756, 2.5058655738830566, 2.7611804008483887, 2.8686797618865967, 2.756655693054199, 3.0139575004577637, 2.9154725074768066, 2.923924446105957, 2.9498987197875977, 2.7607219219207764, 2.8441312313079834, 2.9099247455596924, 2.8833346366882324, 3.1599314212799072, 2.992387056350708, 3.1242120265960693, 2.98325514793396, 3.1510632038116455, 3.3595807552337646, 3.6494266986846924, 3.42948317527771, 3.5986099243164062, 3.609722852706909, 3.3891544342041016, 3.3662188053131104, 3.4349663257598877, 4.410375595092773, 3.0710067749023438, 3.11570405960083, 3.3796942234039307]}