{"step": [0, 30, 60, 90, 120, 150, 180, 210, 240, 270, 300, 330, 360, 390, 420, 450, 480, 510, 540, 570, 600, 630, 660, 690, 720, 750, 780, 810, 840, 870, 900, 930, 960, 990, 1020, 1050, 1080, 1110, 1140, 1170, 1200, 1230, 1260, 1290, 1320, 1350, 1380, 1410, 1440, 1470, 1499], "train": [2.2955477237701416, 2.0467966397603354, 1.618219256401062, 1.1983973781267803, 0.9107258915901184, 0.7928038438161215, 0.6006275713443756, 0.5178286333878835, 0.4514480282862981, 0.4430851340293884, 0.33910474677880603, 0.30800704658031464, 0.3184472819169362, 0.26578499376773834, 0.2599816421667735, 0.20932688564062119, 0.18561651557683945, 0.20512967556715012, 0.19694536427656809, 0.229317769408226, 0.17145352065563202, 0.17739159862200418, 0.14182399958372116, 0.17708665629227957, 0.2110997885465622, 0.15267420560121536, 0.13092496494452158, 0.13540291786193848, 0.1320735290646553, 0.1551763117313385, 0.14528587957223257, 0.11426107585430145, 0.382756270468235, 0.1404233326514562, 0.13080985099077225, 0.1323109989364942, 0.2564759999513626, 0.10678936541080475, 0.1266301174958547, 0.14270168294509253, 0.11512244492769241, 0.10074697310725848, 0.08941544344027837, 0.11119935909907024, 0.0747218132019043, 0.23179002727071443, 0.13148428996404013, 0.09076582764585812, 0.12546928723653158, 0.1276353821158409, 0.12102484206358592], "ood_acc": [0.08700000494718552, 0.22800001502037048, 0.2580000162124634, 0.2590000033378601, 0.32200002670288086, 0.3160000145435333, 0.33900001645088196, 0.37400001287460327, 0.34800001978874207, 0.38200002908706665, 0.3800000250339508, 0.39400002360343933, 0.359000027179718, 0.4310000240802765, 0.3970000147819519, 0.3920000195503235, 0.4220000207424164, 0.4130000174045563, 0.3930000066757202, 0.39500001072883606, 0.42500001192092896, 0.4190000295639038, 0.42600002884864807, 0.42500001192092896, 0.38700002431869507, 0.4020000100135803, 0.37400001287460327, 0.4150000214576721, 0.4100000262260437, 0.37800002098083496, 0.4020000100135803, 0.3830000162124634, 0.3960000276565552, 0.3760000169277191, 0.41200003027915955, 0.3890000283718109, 0.42000001668930054, 0.40700000524520874, 0.40300002694129944, 0.3930000066757202, 0.4220000207424164, 0.39900001883506775, 0.4220000207424164, 0.40400001406669617, 0.40800002217292786, 0.3880000114440918, 0.41100001335144043, 0.3890000283718109, 0.4000000059604645, 0.38600000739097595, 0.3680000305175781], "ood_ce": [2.309570789337158, 2.1729588508605957, 1.9876548051834106, 2.0746283531188965, 2.176624059677124, 2.4835386276245117, 2.2713723182678223, 2.207749843597412, 2.39737606048584, 2.2734262943267822, 2.475248098373413, 2.629945755004883, 2.8767621517181396, 2.428495407104492, 2.781637191772461, 2.5607621669769287, 2.5639774799346924, 2.787794589996338, 2.9392635822296143, 2.847668409347534, 2.7411203384399414, 3.0313689708709717, 2.945904016494751, 3.2251951694488525, 3.1857385635375977, 3.2502238750457764, 2.9486019611358643, 3.2428691387176514, 3.375037670135498, 3.4264039993286133, 3.469615936279297, 3.6237802505493164, 3.7101328372955322, 3.2571451663970947, 3.479022741317749, 4.276279926300049, 3.6169309616088867, 3.5266969203948975, 3.630875825881958, 3.5062825679779053, 3.238412618637085, 3.728123664855957, 3.1850600242614746, 3.6227779388427734, 3.5966873168945312, 3.9701974391937256, 4.122293472290039, 3.7424697875976562, 3.984550714492798, 3.774996042251587, 4.185823917388916]}