{"step": [0, 30, 60, 90, 120, 150, 180, 210, 240, 270, 300, 330, 360, 390, 420, 450, 480, 510, 540, 570, 600, 630, 660, 690, 720, 750, 780, 810, 840, 870, 900, 930, 960, 990, 1020, 1050, 1080, 1110, 1140, 1170, 1200, 1230, 1260, 1290, 1320, 1350, 1380, 1410, 1440, 1470, 1499], "train": [2.294736623764038, 2.1201005776723227, 1.7580219507217407, 1.3934305906295776, 1.065134604771932, 0.8272648255030314, 0.6417049864927927, 0.5323909123738607, 0.42873822152614594, 0.39831073582172394, 0.33168404797712964, 0.3030981669823329, 0.30270102123419446, 0.2871437023083369, 0.25649208823839825, 0.21299000829458237, 0.19655818243821463, 0.1871612916390101, 0.18603802720705667, 0.1649601086974144, 0.1617786039908727, 0.15392879520853361, 0.14288567503293356, 0.14108735819657645, 0.11475744098424911, 0.13035719593365988, 0.1695480446020762, 0.09700807680686314, 0.10890217125415802, 0.1001367134352525, 0.08279749378561974, 0.09050723413626353, 0.08547548204660416, 0.10785695165395737, 0.11342993130286534, 0.12378620604674022, 0.08352938542763393, 0.11419226229190826, 0.12304378921786945, 0.11961300671100616, 0.09844591841101646, 0.08723052591085434, 0.11580809950828552, 0.09833189472556114, 0.16148907194534937, 0.10396458705266316, 0.09478112310171127, 0.08345700303713481, 0.10358537485202153, 0.10681703686714172, 0.12238836536804835], "ood_acc": [0.11900000274181366, 0.22500000894069672, 0.2630000114440918, 0.30000001192092896, 0.328000009059906, 0.367000013589859, 0.39100003242492676, 0.4140000343322754, 0.40400001406669617, 0.40400001406669617, 0.3920000195503235, 0.4230000078678131, 0.42000001668930054, 0.42600002884864807, 0.39900001883506775, 0.42600002884864807, 0.39900001883506775, 0.42500001192092896, 0.4140000343322754, 0.42000001668930054, 0.4190000295639038, 0.4300000071525574, 0.42000001668930054, 0.4090000092983246, 0.4150000214576721, 0.43400001525878906, 0.44300001859664917, 0.42500001192092896, 0.4320000112056732, 0.42600002884864807, 0.40300002694129944, 0.4050000309944153, 0.4050000309944153, 0.42600002884864807, 0.4300000071525574, 0.4230000078678131, 0.43400001525878906, 0.42100003361701965, 0.4230000078678131, 0.41200003027915955, 0.39500001072883606, 0.4230000078678131, 0.42500001192092896, 0.4140000343322754, 0.398000031709671, 0.4000000059604645, 0.42600002884864807, 0.4020000100135803, 0.398000031709671, 0.3850000202655792, 0.406000018119812], "ood_ce": [2.3005263805389404, 2.210200786590576, 2.045738935470581, 1.9330440759658813, 1.933638334274292, 1.8444404602050781, 1.8417482376098633, 1.9227569103240967, 1.898600697517395, 2.0747299194335938, 2.1520636081695557, 2.013873815536499, 2.2770800590515137, 2.4160969257354736, 2.256051540374756, 2.432607650756836, 2.9619991779327393, 2.6975479125976562, 2.8011810779571533, 2.6974847316741943, 2.5708706378936768, 2.5898029804229736, 2.763962984085083, 2.8628687858581543, 2.882657051086426, 2.644960403442383, 3.0350141525268555, 3.1836743354797363, 3.049880027770996, 3.199402332305908, 3.0296945571899414, 3.388986587524414, 3.225879430770874, 3.0987181663513184, 2.8750905990600586, 2.947732448577881, 3.09139347076416, 3.2449233531951904, 3.1828489303588867, 3.20359206199646, 3.078521728515625, 3.1699845790863037, 3.4163761138916016, 3.746849536895752, 3.7054364681243896, 3.531775712966919, 3.2227489948272705, 3.2901854515075684, 3.6004254817962646, 3.770031690597534, 3.941920757293701]}