{"step": [0, 30, 60, 90, 120, 150, 180, 210, 240, 270, 300, 330, 360, 390, 420, 450, 480, 510, 540, 570, 600, 630, 660, 690, 720, 750, 780, 810, 840, 870, 900, 930, 960, 990, 1020, 1050, 1080, 1110, 1140, 1170, 1200, 1230, 1260, 1290, 1320, 1350, 1380, 1410, 1440, 1470, 1499], "train": [2.294736703236898, 2.122908274332682, 1.7809919913609822, 1.356604774792989, 1.0523092945416768, 0.8062244852383932, 0.7054408192634583, 0.5638017058372498, 0.47329992055892944, 0.4676540295283, 0.3574835807085037, 0.31853512426217395, 0.2689267148574193, 0.28936642905076343, 0.24634502828121185, 0.23425679157177606, 0.24780354648828506, 0.19218675792217255, 0.22984029352664948, 0.19227238496144614, 0.1943449005484581, 0.17792603373527527, 0.16913264989852905, 0.1521210471789042, 0.15059859057267508, 0.2137676328420639, 0.16404876361290613, 0.14513209958871207, 0.23674532771110535, 0.16135118653376898, 0.10780185585220654, 0.12116288890441258, 0.2213370899359385, 0.11514066656430562, 0.0902842606107394, 0.09903070827325185, 0.15707523748278618, 0.1263844221830368, 0.13808696468671164, 0.18471373120943704, 0.13220557322104773, 0.15040725221236548, 0.17705907672643661, 0.15797001123428345, 0.18917338798443475, 0.15358626345793405, 0.11492859696348508, 0.09314976260066032, 0.09697471310695012, 0.11220400407910347, 0.11449940502643585], "ood_acc": [0.11900000274181366, 0.2160000056028366, 0.242000013589859, 0.281000018119812, 0.3070000112056732, 0.36000001430511475, 0.3750000298023224, 0.3840000033378601, 0.38700002431869507, 0.3660000264644623, 0.398000031709671, 0.4090000092983246, 0.39900001883506775, 0.4280000329017639, 0.41600000858306885, 0.4310000240802765, 0.39400002360343933, 0.42000001668930054, 0.4320000112056732, 0.42000001668930054, 0.4010000228881836, 0.4020000100135803, 0.4100000262260437, 0.42000001668930054, 0.41200003027915955, 0.4010000228881836, 0.4020000100135803, 0.41700002551078796, 0.39500001072883606, 0.39900001883506775, 0.4230000078678131, 0.4220000207424164, 0.4020000100135803, 0.40400001406669617, 0.40300002694129944, 0.4320000112056732, 0.3880000114440918, 0.4150000214576721, 0.406000018119812, 0.36500000953674316, 0.37700000405311584, 0.38200002908706665, 0.3710000216960907, 0.41200003027915955, 0.4100000262260437, 0.4100000262260437, 0.4090000092983246, 0.4220000207424164, 0.3920000195503235, 0.4090000092983246, 0.40400001406669617], "ood_ce": [2.3005263805389404, 2.2068355083465576, 2.043909788131714, 2.0180962085723877, 2.300672769546509, 2.0346484184265137, 2.1274962425231934, 2.134286642074585, 2.0979418754577637, 2.3751533031463623, 2.2073779106140137, 2.247875213623047, 2.3946826457977295, 2.51049542427063, 2.2612698078155518, 2.4190714359283447, 2.6687445640563965, 2.4357643127441406, 2.6384389400482178, 2.6784822940826416, 2.59287691116333, 2.7082576751708984, 2.9377737045288086, 3.1647157669067383, 3.2265121936798096, 3.3467929363250732, 2.8876826763153076, 3.0936577320098877, 3.373811960220337, 3.4041190147399902, 2.8453564643859863, 3.053553819656372, 3.144986629486084, 3.2115697860717773, 3.534611225128174, 3.1967709064483643, 3.2252471446990967, 3.547858953475952, 4.057631492614746, 4.406924247741699, 3.329453706741333, 3.7834463119506836, 3.816743850708008, 3.7863407135009766, 3.8541676998138428, 3.281935453414917, 3.520601987838745, 3.535588264465332, 3.736008405685425, 3.6562249660491943, 4.019087791442871]}