{"step": [0, 30, 60, 90, 120, 150, 180, 210, 240, 270, 300, 330, 360, 390, 420, 450, 480, 510, 540, 570, 600, 630, 660, 690, 720, 750, 780, 810, 840, 870, 900, 930, 960, 990, 1020, 1050, 1080, 1110, 1140, 1170, 1200, 1230, 1260, 1290, 1320, 1350, 1380, 1410, 1440, 1470, 1499], "train": [2.3100438912709556, 2.1078031063079834, 1.6984583934148152, 1.3319726785024006, 1.0211350719134014, 0.8025961518287659, 0.651399960120519, 0.5659442146619161, 0.4942844708760579, 0.4995499948660533, 0.45813487966855365, 0.35716712474823, 0.33427123228708905, 0.38104012608528137, 0.3070727090040843, 0.28293782472610474, 0.2692064394553502, 0.2905963907639186, 0.23805836836496988, 0.21984092891216278, 0.22835459311803183, 0.2220044732093811, 0.2601192891597748, 0.15808555235465369, 0.1999090611934662, 0.16275217632452646, 0.14751604944467545, 0.11151789873838425, 0.20669414103031158, 0.14731000363826752, 0.11961124340693156, 0.13308566684524217, 0.12246759484211604, 0.11900857836008072, 0.13056597858667374, 0.13824676970640817, 0.12509070336818695, 0.08726480603218079, 0.07282866289218266, 0.13456420103708902, 0.11649783700704575, 0.1359564041097959, 0.12012799084186554, 0.11749789118766785, 0.08391733715931575, 0.09552044173081715, 0.14579730232556662, 0.10950593650341034, 0.11617849270502727, 0.0823934053381284, 0.10090701778729756], "ood_acc": [0.07500000298023224, 0.22700001299381256, 0.2710000276565552, 0.2980000078678131, 0.33500000834465027, 0.3930000066757202, 0.39000001549720764, 0.4130000174045563, 0.43300002813339233, 0.398000031709671, 0.45000001788139343, 0.4140000343322754, 0.4440000355243683, 0.4310000240802765, 0.42900002002716064, 0.45600003004074097, 0.4610000252723694, 0.4050000309944153, 0.4610000252723694, 0.4580000340938568, 0.4400000274181366, 0.45900002121925354, 0.4480000138282776, 0.4570000171661377, 0.43300002813339233, 0.41100001335144043, 0.43800002336502075, 0.4520000219345093, 0.42100003361701965, 0.4360000193119049, 0.4020000100135803, 0.41100001335144043, 0.4440000355243683, 0.4390000104904175, 0.445000022649765, 0.4360000193119049, 0.4050000309944153, 0.4240000247955322, 0.42500001192092896, 0.41700002551078796, 0.4090000092983246, 0.41600000858306885, 0.4150000214576721, 0.43400001525878906, 0.41600000858306885, 0.4480000138282776, 0.41100001335144043, 0.4270000159740448, 0.4050000309944153, 0.398000031709671, 0.4100000262260437], "ood_ce": [2.309131383895874, 2.179219961166382, 1.9707673788070679, 1.8972376585006714, 1.8968623876571655, 1.8014594316482544, 2.135941982269287, 1.943376898765564, 1.9612842798233032, 2.276761293411255, 2.120746374130249, 2.291234016418457, 2.1854193210601807, 2.2891080379486084, 2.3280704021453857, 2.3910529613494873, 2.558046340942383, 2.721919298171997, 2.3535733222961426, 2.5240097045898438, 2.547250509262085, 2.633695602416992, 2.636077642440796, 2.622544765472412, 3.034827470779419, 3.0449700355529785, 2.864144802093506, 2.6701266765594482, 3.2294440269470215, 3.092355966567993, 2.919837713241577, 3.1005311012268066, 3.213139295578003, 2.9811415672302246, 2.9171884059906006, 2.9479880332946777, 3.030348062515259, 3.1296870708465576, 3.1784794330596924, 3.608246088027954, 3.7037384510040283, 3.7211737632751465, 3.1317200660705566, 3.5160837173461914, 3.5283312797546387, 3.585808515548706, 3.663267135620117, 3.477591037750244, 3.7433040142059326, 4.116791725158691, 4.120035171508789]}