{"step": [0, 30, 60, 90, 120, 150, 180, 210, 240, 270, 300, 330, 360, 390, 420, 450, 480, 510, 540, 570, 600, 630, 660, 690, 720, 750, 780, 810, 840, 870, 900, 930, 960, 990, 1020, 1050, 1080, 1110, 1140, 1170, 1200, 1230, 1260, 1290, 1320, 1350, 1380, 1410, 1440, 1470, 1499], "train": [2.289719343185425, 2.046570301055908, 1.6340285142262776, 1.2648582855860393, 0.9483064611752828, 0.745907743771871, 0.6106929878393809, 0.523131400346756, 0.42233753701051074, 0.3797844896713893, 0.3462938070297241, 0.3011503368616104, 0.25530220071474713, 0.26778847972551983, 0.23711811006069183, 0.27263668676217395, 0.1997897227605184, 0.20308483640352884, 0.19979342073202133, 0.13854668041070303, 0.20958139499028525, 0.16963197787602743, 0.1543830782175064, 0.1581563651561737, 0.1470966786146164, 0.15629895528157553, 0.18056828528642654, 0.13065107663472494, 0.45432524879773456, 0.1595823516448339, 0.15395203232765198, 0.13565835853417715, 0.12516706933577856, 0.1732288400332133, 0.11895623058080673, 0.42282352844874066, 0.12271205832560857, 0.10210675994555156, 0.23475233713785806, 0.1242606391509374, 0.11211739232142766, 0.08334473272164662, 0.14481063187122345, 0.10184568911790848, 0.08457576483488083, 0.1264378478129705, 0.15083287407954535, 0.0876374455789725, 0.09901245186726253, 0.0794261743625005, 0.22951518992582956], "ood_acc": [0.1120000034570694, 0.203000009059906, 0.2900000214576721, 0.28700000047683716, 0.30300000309944153, 0.3290000259876251, 0.3880000114440918, 0.4010000228881836, 0.3760000169277191, 0.4150000214576721, 0.41700002551078796, 0.44600000977516174, 0.4440000355243683, 0.42000001668930054, 0.44700002670288086, 0.4350000321865082, 0.41200003027915955, 0.39900001883506775, 0.4010000228881836, 0.41100001335144043, 0.4410000145435333, 0.4300000071525574, 0.4400000274181366, 0.4150000214576721, 0.4180000126361847, 0.42500001192092896, 0.4010000228881836, 0.42900002002716064, 0.4410000145435333, 0.3970000147819519, 0.43700000643730164, 0.40700000524520874, 0.4010000228881836, 0.4230000078678131, 0.41600000858306885, 0.4440000355243683, 0.4050000309944153, 0.4360000193119049, 0.42600002884864807, 0.4230000078678131, 0.4130000174045563, 0.4140000343322754, 0.42100003361701965, 0.42000001668930054, 0.40700000524520874, 0.4020000100135803, 0.398000031709671, 0.406000018119812, 0.4100000262260437, 0.39400002360343933, 0.3970000147819519], "ood_ce": [2.3007583618164062, 2.1628763675689697, 1.9803593158721924, 2.076641798019409, 2.1855361461639404, 2.1997036933898926, 2.099576950073242, 1.967602252960205, 2.1255276203155518, 2.055811882019043, 2.044675350189209, 2.171205997467041, 2.219454765319824, 2.3006680011749268, 2.176135778427124, 2.33311128616333, 2.5056986808776855, 2.819150686264038, 2.50243878364563, 2.4520814418792725, 2.9049112796783447, 2.7097113132476807, 2.8895621299743652, 2.475822687149048, 2.843759059906006, 2.9521048069000244, 2.6235456466674805, 2.7808868885040283, 3.085005044937134, 3.177703857421875, 3.3104209899902344, 3.3705732822418213, 3.574446678161621, 3.758632183074951, 3.4272866249084473, 3.3545711040496826, 2.80934739112854, 2.9402356147766113, 3.3531076908111572, 3.236194133758545, 3.204406261444092, 3.056591033935547, 2.969733476638794, 3.4200167655944824, 3.8545987606048584, 3.6954305171966553, 3.440850019454956, 3.3524715900421143, 3.70100998878479, 4.129258632659912, 3.5963165760040283]}