{"step": [0, 30, 60, 90, 120, 150, 180, 210, 240, 270, 300, 330, 360, 390, 420, 450, 480, 510, 540, 570, 600, 630, 660, 690, 720, 750, 780, 810, 840, 870, 900, 930, 960, 990, 1020, 1050, 1080, 1110, 1140, 1170, 1200, 1230, 1260, 1290, 1320, 1350, 1380, 1410, 1440, 1470, 1499], "train": [2.294736703236898, 2.1211020946502686, 1.7629363536834717, 1.402791182200114, 1.0686328212420146, 0.8292144735654196, 0.6457605163256327, 0.5372291604677836, 0.42825978994369507, 0.4004637549320857, 0.31577107310295105, 0.31235626339912415, 0.2629106690486272, 0.2434528817733129, 0.2256503701210022, 0.20746894925832748, 0.21079575270414352, 0.1863334725300471, 0.17905303339163461, 0.18671718736489615, 0.1629655510187149, 0.16849721471468607, 0.15131436785062155, 0.12830926229556402, 0.11793920521934827, 0.13916433105866113, 0.12708289672931036, 0.16628708938757578, 0.129730815688769, 0.12741365532080332, 0.12270539502302806, 0.14298650870720545, 0.10024905949831009, 0.09714532643556595, 0.10143761336803436, 0.10271125038464864, 0.08122364059090614, 0.08123097072045009, 0.11217718571424484, 0.13597947359085083, 0.09742253894607227, 0.19372449070215225, 0.10273551816741626, 0.1062962959210078, 0.08516709258159001, 0.13304235289494196, 0.09665139019489288, 0.12861210852861404, 0.09502457082271576, 0.10845174392064412, 0.09309157977501552], "ood_acc": [0.11900000274181366, 0.22300000488758087, 0.2639999985694885, 0.3020000159740448, 0.32600000500679016, 0.36400002241134644, 0.3960000276565552, 0.41200003027915955, 0.4000000059604645, 0.40400001406669617, 0.3920000195503235, 0.42600002884864807, 0.4180000126361847, 0.4240000247955322, 0.4220000207424164, 0.4280000329017639, 0.4090000092983246, 0.42900002002716064, 0.4140000343322754, 0.42000001668930054, 0.4100000262260437, 0.4130000174045563, 0.4360000193119049, 0.44300001859664917, 0.4240000247955322, 0.42000001668930054, 0.4180000126361847, 0.42000001668930054, 0.42000001668930054, 0.398000031709671, 0.4000000059604645, 0.4020000100135803, 0.4000000059604645, 0.43300002813339233, 0.42900002002716064, 0.41600000858306885, 0.4140000343322754, 0.4270000159740448, 0.4100000262260437, 0.42000001668930054, 0.4010000228881836, 0.4270000159740448, 0.38100001215934753, 0.3720000088214874, 0.4090000092983246, 0.4050000309944153, 0.3750000298023224, 0.3970000147819519, 0.4000000059604645, 0.3880000114440918, 0.3960000276565552], "ood_ce": [2.3005263805389404, 2.2105162143707275, 2.046713352203369, 1.9331543445587158, 1.9427558183670044, 1.8541978597640991, 1.8520917892456055, 1.9554003477096558, 1.931156039237976, 2.115670919418335, 2.2161667346954346, 2.0845980644226074, 2.3017163276672363, 2.318680763244629, 2.4457263946533203, 2.5150179862976074, 2.7698938846588135, 2.4517109394073486, 2.8520259857177734, 2.5796868801116943, 2.6726741790771484, 2.888782262802124, 2.8157365322113037, 2.9770941734313965, 3.1399192810058594, 2.7553234100341797, 3.072434186935425, 3.1267080307006836, 3.022998809814453, 3.0615639686584473, 3.1978836059570312, 3.117111921310425, 3.321578025817871, 3.234069347381592, 3.0643234252929688, 2.988008975982666, 3.1701323986053467, 3.4901692867279053, 3.596092939376831, 3.7299184799194336, 3.556668519973755, 3.984088897705078, 3.704678773880005, 4.001461505889893, 4.207242012023926, 4.425060272216797, 3.9721603393554688, 3.973686456680298, 4.077744007110596, 3.9801151752471924, 4.416182994842529]}