{"step": [0, 30, 60, 90, 120, 150, 180, 210, 240, 270, 300, 330, 360, 390, 420, 450, 480, 510, 540, 570, 600, 630, 660, 690, 720, 750, 780, 810, 840, 870, 900, 930, 960, 990, 1020, 1050, 1080, 1110, 1140, 1170, 1200, 1230, 1260, 1290, 1320, 1350, 1380, 1410, 1440, 1470, 1499], "train": [2.289719343185425, 2.0501883029937744, 1.6605106989542644, 1.2862319946289062, 0.9702274401982626, 0.7483022014300028, 0.6380405525366465, 0.5368177692095438, 0.44144439697265625, 0.3862888266642888, 0.37681009868780774, 0.34560514489809674, 0.28371938566366833, 0.2366353174050649, 0.2237094889084498, 0.21012967824935913, 0.21454297751188278, 0.21350674827893576, 0.1804839919010798, 0.22147923211256662, 0.20219393074512482, 0.15939315656820932, 0.16007622828086218, 0.13632167875766754, 0.14771895358959833, 0.16268851608037949, 0.13911206275224686, 0.1008725439508756, 0.13044970979293188, 0.10827540109554927, 0.14429758985837302, 0.219636340936025, 0.15167965988318124, 0.1853702813386917, 0.12180005510648091, 0.15928440541028976, 0.09537658095359802, 0.1386612504720688, 0.09826990092794101, 0.09997987126310666, 0.08707435429096222, 0.1520436555147171, 0.11599405358235042, 0.08124635368585587, 0.13347860549887022, 0.13524981091419855, 0.13483946522076926, 0.09393879771232605, 0.07577887177467346, 0.13325331608454385, 0.08055201545357704], "ood_acc": [0.1120000034570694, 0.19600000977516174, 0.2900000214576721, 0.2930000126361847, 0.29100000858306885, 0.33400002121925354, 0.37800002098083496, 0.3750000298023224, 0.3580000102519989, 0.42500001192092896, 0.4300000071525574, 0.4410000145435333, 0.44600000977516174, 0.4360000193119049, 0.4440000355243683, 0.43400001525878906, 0.4130000174045563, 0.41100001335144043, 0.41600000858306885, 0.42900002002716064, 0.4400000274181366, 0.4410000145435333, 0.4100000262260437, 0.4230000078678131, 0.4180000126361847, 0.45100003480911255, 0.41600000858306885, 0.43400001525878906, 0.4610000252723694, 0.4270000159740448, 0.4020000100135803, 0.4360000193119049, 0.4360000193119049, 0.3920000195503235, 0.4180000126361847, 0.43800002336502075, 0.4180000126361847, 0.4360000193119049, 0.4180000126361847, 0.42000001668930054, 0.37800002098083496, 0.3790000081062317, 0.42000001668930054, 0.40700000524520874, 0.40400001406669617, 0.3830000162124634, 0.3970000147819519, 0.4280000329017639, 0.41700002551078796, 0.4220000207424164, 0.4000000059604645], "ood_ce": [2.3007583618164062, 2.1650521755218506, 1.9874815940856934, 2.0670719146728516, 2.2106828689575195, 2.2083866596221924, 2.032508373260498, 2.0574986934661865, 2.2586915493011475, 2.1116065979003906, 2.2112812995910645, 2.250246286392212, 2.2272300720214844, 2.5582833290100098, 2.5705039501190186, 2.4552829265594482, 2.5479626655578613, 2.5800678730010986, 2.5805602073669434, 2.603400468826294, 2.7726011276245117, 2.5499629974365234, 2.7489206790924072, 2.7668323516845703, 3.211437225341797, 3.0542590618133545, 2.9842145442962646, 3.2252840995788574, 3.0978951454162598, 3.0061564445495605, 2.8773093223571777, 2.8643269538879395, 2.8643178939819336, 2.985532760620117, 2.9456396102905273, 3.1680104732513428, 3.207827568054199, 3.1330251693725586, 3.3029472827911377, 3.400040864944458, 3.4853971004486084, 3.1435530185699463, 3.52604341506958, 3.460235357284546, 3.740360736846924, 4.850794315338135, 4.5714263916015625, 3.363921880722046, 3.876167058944702, 4.444803237915039, 3.9849965572357178]}