{"step": [0, 30, 60, 90, 120, 150, 180, 210, 240, 270, 300, 330, 360, 390, 420, 450, 480, 510, 540, 570, 600, 630, 660, 690, 720, 750, 780, 810, 840, 870, 900, 930, 960, 990, 1020, 1050, 1080, 1110, 1140, 1170, 1200, 1230, 1260, 1290, 1320, 1350, 1380, 1410, 1440, 1470, 1499], "train": [2.2955477237701416, 2.0417928298314414, 1.5899144808451335, 1.1882766485214233, 0.9141161441802979, 0.7804344296455383, 0.60642209649086, 0.5168717006842295, 0.4363504151503245, 0.4002778281768163, 0.3226204067468643, 0.30596092840035755, 0.3081812113523483, 0.29287778834501904, 0.23631741603215536, 0.2012523834904035, 0.18552521367867789, 0.2119365707039833, 0.20399993161360422, 0.18687311559915543, 0.1527261883020401, 0.1541317974527677, 0.15646824489037195, 0.15340861678123474, 0.1636639510591825, 0.17524895568688711, 0.18438881387313208, 0.15791090577840805, 0.145008218785127, 0.1497987707455953, 0.11064027746518452, 0.13836563875277838, 0.12877604613701502, 0.13712848474582037, 0.10876775036255519, 0.12340072790781657, 0.15035305668910345, 0.14390616367260614, 0.10747817531228065, 0.08203174049655597, 0.12691250195105871, 0.17766938110192618, 0.0857432521879673, 0.0792101522286733, 0.15140770127375922, 0.1969823737939199, 0.16166304051876068, 0.08341519782940547, 0.07528770590821902, 0.08749252557754517, 0.11508208016554515], "ood_acc": [0.08700000494718552, 0.2330000102519989, 0.2639999985694885, 0.2580000162124634, 0.33400002121925354, 0.34300002455711365, 0.3450000286102295, 0.3660000264644623, 0.36000001430511475, 0.398000031709671, 0.37700000405311584, 0.4050000309944153, 0.3970000147819519, 0.4320000112056732, 0.3880000114440918, 0.3630000054836273, 0.39000001549720764, 0.4140000343322754, 0.4130000174045563, 0.4180000126361847, 0.43800002336502075, 0.4240000247955322, 0.4240000247955322, 0.4360000193119049, 0.39500001072883606, 0.39000001549720764, 0.3970000147819519, 0.3970000147819519, 0.41100001335144043, 0.4090000092983246, 0.37700000405311584, 0.40300002694129944, 0.4020000100135803, 0.3840000033378601, 0.40300002694129944, 0.4150000214576721, 0.4180000126361847, 0.39900001883506775, 0.38600000739097595, 0.4090000092983246, 0.4090000092983246, 0.39400002360343933, 0.3850000202655792, 0.4100000262260437, 0.3660000264644623, 0.3850000202655792, 0.37700000405311584, 0.39100003242492676, 0.39100003242492676, 0.3830000162124634, 0.3830000162124634], "ood_ce": [2.309570789337158, 2.170840263366699, 1.980921983718872, 2.0563220977783203, 2.1269850730895996, 2.262615203857422, 2.223771095275879, 2.2093443870544434, 2.3807694911956787, 2.288092613220215, 2.452606439590454, 2.573147773742676, 2.582021951675415, 2.3244879245758057, 2.7468295097351074, 2.646381139755249, 2.8048527240753174, 2.8855655193328857, 2.833153486251831, 2.742739677429199, 2.7940821647644043, 2.746328830718994, 2.7682056427001953, 2.9812939167022705, 2.9275877475738525, 3.313465118408203, 3.476677894592285, 3.3698079586029053, 3.006120204925537, 3.153427839279175, 3.551100254058838, 3.680366039276123, 3.6371729373931885, 3.280740261077881, 3.6093909740448, 3.4415385723114014, 3.3532655239105225, 4.166943073272705, 3.9600114822387695, 3.6267411708831787, 4.183560371398926, 3.9693925380706787, 3.9974358081817627, 4.106386661529541, 4.116213798522949, 3.659709930419922, 4.267940521240234, 3.7659378051757812, 3.7143735885620117, 3.8387327194213867, 3.9767544269561768]}