{"step": [0, 30, 60, 90, 120, 150, 180, 210, 240, 270, 300, 330, 360, 390, 420, 450, 480, 510, 540, 570, 600, 630, 660, 690, 720, 750, 780, 810, 840, 870, 900, 930, 960, 990, 1020, 1050, 1080, 1110, 1140, 1170, 1200, 1230, 1260, 1290, 1320, 1350, 1380, 1410, 1440, 1470, 1499], "train": [2.294736703236898, 2.1199005444844565, 1.7732975085576375, 1.352220853169759, 1.046959380308787, 0.8071523706118265, 0.6565894881884257, 0.5530159572760264, 0.4719557762145996, 0.44783325990041095, 0.3484350343545278, 0.3172677705685298, 0.2752726972103119, 0.2773963858683904, 0.23614952713251114, 0.2303298811117808, 0.20300124088923135, 0.21565724412600198, 0.17916752149661383, 0.20359393954277039, 0.1660893907149633, 0.1759734352429708, 0.17240932087103525, 0.17978022247552872, 0.17894314974546432, 0.1461714208126068, 0.15581955264012018, 0.29188259939352673, 0.1984652504324913, 0.13755466043949127, 0.13962239275376, 0.13966619968414307, 0.13006783773501715, 0.1419944018125534, 0.15512499461571375, 0.11647570009032886, 0.07842058315873146, 0.09269353250662486, 0.09723234176635742, 0.1456544871131579, 0.13219772030909857, 0.12461252758900325, 0.11951143791278203, 0.15180690586566925, 0.12211060523986816, 0.11195639272530873, 0.1396447072426478, 0.1117066169778506, 0.10773945848147075, 0.1004561906059583, 0.1482177252570788], "ood_acc": [0.11900000274181366, 0.2160000056028366, 0.242000013589859, 0.28200000524520874, 0.3110000193119049, 0.36000001430511475, 0.3850000202655792, 0.39000001549720764, 0.3840000033378601, 0.37300002574920654, 0.398000031709671, 0.3930000066757202, 0.41700002551078796, 0.4230000078678131, 0.4100000262260437, 0.4100000262260437, 0.40700000524520874, 0.4270000159740448, 0.4010000228881836, 0.4230000078678131, 0.4310000240802765, 0.4280000329017639, 0.4230000078678131, 0.4300000071525574, 0.42500001192092896, 0.41100001335144043, 0.4130000174045563, 0.4020000100135803, 0.3850000202655792, 0.4130000174045563, 0.4130000174045563, 0.4000000059604645, 0.39900001883506775, 0.4180000126361847, 0.4020000100135803, 0.42600002884864807, 0.40800002217292786, 0.3960000276565552, 0.4000000059604645, 0.42100003361701965, 0.4100000262260437, 0.4280000329017639, 0.4090000092983246, 0.3840000033378601, 0.406000018119812, 0.42100003361701965, 0.4020000100135803, 0.40300002694129944, 0.3850000202655792, 0.4010000228881836, 0.4220000207424164], "ood_ce": [2.3005263805389404, 2.205742597579956, 2.040569543838501, 2.024385690689087, 2.2948782444000244, 2.039625883102417, 2.132011651992798, 2.087179660797119, 2.0699944496154785, 2.3003666400909424, 2.2012228965759277, 2.198732376098633, 2.3839173316955566, 2.385924816131592, 2.3727314472198486, 2.3654062747955322, 2.5216658115386963, 2.487287759780884, 2.9282755851745605, 2.8092310428619385, 2.628878116607666, 2.7715113162994385, 3.1023354530334473, 3.446425437927246, 3.3835933208465576, 3.32594633102417, 3.005601167678833, 3.478736639022827, 3.2842884063720703, 2.583629608154297, 2.721709728240967, 3.3330576419830322, 3.3718342781066895, 2.9841113090515137, 3.0393593311309814, 3.0563864707946777, 3.2085838317871094, 3.1241297721862793, 3.3864970207214355, 3.1935336589813232, 3.7408671379089355, 3.971846342086792, 3.586425304412842, 3.0547385215759277, 2.7769808769226074, 3.2162563800811768, 3.525876998901367, 3.649007558822632, 3.8527493476867676, 3.7495384216308594, 3.838146448135376]}