{"step": [0, 30, 60, 90, 120, 150, 180, 210, 240, 270, 300, 330, 360, 390, 420, 450, 480, 510, 540, 570, 600, 630, 660, 690, 720, 750, 780, 810, 840, 870, 900, 930, 960, 990, 1020, 1050, 1080, 1110, 1140, 1170, 1200, 1230, 1260, 1290, 1320, 1350, 1380, 1410, 1440, 1470, 1499], "train": [2.3145358562469482, 2.160597483317057, 1.805507739384969, 1.412902593612671, 1.1207337776819866, 0.8535197575887045, 0.6392626265684763, 0.5316676696141561, 0.44351355234781903, 0.3764534493287404, 0.32839103043079376, 0.2905103713274002, 0.278779869278272, 0.2527359277009964, 0.21669840067625046, 0.1888273706038793, 0.18798217177391052, 0.17418364435434341, 0.20748860637346903, 0.1891282026966413, 0.1437750185529391, 0.13009237249692282, 0.13059336692094803, 0.14618135492006937, 0.11005563040574391, 0.10969970872004826, 0.10083212951819102, 0.10741567114988963, 0.091439222296079, 0.10314832131067912, 0.08156285186608632, 0.10015247762203217, 0.16389534870783487, 0.07493195682764053, 0.11464727173248927, 0.16846469789743423, 0.16395549972852072, 0.11382421602805455, 0.1415518323580424, 0.1296041284998258, 0.15657800436019897, 0.11031401405731837, 0.08661753808458646, 0.11301033198833466, 0.08265874783198039, 0.10310883447527885, 0.1256498545408249, 0.08859227846066157, 0.07019369925061862, 0.07379533102114995, 0.085560558984677], "ood_acc": [0.08700000494718552, 0.22100001573562622, 0.28700000047683716, 0.3060000240802765, 0.3440000116825104, 0.3750000298023224, 0.3840000033378601, 0.39900001883506775, 0.4140000343322754, 0.4190000295639038, 0.406000018119812, 0.4100000262260437, 0.42100003361701965, 0.4010000228881836, 0.4130000174045563, 0.4410000145435333, 0.43400001525878906, 0.42500001192092896, 0.4180000126361847, 0.41700002551078796, 0.43700000643730164, 0.4220000207424164, 0.41700002551078796, 0.3850000202655792, 0.4240000247955322, 0.4000000059604645, 0.39500001072883606, 0.4220000207424164, 0.406000018119812, 0.40300002694129944, 0.43400001525878906, 0.40400001406669617, 0.3930000066757202, 0.41100001335144043, 0.4090000092983246, 0.4050000309944153, 0.4100000262260437, 0.40400001406669617, 0.41200003027915955, 0.3750000298023224, 0.4050000309944153, 0.4090000092983246, 0.4190000295639038, 0.4020000100135803, 0.4190000295639038, 0.40800002217292786, 0.406000018119812, 0.39400002360343933, 0.39400002360343933, 0.37400001287460327, 0.40300002694129944], "ood_ce": [2.3092896938323975, 2.217613458633423, 2.027371644973755, 1.8744233846664429, 1.8750864267349243, 1.9737621545791626, 1.9136381149291992, 1.9471417665481567, 2.0030577182769775, 2.0613765716552734, 2.083244800567627, 2.25085186958313, 2.34128999710083, 2.635316848754883, 2.597743034362793, 2.415112257003784, 2.4692540168762207, 2.4994375705718994, 2.7294328212738037, 2.4608802795410156, 2.6685094833374023, 2.7945032119750977, 2.6939198970794678, 2.898048162460327, 2.5395724773406982, 2.981231927871704, 2.9369444847106934, 2.8249027729034424, 2.995897054672241, 3.109372615814209, 3.1091856956481934, 2.9967148303985596, 2.9101932048797607, 2.6032345294952393, 3.345592737197876, 3.677300214767456, 3.3624613285064697, 3.388537883758545, 3.332690715789795, 3.139827013015747, 3.233994245529175, 3.3037610054016113, 3.3116707801818848, 3.6631126403808594, 3.3716297149658203, 3.57039213180542, 4.193299293518066, 3.639512062072754, 3.3771073818206787, 3.723123550415039, 3.798976421356201]}