{"step": [0, 30, 60, 90, 120, 150, 180, 210, 240, 270, 300, 330, 360, 390, 420, 450, 480, 510, 540, 570, 600, 630, 660, 690, 720, 750, 780, 810, 840, 870, 900, 930, 960, 990, 1020, 1050, 1080, 1110, 1140, 1170, 1200, 1230, 1260, 1290, 1320, 1350, 1380, 1410, 1440, 1470, 1499], "train": [2.3100438912709556, 2.1249942779541016, 1.7855916420618694, 1.3753804763158162, 1.0348827242851257, 0.8541973829269409, 0.6993034581343333, 0.6218322018782297, 0.5117954115072886, 0.5311785837014517, 0.4256822814544042, 0.3720649729172389, 0.3497040669123332, 0.3364349553982417, 0.2960531761248906, 0.2730535715818405, 0.21718941877285639, 0.2421731303135554, 0.3024410406748454, 0.20846268037954965, 0.1716236894329389, 0.17710795005162558, 0.2055677423874537, 0.14862395326296488, 0.1655725042025248, 0.1362033486366272, 0.14527619878451029, 0.1257747362057368, 0.15700254340966543, 0.13404533515373865, 0.11220730344454448, 0.18616107602914175, 0.13355414321025214, 0.1414626513918241, 0.12057676166296005, 0.1284581869840622, 0.12382201602061589, 0.12122262269258499, 0.13662992417812347, 0.16477970282236734, 0.13225204000870386, 0.18659058213233948, 0.1310480758547783, 0.11492826541264851, 0.08876390382647514, 0.13871933023134866, 0.13689835369586945, 0.11748975267012914, 0.10888924449682236, 0.13495544095834097, 0.14435632526874542], "ood_acc": [0.07500000298023224, 0.23600001633167267, 0.26900002360343933, 0.2540000081062317, 0.3050000071525574, 0.35500001907348633, 0.3570000231266022, 0.41200003027915955, 0.3850000202655792, 0.37800002098083496, 0.42000001668930054, 0.42900002002716064, 0.4140000343322754, 0.4130000174045563, 0.42100003361701965, 0.4480000138282776, 0.4570000171661377, 0.4440000355243683, 0.4150000214576721, 0.44600000977516174, 0.39900001883506775, 0.4230000078678131, 0.4140000343322754, 0.44300001859664917, 0.45500001311302185, 0.4150000214576721, 0.4220000207424164, 0.44300001859664917, 0.42900002002716064, 0.4270000159740448, 0.41600000858306885, 0.4440000355243683, 0.4270000159740448, 0.40300002694129944, 0.41600000858306885, 0.41100001335144043, 0.3960000276565552, 0.42600002884864807, 0.42900002002716064, 0.4360000193119049, 0.4240000247955322, 0.4130000174045563, 0.42600002884864807, 0.42100003361701965, 0.4150000214576721, 0.3880000114440918, 0.39400002360343933, 0.4410000145435333, 0.4300000071525574, 0.3840000033378601, 0.41600000858306885], "ood_ce": [2.309131383895874, 2.1828131675720215, 1.9742987155914307, 1.9836870431900024, 2.20609712600708, 2.010024309158325, 2.3734047412872314, 2.050023078918457, 2.1506922245025635, 2.3437886238098145, 2.1500942707061768, 2.336648941040039, 2.3602967262268066, 2.5594162940979004, 2.4122729301452637, 2.341043472290039, 2.4464964866638184, 2.6442711353302, 2.6588094234466553, 2.4038360118865967, 2.682760238647461, 2.7690818309783936, 2.689606189727783, 2.837226390838623, 2.677398204803467, 2.6875617504119873, 2.8458058834075928, 2.8698463439941406, 3.1103928089141846, 2.7664427757263184, 3.1162776947021484, 2.8024916648864746, 3.3220322132110596, 3.3117170333862305, 2.802696704864502, 3.0331742763519287, 3.1182475090026855, 3.7528305053710938, 3.2183120250701904, 3.015303134918213, 3.312706232070923, 3.2016258239746094, 3.4275107383728027, 3.604470729827881, 3.287126064300537, 3.998974323272705, 4.012742519378662, 3.789067268371582, 3.431735038757324, 3.231290102005005, 3.6363866329193115]}