{"step": [0, 30, 60, 90, 120, 150, 180, 210, 240, 270, 300, 330, 360, 390, 420, 450, 480, 510, 540, 570, 600, 630, 660, 690, 720, 750, 780, 810, 840, 870, 900, 930, 960, 990, 1020, 1050, 1080, 1110, 1140, 1170, 1200, 1230, 1260, 1290, 1320, 1350, 1380, 1410, 1440, 1470, 1499], "train": [2.2955477237701416, 2.039715131123861, 1.613882581392924, 1.2897093296051025, 0.9706641832987467, 0.7602932552496592, 0.6025237242380778, 0.5233135024706522, 0.43876615166664124, 0.39140331745147705, 0.36768901348114014, 0.2783677677313487, 0.2678648034731547, 0.2504371851682663, 0.2128873368104299, 0.21804256488879523, 0.20428565392891565, 0.18409869819879532, 0.2382062723239263, 0.16055603077014288, 0.2143330971399943, 0.14523862053950629, 0.21021987001101175, 0.15299425770839056, 0.16538927455743155, 0.15232478082180023, 0.1677844151854515, 0.10384838531414668, 0.12475462878743808, 0.19872752328713736, 0.12260061254103978, 0.11218593269586563, 0.11444164564212163, 0.10729733854532242, 0.12476380914449692, 0.11966554820537567, 0.12229635069767635, 0.12835468600193659, 0.12957964837551117, 0.17352242767810822, 0.10921583324670792, 0.11075954387585323, 0.1118008941411972, 0.09849401315053304, 0.08462991068760554, 0.06477122381329536, 0.1277250237762928, 0.07222315048178037, 0.14052213231722513, 0.10332743326822917, 0.22032221655050913], "ood_acc": [0.08700000494718552, 0.22600001096725464, 0.29100000858306885, 0.30000001192092896, 0.36100003123283386, 0.3620000183582306, 0.3680000305175781, 0.39900001883506775, 0.3700000047683716, 0.39900001883506775, 0.3540000021457672, 0.38700002431869507, 0.4090000092983246, 0.42600002884864807, 0.38100001215934753, 0.3760000169277191, 0.4180000126361847, 0.42000001668930054, 0.4140000343322754, 0.4130000174045563, 0.4050000309944153, 0.42000001668930054, 0.4130000174045563, 0.3890000283718109, 0.3920000195503235, 0.3790000081062317, 0.38700002431869507, 0.3930000066757202, 0.39900001883506775, 0.37400001287460327, 0.40800002217292786, 0.4050000309944153, 0.39900001883506775, 0.4000000059604645, 0.42500001192092896, 0.4100000262260437, 0.3890000283718109, 0.41100001335144043, 0.406000018119812, 0.3920000195503235, 0.36100003123283386, 0.4090000092983246, 0.4010000228881836, 0.39500001072883606, 0.3970000147819519, 0.3930000066757202, 0.3450000286102295, 0.39900001883506775, 0.3850000202655792, 0.4090000092983246, 0.406000018119812], "ood_ce": [2.309570789337158, 2.1667258739471436, 1.944048285484314, 1.8953784704208374, 1.9321818351745605, 2.0663814544677734, 2.110527515411377, 2.0248734951019287, 2.2705888748168945, 2.318401575088501, 2.4770593643188477, 2.3554673194885254, 2.4900784492492676, 2.290139675140381, 2.62652325630188, 2.756079912185669, 2.476423501968384, 2.656634569168091, 2.638813018798828, 2.686203956604004, 3.008146286010742, 2.986238956451416, 3.0982465744018555, 3.3212366104125977, 3.2056288719177246, 3.1679060459136963, 3.109171152114868, 3.815519332885742, 3.6458802223205566, 3.934494733810425, 3.206524133682251, 3.2798893451690674, 3.747486114501953, 3.437298536300659, 3.5578126907348633, 3.4910168647766113, 3.403697967529297, 3.539917469024658, 3.828226327896118, 3.4011728763580322, 3.28816556930542, 3.4748001098632812, 4.022449970245361, 4.27617883682251, 4.023030757904053, 4.1520161628723145, 4.1026763916015625, 3.9102816581726074, 4.087986469268799, 4.115967750549316, 4.288572788238525]}