{"step": [0, 30, 60, 90, 120, 150, 180, 210, 240, 270, 300, 330, 360, 390, 420, 450, 480, 510, 540, 570, 600, 630, 660, 690, 720, 750, 780, 810, 840, 870, 900, 930, 960, 990, 1020, 1050, 1080, 1110, 1140, 1170, 1200, 1230, 1260, 1290, 1320, 1350, 1380, 1410, 1440, 1470, 1499], "train": [2.3100438912709556, 2.1101486682891846, 1.7131455739339192, 1.3664862712224324, 1.0458847681681316, 0.8275141914685568, 0.6116559008757273, 0.5530621012051901, 0.4554312725861867, 0.43172218402226764, 0.382682869831721, 0.33160666624705, 0.2848914215962092, 0.27871708075205487, 0.2243900348742803, 0.21404460072517395, 0.23671560982863107, 0.20648647348086038, 0.17282289266586304, 0.18068558474381766, 0.16279945770899454, 0.1616410662730535, 0.13583701103925705, 0.12524600078662237, 0.13020544747511545, 0.10491546740134557, 0.13856912155946097, 0.12965712944666544, 0.12360270569721858, 0.11400451511144638, 0.09437305356065433, 0.1183600127696991, 0.12635320921738943, 0.0914367934068044, 0.08882821102937062, 0.11236038555701573, 0.0993129958709081, 0.07825655365983646, 0.10496283074220021, 0.1293117751677831, 0.10391610115766525, 0.11255363126595815, 0.10979714244604111, 0.09565963347752889, 0.10810307164986928, 0.14115316420793533, 0.13798527667919794, 0.10329574346542358, 0.10516561567783356, 0.09400655329227448, 0.07600975781679153], "ood_acc": [0.07500000298023224, 0.2330000102519989, 0.28700000047683716, 0.30900001525878906, 0.34200000762939453, 0.3970000147819519, 0.3880000114440918, 0.42100003361701965, 0.42600002884864807, 0.4090000092983246, 0.43300002813339233, 0.45100003480911255, 0.453000009059906, 0.4310000240802765, 0.43400001525878906, 0.44300001859664917, 0.445000022649765, 0.4010000228881836, 0.4270000159740448, 0.4300000071525574, 0.4230000078678131, 0.43300002813339233, 0.44300001859664917, 0.4230000078678131, 0.42100003361701965, 0.4270000159740448, 0.4240000247955322, 0.45500001311302185, 0.4140000343322754, 0.406000018119812, 0.4150000214576721, 0.4320000112056732, 0.44300001859664917, 0.43700000643730164, 0.4220000207424164, 0.4280000329017639, 0.4390000104904175, 0.4400000274181366, 0.4400000274181366, 0.43800002336502075, 0.4390000104904175, 0.4320000112056732, 0.4150000214576721, 0.43800002336502075, 0.42600002884864807, 0.43300002813339233, 0.4300000071525574, 0.4190000295639038, 0.4010000228881836, 0.4090000092983246, 0.4220000207424164], "ood_ce": [2.309131383895874, 2.1808788776397705, 1.970955491065979, 1.8708906173706055, 1.8623685836791992, 1.7521002292633057, 2.043022394180298, 1.945325493812561, 1.884326457977295, 2.115487813949585, 2.0325827598571777, 2.1895298957824707, 2.204525947570801, 2.38275408744812, 2.290712594985962, 2.363931179046631, 2.8522427082061768, 2.534313440322876, 2.5031847953796387, 2.6242246627807617, 2.6130921840667725, 2.6671111583709717, 2.6683237552642822, 2.8121073246002197, 2.9699997901916504, 2.7488467693328857, 3.0185298919677734, 3.0298376083374023, 3.150200605392456, 3.1812167167663574, 3.351144790649414, 3.0498147010803223, 2.8642630577087402, 3.1024222373962402, 3.2115917205810547, 2.8281302452087402, 3.071247100830078, 3.211019277572632, 3.2676193714141846, 3.303255081176758, 3.1352689266204834, 2.858811378479004, 2.8764774799346924, 2.9684436321258545, 3.1067323684692383, 3.742488145828247, 3.4753971099853516, 3.240463972091675, 3.9642059803009033, 3.846789836883545, 3.3528149127960205]}