{"step": [0, 30, 60, 90, 120, 150, 180, 210, 240, 270, 300, 330, 360, 390, 420, 450, 480, 510, 540, 570, 600, 630, 660, 690, 720, 750, 780, 810, 840, 870, 900, 930, 960, 990, 1020, 1050, 1080, 1110, 1140, 1170, 1200, 1230, 1260, 1290, 1320, 1350, 1380, 1410, 1440, 1470, 1499], "train": [2.3100438912709556, 2.1077073415120444, 1.7121589183807373, 1.365712324778239, 1.0263037880261738, 0.8043557206789652, 0.6454559862613678, 0.5670490066210429, 0.4691214660803477, 0.4342533548672994, 0.40329646070798236, 0.33730079233646393, 0.3210051953792572, 0.2900222986936569, 0.3096780925989151, 0.2503177771965663, 0.23376160363356271, 0.20479422310988107, 0.22908999025821686, 0.19354557494322458, 0.2155175507068634, 0.16748809814453125, 0.15943321834007898, 0.13144069289167723, 0.18099414805571237, 0.13429596523443857, 0.16626870135466257, 0.14977222432692847, 0.12807442247867584, 0.1364821990331014, 0.1351878804465135, 0.14227469265460968, 0.09385053316752116, 0.11214521527290344, 0.11018303285042445, 0.10657273977994919, 0.10928923636674881, 0.11919938524564107, 0.09369350721438725, 0.16170566777388254, 0.10089139143625896, 0.0950876089433829, 0.10536895133554935, 0.1335297773281733, 0.16529570271571478, 0.08949145426352818, 0.08604718744754791, 0.11771444231271744, 0.12407657379905383, 0.20918956895669302, 0.15389475723107657], "ood_acc": [0.07500000298023224, 0.23400001227855682, 0.289000004529953, 0.3070000112056732, 0.35200002789497375, 0.39000001549720764, 0.38200002908706665, 0.4190000295639038, 0.4320000112056732, 0.39100003242492676, 0.42100003361701965, 0.42000001668930054, 0.42900002002716064, 0.42100003361701965, 0.4190000295639038, 0.42900002002716064, 0.445000022649765, 0.4410000145435333, 0.42600002884864807, 0.43400001525878906, 0.4350000321865082, 0.4150000214576721, 0.4520000219345093, 0.4280000329017639, 0.4520000219345093, 0.42100003361701965, 0.42600002884864807, 0.43700000643730164, 0.4190000295639038, 0.39900001883506775, 0.4020000100135803, 0.4360000193119049, 0.4310000240802765, 0.42500001192092896, 0.4180000126361847, 0.38600000739097595, 0.3920000195503235, 0.406000018119812, 0.42100003361701965, 0.4390000104904175, 0.4440000355243683, 0.42900002002716064, 0.42100003361701965, 0.4190000295639038, 0.46300002932548523, 0.4240000247955322, 0.42600002884864807, 0.4300000071525574, 0.406000018119812, 0.37400001287460327, 0.41100001335144043], "ood_ce": [2.309131383895874, 2.1791117191314697, 1.9603122472763062, 1.872197151184082, 1.8595664501190186, 1.8348374366760254, 2.1249983310699463, 1.9733471870422363, 1.9832862615585327, 2.209080457687378, 2.3616793155670166, 2.328749656677246, 2.289314031600952, 2.4060935974121094, 2.5314743518829346, 2.362248182296753, 2.5126497745513916, 2.579467535018921, 2.82855224609375, 2.720492124557495, 2.714755058288574, 2.7171437740325928, 2.3337700366973877, 2.6293938159942627, 2.629733085632324, 2.7994651794433594, 2.855233907699585, 2.9275262355804443, 2.904139995574951, 3.140540838241577, 3.15848445892334, 2.4640049934387207, 2.8138468265533447, 2.9324240684509277, 2.9649713039398193, 3.2619128227233887, 3.3863162994384766, 3.676520586013794, 3.0912396907806396, 3.2746403217315674, 3.3740603923797607, 3.327279567718506, 3.349893808364868, 3.5446789264678955, 2.995969295501709, 3.469665765762329, 3.614262342453003, 3.447265386581421, 3.7360851764678955, 3.842872381210327, 3.205172061920166]}