{"step": [0, 30, 60, 90, 120, 150, 180, 210, 240, 270, 300, 330, 360, 390, 420, 450, 480, 510, 540, 570, 600, 630, 660, 690, 720, 750, 780, 810, 840, 870, 900, 930, 960, 990, 1020, 1050, 1080, 1110, 1140, 1170, 1200, 1230, 1260, 1290, 1320, 1350, 1380, 1410, 1440, 1470, 1499], "train": [2.294736703236898, 2.118488868077596, 1.7509994109471638, 1.329801321029663, 1.0348645448684692, 0.8038259545962015, 0.6530210375785828, 0.5701355238755544, 0.46054819226264954, 0.43715085585912067, 0.36886604130268097, 0.35523959000905353, 0.2607526034116745, 0.25359635055065155, 0.25890394548575085, 0.19320432593425116, 0.2277973840634028, 0.24307511746883392, 0.1910231038928032, 0.22034050027529398, 0.15906470020612082, 0.21456599483887354, 0.17332583665847778, 0.14054263879855475, 0.17495489617188772, 0.13035786896944046, 0.13442857563495636, 0.17933770020802817, 0.12009300788243611, 0.11980161319176356, 0.13318328311045965, 0.12967731803655624, 0.1152028739452362, 0.18674679597218832, 0.11328181872765224, 0.11810879160960515, 0.19885975122451782, 0.10950289915005366, 0.10676875586311023, 0.13723555455605188, 0.10314252475897472, 0.09467338770627975, 0.09631918619076411, 0.09128509586056073, 0.12699314206838608, 0.12339590241511662, 0.13067517057061195, 0.11180399854977925, 0.1213746468226115, 0.10288203010956447, 0.10543350627024968], "ood_acc": [0.11900000274181366, 0.2160000056028366, 0.2600000202655792, 0.27000001072883606, 0.31300002336502075, 0.34300002455711365, 0.3750000298023224, 0.3720000088214874, 0.39400002360343933, 0.3760000169277191, 0.4020000100135803, 0.3960000276565552, 0.4050000309944153, 0.4280000329017639, 0.398000031709671, 0.4310000240802765, 0.3800000250339508, 0.3850000202655792, 0.40300002694129944, 0.44700002670288086, 0.4090000092983246, 0.4100000262260437, 0.42100003361701965, 0.4050000309944153, 0.41200003027915955, 0.4180000126361847, 0.41200003027915955, 0.41700002551078796, 0.4150000214576721, 0.3880000114440918, 0.40400001406669617, 0.36400002241134644, 0.398000031709671, 0.4100000262260437, 0.4130000174045563, 0.42600002884864807, 0.40700000524520874, 0.4090000092983246, 0.3840000033378601, 0.4020000100135803, 0.38700002431869507, 0.4140000343322754, 0.41100001335144043, 0.4280000329017639, 0.4270000159740448, 0.4490000307559967, 0.3920000195503235, 0.41200003027915955, 0.40400001406669617, 0.40700000524520874, 0.4270000159740448], "ood_ce": [2.3005263805389404, 2.205430746078491, 2.035433530807495, 2.0440921783447266, 2.2736759185791016, 2.0917935371398926, 2.114506721496582, 2.1305813789367676, 2.0877158641815186, 2.2828800678253174, 2.2762768268585205, 2.3072311878204346, 2.362732410430908, 2.6415114402770996, 2.6846964359283447, 2.5074267387390137, 2.925344944000244, 2.6769673824310303, 2.6752395629882812, 2.579367160797119, 2.6565518379211426, 3.1286895275115967, 3.0545308589935303, 3.255572557449341, 3.200521230697632, 2.981220006942749, 3.1456823348999023, 3.2054760456085205, 3.1921119689941406, 3.5281851291656494, 3.171825408935547, 3.2418973445892334, 3.2728629112243652, 3.5042309761047363, 3.3799140453338623, 3.454970598220825, 3.535921096801758, 3.238568067550659, 3.801616907119751, 3.723911762237549, 3.660717725753784, 3.6869957447052, 3.757967233657837, 3.909649610519409, 3.957287549972534, 3.672780752182007, 3.9820985794067383, 3.7269933223724365, 3.611936330795288, 3.691272258758545, 4.0218400955200195]}