{"step": [0, 30, 60, 90, 120, 150, 180, 210, 240, 270, 300, 330, 360, 390, 420, 450, 480, 510, 540, 570, 600, 630, 660, 690, 720, 750, 780, 810, 840, 870, 900, 930, 960, 990, 1020, 1050, 1080, 1110, 1140, 1170, 1200, 1230, 1260, 1290, 1320, 1350, 1380, 1410, 1440, 1470, 1499], "train": [2.2955477237701416, 2.0492759148279824, 1.620245099067688, 1.197864572207133, 0.9089069366455078, 0.7903376619021097, 0.6185465455055237, 0.5421747167905172, 0.4770984947681427, 0.39812203745047253, 0.3273595670859019, 0.5094804366429647, 0.2775488744179408, 0.2878397653500239, 0.25068214039007825, 0.2224315901597341, 0.2142710859576861, 0.22355033457279205, 0.2165073702732722, 0.21421053757270178, 0.16828770438830057, 0.1498467375834783, 0.14147884647051492, 0.13541118303934732, 0.16798862318197885, 0.1201956036190192, 0.16897694766521454, 0.10602325697739919, 0.17422149578730264, 0.11796703437964122, 0.13821391264597574, 0.19409057249625525, 0.10722604269782703, 0.178215761979421, 0.16103262454271317, 0.10003229478995006, 0.10121517876784007, 0.12315987547238667, 0.09801502401630084, 0.1284064638117949, 0.11330476403236389, 0.1524270474910736, 0.08794815838336945, 0.168257474899292, 0.06825460617740949, 0.08112011601527531, 0.17742548882961273, 0.10542421912153561, 0.1092934509118398, 0.08373269500831763, 0.09711388871073723], "ood_acc": [0.08700000494718552, 0.23000000417232513, 0.2630000114440918, 0.25699999928474426, 0.3330000042915344, 0.33100003004074097, 0.32500001788139343, 0.3580000102519989, 0.3580000102519989, 0.398000031709671, 0.3840000033378601, 0.3710000216960907, 0.39000001549720764, 0.4100000262260437, 0.36400002241134644, 0.3800000250339508, 0.4230000078678131, 0.4010000228881836, 0.3920000195503235, 0.40400001406669617, 0.3880000114440918, 0.3970000147819519, 0.4100000262260437, 0.406000018119812, 0.37800002098083496, 0.38200002908706665, 0.39100003242492676, 0.4000000059604645, 0.39500001072883606, 0.41200003027915955, 0.38700002431869507, 0.39400002360343933, 0.3960000276565552, 0.37300002574920654, 0.37700000405311584, 0.40700000524520874, 0.39900001883506775, 0.38200002908706665, 0.3580000102519989, 0.3750000298023224, 0.38100001215934753, 0.359000027179718, 0.38100001215934753, 0.37300002574920654, 0.41200003027915955, 0.406000018119812, 0.35500001907348633, 0.3890000283718109, 0.38100001215934753, 0.3800000250339508, 0.4010000228881836], "ood_ce": [2.309570789337158, 2.174365520477295, 1.9843214750289917, 2.0723893642425537, 2.1695215702056885, 2.3689260482788086, 2.3083689212799072, 2.2060446739196777, 2.2619707584381104, 2.2770204544067383, 2.4835166931152344, 2.7308332920074463, 2.6592509746551514, 2.582261323928833, 2.7214930057525635, 3.1614134311676025, 2.699927568435669, 2.7862653732299805, 2.876755952835083, 2.931669235229492, 2.9446816444396973, 2.9398860931396484, 3.1112921237945557, 3.2721288204193115, 2.999441385269165, 3.1690948009490967, 3.102379083633423, 3.3616583347320557, 3.4626553058624268, 3.6152279376983643, 3.7297496795654297, 3.5085747241973877, 3.546353340148926, 3.850830316543579, 3.5616681575775146, 3.7499475479125977, 3.6331026554107666, 4.1879377365112305, 3.974102020263672, 3.707341194152832, 3.6299054622650146, 4.168974876403809, 3.7564477920532227, 4.371169567108154, 3.2949862480163574, 3.6190288066864014, 4.487246990203857, 3.9009063243865967, 3.7515180110931396, 3.96012806892395, 4.40181303024292]}