{"step": [0, 30, 60, 90, 120, 150, 180, 210, 240, 270, 300, 330, 360, 390, 420, 450, 480, 510, 540, 570, 600, 630, 660, 690, 720, 750, 780, 810, 840, 870, 900, 930, 960, 990, 1020, 1050, 1080, 1110, 1140, 1170, 1200, 1230, 1260, 1290, 1320, 1350, 1380, 1410, 1440, 1470, 1499], "train": [2.2990516821543374, 2.080440402030945, 1.8490421374638875, 1.4976609945297241, 1.945948878924052, 1.7563893000284831, 1.833959420522054, 2.198713223139445, 0.9350306789080302, 1.0518622199694316, 1.0040809512138367, 0.9048475027084351, 0.8123461405436198, 0.7268242438634237, 0.7531189123789469, 0.9852300882339478, 0.6420829892158508, 0.5399794379870096, 0.9414634903271993, 0.466056227684021, 0.47282645106315613, 0.722510039806366, 0.43675802151362103, 0.5382693807284037, 0.6332829594612122, 0.3882099688053131, 0.4506285587946574, 0.45553632577260333, 0.5199128687381744, 0.36062999566396076, 0.5376075108846029, 0.3756449321905772, 0.29111209511756897, 0.3727336823940277, 0.4902916153271993, 0.6427105565865835, 0.3571563760439555, 0.5201535224914551, 0.42542527119318646, 0.40095285574595135, 0.40907082955042523, 0.29767342408498126, 0.30231590072313946, 0.32584258913993835, 0.6144654055436453, 0.2963846375544866, 0.3035532534122467, 0.4934779504934947, 0.20420763889948526, 0.35624591012795764, 0.40305229028066], "ood_acc": [0.10000000149011612, 0.20900000631809235, 0.2370000183582306, 0.2370000183582306, 0.281000018119812, 0.32600000500679016, 0.2970000207424164, 0.35600000619888306, 0.36100003123283386, 0.3050000071525574, 0.37300002574920654, 0.37800002098083496, 0.3570000231266022, 0.37400001287460327, 0.4000000059604645, 0.37400001287460327, 0.39100003242492676, 0.39500001072883606, 0.37300002574920654, 0.38100001215934753, 0.3890000283718109, 0.41700002551078796, 0.3540000021457672, 0.398000031709671, 0.4100000262260437, 0.4050000309944153, 0.3750000298023224, 0.39900001883506775, 0.38100001215934753, 0.38100001215934753, 0.3840000033378601, 0.3680000305175781, 0.3890000283718109, 0.41200003027915955, 0.359000027179718, 0.367000013589859, 0.40400001406669617, 0.4150000214576721, 0.3830000162124634, 0.39400002360343933, 0.39400002360343933, 0.398000031709671, 0.4010000228881836, 0.3660000264644623, 0.3680000305175781, 0.4150000214576721, 0.35500001907348633, 0.3850000202655792, 0.3850000202655792, 0.37300002574920654, 0.398000031709671], "ood_ce": [2.3157217502593994, 2.1926279067993164, 2.0734424591064453, 2.1220498085021973, 2.960684061050415, 2.9075381755828857, 2.901608943939209, 2.234171152114868, 2.440199375152588, 2.862126111984253, 2.535407781600952, 2.4967589378356934, 3.0510716438293457, 3.2473905086517334, 2.633955240249634, 2.8320205211639404, 2.564833641052246, 2.709479570388794, 3.3485186100006104, 3.015087842941284, 2.9067437648773193, 2.941993236541748, 3.2985620498657227, 3.2459237575531006, 3.3331942558288574, 3.109929084777832, 3.6800696849823, 3.40895414352417, 3.973686456680298, 3.4899027347564697, 4.171605110168457, 3.5663058757781982, 3.440580368041992, 4.509077072143555, 4.368144989013672, 4.745233535766602, 4.832650184631348, 4.202329158782959, 4.471590518951416, 4.164745330810547, 4.705898761749268, 5.159903049468994, 5.2854790687561035, 5.263656139373779, 5.092096328735352, 5.200923919677734, 4.918368339538574, 6.029160976409912, 3.9278862476348877, 4.167541980743408, 3.853593587875366]}