{"step": [0, 30, 60, 90, 120, 150, 180, 210, 240, 270, 300, 330, 360, 390, 420, 450, 480, 510, 540, 570, 600, 630, 660, 690, 720, 750, 780, 810, 840, 870, 900, 930, 960, 990, 1020, 1050, 1080, 1110, 1140, 1170, 1200, 1230, 1260, 1290, 1320, 1350, 1380, 1410, 1440, 1470, 1499], "train": [2.2955477237701416, 2.0659001668294272, 1.689661701520284, 1.2444820801417034, 0.9359699090321859, 0.8260088960329691, 0.6857261260350546, 0.5812719662984213, 0.5078638195991516, 0.41155360142389935, 0.3743489185969035, 0.342677041888237, 0.3401573250691096, 0.2941022515296936, 0.2823829303185145, 0.22781801968812943, 0.21790470679601034, 0.19112337132294974, 0.18062829226255417, 0.18046933660904566, 0.14660624911387762, 0.1710653379559517, 0.1808914765715599, 0.16698817412058511, 0.1903719703356425, 0.1457917888959249, 0.12302438914775848, 0.14771913488705954, 0.1363647903005282, 0.151536725461483, 0.10430850585301717, 0.16770475606123605, 0.09132128953933716, 0.090241522838672, 0.11366899808247884, 0.13832219938437143, 0.1413226773341497, 0.156374029815197, 0.21506501734256744, 0.1360088437795639, 0.11818391333023708, 0.15027201796571413, 0.17088172088066736, 0.2334213430682818, 0.14688144872585931, 0.2292716900507609, 0.19712062180042267, 0.1631475736697515, 0.09535574913024902, 0.0914157231648763, 0.10855269928773244], "ood_acc": [0.08700000494718552, 0.21400001645088196, 0.23200000822544098, 0.2590000033378601, 0.3100000023841858, 0.3330000042915344, 0.3360000252723694, 0.3450000286102295, 0.36000001430511475, 0.38200002908706665, 0.38700002431869507, 0.3720000088214874, 0.36100003123283386, 0.4010000228881836, 0.40400001406669617, 0.40700000524520874, 0.42100003361701965, 0.4140000343322754, 0.4020000100135803, 0.40800002217292786, 0.4220000207424164, 0.4100000262260437, 0.4020000100135803, 0.40400001406669617, 0.406000018119812, 0.4000000059604645, 0.4010000228881836, 0.40700000524520874, 0.3930000066757202, 0.36900001764297485, 0.3660000264644623, 0.3800000250339508, 0.4150000214576721, 0.40300002694129944, 0.398000031709671, 0.3850000202655792, 0.39900001883506775, 0.4050000309944153, 0.3580000102519989, 0.3850000202655792, 0.38100001215934753, 0.4010000228881836, 0.3710000216960907, 0.40300002694129944, 0.34300002455711365, 0.367000013589859, 0.3530000150203705, 0.3800000250339508, 0.37300002574920654, 0.37400001287460327, 0.36900001764297485], "ood_ce": [2.309570789337158, 2.1835873126983643, 2.0458996295928955, 2.097562551498413, 2.157355546951294, 2.2558388710021973, 2.3273909091949463, 2.2051751613616943, 2.3320376873016357, 2.25860595703125, 2.522113561630249, 2.672112226486206, 2.9217586517333984, 2.4880425930023193, 2.483442544937134, 2.9503872394561768, 2.7180769443511963, 2.7657806873321533, 3.092902898788452, 3.014434337615967, 2.8341524600982666, 2.65280818939209, 3.1897659301757812, 3.630383253097534, 3.5246639251708984, 3.372786045074463, 2.9045679569244385, 3.008928060531616, 3.203263521194458, 3.738738775253296, 3.244291305541992, 3.0817534923553467, 3.1156060695648193, 3.562326431274414, 3.8309638500213623, 4.133274555206299, 3.9632439613342285, 4.065943241119385, 3.647580623626709, 3.4309215545654297, 3.7914228439331055, 4.026686191558838, 3.778404474258423, 4.302234172821045, 3.4078423976898193, 3.507179021835327, 3.308516025543213, 3.7541799545288086, 4.117008209228516, 4.636200904846191, 4.755809307098389]}