{"step": [0, 30, 60, 90, 120, 150, 180, 210, 240, 270, 300, 330, 360, 390, 420, 450, 480, 510, 540, 570, 600, 630, 660, 690, 720, 750, 780, 810, 840, 870, 900, 930, 960, 990, 1020, 1050, 1080, 1110, 1140, 1170, 1200, 1230, 1260, 1290, 1320, 1350, 1380, 1410, 1440, 1470, 1499], "train": [2.289719343185425, 2.051237106323242, 1.6487608353296916, 1.3466650247573853, 0.9942284027735392, 0.7700611154238383, 0.6350435018539429, 0.5153920153776804, 0.4199613928794861, 0.37879107395807904, 0.33943497637907666, 0.3305635452270508, 0.2681069274743398, 0.27203908065954846, 0.2087159256140391, 0.20955765744050345, 0.21667670458555222, 0.17884397010008493, 0.18344354132811228, 0.161412812769413, 0.1908531685670217, 0.1793901026248932, 0.14092091719309488, 0.15198500454425812, 0.1293400451540947, 0.118534450729688, 0.12490177154541016, 0.12733413775761923, 0.1367934395869573, 0.10481563210487366, 0.11451211074988048, 0.1421007663011551, 0.10491787518064181, 0.15013378113508224, 0.1548514241973559, 0.10223288585742314, 0.11633348216613133, 0.1362591857711474, 0.10857870678106944, 0.10467630128065745, 0.09499806041518848, 0.08835520346959432, 0.09762539466222127, 0.09466530879338582, 0.1205262616276741, 0.08409976959228516, 0.12066198140382767, 0.0980820506811142, 0.15026849011580148, 0.12792916844288507, 0.0823426606754462], "ood_acc": [0.1120000034570694, 0.24700000882148743, 0.2770000100135803, 0.2990000247955322, 0.31200000643730164, 0.36100003123283386, 0.4010000228881836, 0.3970000147819519, 0.3760000169277191, 0.4240000247955322, 0.41200003027915955, 0.4710000157356262, 0.43400001525878906, 0.45000001788139343, 0.43400001525878906, 0.42500001192092896, 0.4180000126361847, 0.4020000100135803, 0.398000031709671, 0.4190000295639038, 0.42600002884864807, 0.42500001192092896, 0.43400001525878906, 0.4490000307559967, 0.4140000343322754, 0.4280000329017639, 0.4410000145435333, 0.4140000343322754, 0.4240000247955322, 0.42500001192092896, 0.42600002884864807, 0.4190000295639038, 0.4100000262260437, 0.4050000309944153, 0.4130000174045563, 0.43700000643730164, 0.42100003361701965, 0.4270000159740448, 0.40400001406669617, 0.4220000207424164, 0.41100001335144043, 0.4150000214576721, 0.41600000858306885, 0.42100003361701965, 0.4360000193119049, 0.4150000214576721, 0.4130000174045563, 0.4100000262260437, 0.4180000126361847, 0.42500001192092896, 0.39400002360343933], "ood_ce": [2.3007583618164062, 2.1665964126586914, 1.9931552410125732, 1.9821821451187134, 1.9851711988449097, 1.9469046592712402, 1.982405185699463, 1.8996394872665405, 2.1010735034942627, 2.0885512828826904, 2.118981122970581, 2.1078171730041504, 2.2209033966064453, 2.3219151496887207, 2.1263210773468018, 2.469641923904419, 2.4724698066711426, 2.9158451557159424, 2.767760992050171, 2.4041285514831543, 2.5878617763519287, 2.80741548538208, 3.0019054412841797, 2.581357717514038, 2.682305097579956, 2.698111057281494, 2.8909733295440674, 2.803182601928711, 3.028531789779663, 3.398616075515747, 3.16642689704895, 3.255506992340088, 3.2770092487335205, 3.241442918777466, 3.1735806465148926, 3.065195083618164, 3.107344627380371, 3.230654001235962, 3.0032670497894287, 3.0383987426757812, 3.2076988220214844, 3.307880401611328, 3.576465606689453, 3.2301299571990967, 3.257286310195923, 3.3129971027374268, 3.4607627391815186, 3.557025194168091, 3.5218536853790283, 3.800718307495117, 3.756490468978882]}