{"step": [0, 30, 60, 90, 120, 150, 180, 210, 240, 270, 300, 330, 360, 390, 420, 450, 480, 510, 540, 570, 600, 630, 660, 690, 720, 750, 780, 810, 840, 870, 900, 930, 960, 990, 1020, 1050, 1080, 1110, 1140, 1170, 1200, 1230, 1260, 1290, 1320, 1350, 1380, 1410, 1440, 1470, 1499], "train": [2.3100438912709556, 2.112589438756307, 1.7169122298558552, 1.3598203261693318, 1.0418627659479778, 0.8257593512535095, 0.649087647596995, 0.5834250251452128, 0.5438763002554575, 0.5720396141211191, 0.6057745416959127, 0.44987772901852924, 0.4528270761171977, 0.4632243712743123, 0.42426440119743347, 0.4277332127094269, 0.38295498490333557, 0.4010494550069173, 0.3337066074212392, 0.26168139775594074, 0.2549772709608078, 0.20586900413036346, 0.16784064968427023, 0.1644152601559957, 0.16198069602251053, 0.15058121333519617, 0.1538142810265223, 0.13915118078390756, 0.1350916400551796, 0.11599834263324738, 0.11192236344019572, 0.11718407769997914, 0.13418062776327133, 0.10004631926616032, 0.1305855189760526, 0.1115031639734904, 0.08650052671631177, 0.09029190242290497, 0.10265048344930013, 0.11312317351500194, 0.10040657718976338, 0.10827560722827911, 0.11671548833449681, 0.08256611227989197, 0.10826761772235234, 0.12561190128326416, 0.16826898356278738, 0.09369212140639623, 0.08110428353150685, 0.10289899011452992, 0.2109015683333079], "ood_acc": [0.07500000298023224, 0.22700001299381256, 0.26200002431869507, 0.2880000174045563, 0.3290000259876251, 0.40400001406669617, 0.40400001406669617, 0.42600002884864807, 0.43700000643730164, 0.39900001883506775, 0.43400001525878906, 0.42900002002716064, 0.43700000643730164, 0.4270000159740448, 0.43800002336502075, 0.4150000214576721, 0.45100003480911255, 0.42600002884864807, 0.43700000643730164, 0.4610000252723694, 0.45600003004074097, 0.4150000214576721, 0.4440000355243683, 0.4280000329017639, 0.4310000240802765, 0.42100003361701965, 0.4400000274181366, 0.4230000078678131, 0.4270000159740448, 0.41700002551078796, 0.4280000329017639, 0.4400000274181366, 0.43700000643730164, 0.453000009059906, 0.42600002884864807, 0.4130000174045563, 0.4270000159740448, 0.42900002002716064, 0.43800002336502075, 0.47200003266334534, 0.45100003480911255, 0.4270000159740448, 0.42900002002716064, 0.4410000145435333, 0.4220000207424164, 0.4150000214576721, 0.42000001668930054, 0.39900001883506775, 0.4130000174045563, 0.40400001406669617, 0.35200002789497375], "ood_ce": [2.309131383895874, 2.1847691535949707, 1.9895150661468506, 1.9059597253799438, 1.8847987651824951, 1.7488646507263184, 2.0582809448242188, 1.9309371709823608, 1.9334715604782104, 2.2470779418945312, 2.168544054031372, 2.268005132675171, 2.257692575454712, 2.443418502807617, 2.280808448791504, 2.3692870140075684, 2.706646203994751, 2.661172389984131, 2.6438536643981934, 2.6128478050231934, 2.5276241302490234, 2.7672367095947266, 2.5963661670684814, 2.9116737842559814, 2.810218334197998, 2.8138084411621094, 2.8303794860839844, 2.930063009262085, 2.9364891052246094, 2.7586750984191895, 3.0890142917633057, 3.0727124214172363, 2.9504525661468506, 2.918137550354004, 3.4286088943481445, 3.0367774963378906, 3.1556107997894287, 2.827552080154419, 2.838050365447998, 3.129974365234375, 3.496670961380005, 3.3170957565307617, 3.358508348464966, 3.2807741165161133, 3.368373394012451, 3.6541740894317627, 3.2447195053100586, 3.30039381980896, 3.826619863510132, 4.340139865875244, 5.021021366119385]}