{"step": [0, 30, 60, 90, 120, 150, 180, 210, 240, 270, 300, 330, 360, 390, 420, 450, 480, 510, 540, 570, 600, 630, 660, 690, 720, 750, 780, 810, 840, 870, 900, 930, 960, 990, 1020, 1050, 1080, 1110, 1140, 1170, 1200, 1230, 1260, 1290, 1320, 1350, 1380, 1410, 1440, 1470, 1499], "train": [2.3100438912709556, 2.108508348464966, 1.7070656220118205, 1.357764760653178, 1.035154640674591, 0.8138753374417623, 0.6106113394101461, 0.5684495071570078, 0.4558791220188141, 0.4400731523831685, 0.4185992479324341, 0.3249308317899704, 0.29978057245413464, 0.27227509518464404, 0.2447921559214592, 0.2148426299293836, 0.209441011150678, 0.21254191795984903, 0.16904191672801971, 0.15908135225375494, 0.13132128367821375, 0.2391662299633026, 0.1463614528377851, 0.17014933129151663, 0.13445217410723367, 0.12110473215579987, 0.11203864216804504, 0.09794936329126358, 0.09908374274770419, 0.0943681572874387, 0.12195953230063121, 0.13965734094381332, 0.11006033172210057, 0.1082551305492719, 0.09038739030559857, 0.10776343941688538, 0.08171284695466359, 0.11212606231371562, 0.08426873137553532, 0.0959540382027626, 0.10640565305948257, 0.08940422162413597, 0.09670786435405414, 0.13198276609182358, 0.13093233108520508, 0.09674324591954549, 0.08567159002025922, 0.07323167100548744, 0.10696177432934444, 0.0892702266573906, 0.0770487089951833], "ood_acc": [0.07500000298023224, 0.23100000619888306, 0.28300002217292786, 0.3150000274181366, 0.34300002455711365, 0.4000000059604645, 0.39900001883506775, 0.42100003361701965, 0.4350000321865082, 0.42500001192092896, 0.4280000329017639, 0.4150000214576721, 0.445000022649765, 0.445000022649765, 0.44600000977516174, 0.42500001192092896, 0.4480000138282776, 0.44200003147125244, 0.4360000193119049, 0.4360000193119049, 0.4150000214576721, 0.4280000329017639, 0.4390000104904175, 0.4270000159740448, 0.445000022649765, 0.4480000138282776, 0.4270000159740448, 0.4190000295639038, 0.42100003361701965, 0.4280000329017639, 0.41600000858306885, 0.4480000138282776, 0.4300000071525574, 0.4540000259876251, 0.4130000174045563, 0.4440000355243683, 0.4410000145435333, 0.445000022649765, 0.46400001645088196, 0.4410000145435333, 0.42900002002716064, 0.4220000207424164, 0.4360000193119049, 0.4270000159740448, 0.4440000355243683, 0.43400001525878906, 0.4230000078678131, 0.43400001525878906, 0.43700000643730164, 0.4050000309944153, 0.43300002813339233], "ood_ce": [2.309131383895874, 2.1803205013275146, 1.9718178510665894, 1.8689335584640503, 1.8460257053375244, 1.7438803911209106, 2.0000269412994385, 1.900996208190918, 1.860072135925293, 2.050175666809082, 2.117889404296875, 2.324136734008789, 2.1614856719970703, 2.3051271438598633, 2.2751407623291016, 2.450913906097412, 2.4864673614501953, 2.4944427013397217, 2.5650784969329834, 2.456066846847534, 2.6428253650665283, 2.6213085651397705, 2.6521377563476562, 2.5731022357940674, 2.5038769245147705, 2.6496055126190186, 2.6350440979003906, 2.587778091430664, 2.7638068199157715, 3.0190622806549072, 3.060894012451172, 2.8234832286834717, 2.7639284133911133, 2.849532127380371, 3.2042720317840576, 2.780125617980957, 2.993623733520508, 2.8918814659118652, 2.6774098873138428, 3.102898120880127, 3.3635897636413574, 3.414296865463257, 3.4581615924835205, 3.601576805114746, 3.044093608856201, 2.9408786296844482, 3.39054799079895, 3.4265148639678955, 3.301312208175659, 3.486774206161499, 3.6065425872802734]}