{"step": [0, 30, 60, 90, 120, 150, 180, 210, 240, 270, 300, 330, 360, 390, 420, 450, 480, 510, 540, 570, 600, 630, 660, 690, 720, 750, 780, 810, 840, 870, 900, 930, 960, 990, 1020, 1050, 1080, 1110, 1140, 1170, 1200, 1230, 1260, 1290, 1320, 1350, 1380, 1410, 1440, 1470, 1499], "train": [2.2990516821543374, 2.047330617904663, 1.6299817562103271, 1.3105847040812175, 0.9981165329615275, 0.7503130833307902, 0.5939908822377523, 0.514698992172877, 0.4347075621287028, 0.3880024005969365, 0.33676547308762866, 0.3003457685311635, 0.3701137602329254, 0.3176566610733668, 0.23556802918513617, 0.2176029086112976, 0.1846992348631223, 0.1859672541419665, 0.18145673225323358, 0.17845162004232407, 0.16086522241433462, 0.15231268604596457, 0.12681076924006143, 0.16099760929743448, 0.1420095587770144, 0.1121433638036251, 0.09612463290492694, 0.09568801522254944, 0.08997243146101634, 0.13147428631782532, 0.22193451722462973, 0.2326879402001699, 0.10972211261590321, 0.11407043288151424, 0.13998005787531534, 0.10474121943116188, 0.11202673862377803, 0.10169705251852672, 0.1113116443157196, 0.15239550918340683, 0.10446610550085704, 0.21664518614610037, 0.13652852177619934, 0.12886544317007065, 0.12473259617884953, 0.12466106067101161, 0.20876306792100272, 0.13657352576653162, 0.10328428447246552, 0.1424914002418518, 0.11357731868823369], "ood_acc": [0.10000000149011612, 0.2120000123977661, 0.2600000202655792, 0.2770000100135803, 0.359000027179718, 0.3700000047683716, 0.38600000739097595, 0.38200002908706665, 0.4140000343322754, 0.4100000262260437, 0.4220000207424164, 0.41700002551078796, 0.398000031709671, 0.4090000092983246, 0.41200003027915955, 0.4320000112056732, 0.43400001525878906, 0.42600002884864807, 0.406000018119812, 0.42900002002716064, 0.43700000643730164, 0.4310000240802765, 0.40300002694129944, 0.4050000309944153, 0.43800002336502075, 0.42000001668930054, 0.41100001335144043, 0.3840000033378601, 0.39500001072883606, 0.4270000159740448, 0.40300002694129944, 0.40800002217292786, 0.38700002431869507, 0.39500001072883606, 0.39400002360343933, 0.4280000329017639, 0.41100001335144043, 0.4270000159740448, 0.43300002813339233, 0.42900002002716064, 0.4180000126361847, 0.398000031709671, 0.4240000247955322, 0.4020000100135803, 0.4090000092983246, 0.40400001406669617, 0.40800002217292786, 0.398000031709671, 0.39000001549720764, 0.38600000739097595, 0.359000027179718], "ood_ce": [2.3157217502593994, 2.1809093952178955, 1.9782174825668335, 1.9408384561538696, 2.0000414848327637, 2.000401496887207, 1.9834485054016113, 2.0065720081329346, 2.132838726043701, 2.2693116664886475, 2.5181190967559814, 2.3776779174804688, 2.6291353702545166, 2.479172945022583, 2.402038812637329, 2.440715789794922, 2.4852535724639893, 2.822798013687134, 2.9469711780548096, 3.0060031414031982, 2.9696779251098633, 3.036909580230713, 2.984941005706787, 3.0086300373077393, 2.899384021759033, 2.94918155670166, 3.1000335216522217, 3.208770275115967, 3.1546356678009033, 3.1579792499542236, 3.1793367862701416, 3.235394239425659, 3.0502331256866455, 3.2673258781433105, 3.5759758949279785, 3.5241189002990723, 3.6004796028137207, 3.711225748062134, 3.6091158390045166, 3.378937244415283, 3.330289602279663, 3.2732834815979004, 3.6028871536254883, 4.112736225128174, 3.795170545578003, 4.260673999786377, 3.9856982231140137, 3.673335552215576, 3.714205741882324, 3.8387959003448486, 3.7890141010284424]}