{"step": [0, 30, 60, 90, 120, 150, 180, 210, 240, 270, 300, 330, 360, 390, 420, 450, 480, 510, 540, 570, 600, 630, 660, 690, 720, 750, 780, 810, 840, 870, 900, 930, 960, 990, 1020, 1050, 1080, 1110, 1140, 1170, 1200, 1230, 1260, 1290, 1320, 1350, 1380, 1410, 1440, 1470, 1499], "train": [2.2990516821543374, 2.0494196017583213, 1.6283892393112183, 1.313535173734029, 0.9991326530774435, 0.7494893074035645, 0.6003281076749166, 0.5258694787820181, 0.4707975188891093, 0.41882656514644623, 0.41438258687655133, 0.37524115045865375, 0.3405427535374959, 0.3475787589947383, 0.2940099636713664, 0.26689979434013367, 0.2438694884379705, 0.2621697634458542, 0.23991262912750244, 0.2209386577208837, 0.18671239912509918, 0.1908839245637258, 0.20886414249738058, 0.18475239475568137, 0.24311505754788718, 0.17814797659715018, 0.18324442704518637, 0.12205716719230016, 0.12507678816715875, 0.19771840671698251, 0.12176467478275299, 0.10419489443302155, 0.13824347282449403, 0.08518790329496066, 0.12601380671064058, 0.11833746482928593, 0.12625285486380258, 0.15911630789438883, 0.09770729392766953, 0.07552763447165489, 0.09810843939582507, 0.08262995382150014, 0.08420601611336072, 0.09463820854822795, 0.09016134217381477, 0.0786607675254345, 0.1178296556075414, 0.12865601976712546, 0.08738577738404274, 0.12684558580319086, 0.1347470631202062], "ood_acc": [0.10000000149011612, 0.21300001442432404, 0.25200000405311584, 0.2710000276565552, 0.34700000286102295, 0.37300002574920654, 0.3880000114440918, 0.4090000092983246, 0.4140000343322754, 0.4300000071525574, 0.4180000126361847, 0.4320000112056732, 0.43400001525878906, 0.41600000858306885, 0.4190000295639038, 0.41600000858306885, 0.4180000126361847, 0.4270000159740448, 0.3930000066757202, 0.4230000078678131, 0.4280000329017639, 0.4310000240802765, 0.42000001668930054, 0.40300002694129944, 0.4100000262260437, 0.398000031709671, 0.39100003242492676, 0.4400000274181366, 0.3960000276565552, 0.38600000739097595, 0.4100000262260437, 0.42000001668930054, 0.41100001335144043, 0.40800002217292786, 0.4220000207424164, 0.4230000078678131, 0.4490000307559967, 0.43800002336502075, 0.4020000100135803, 0.41200003027915955, 0.41700002551078796, 0.4090000092983246, 0.4090000092983246, 0.41100001335144043, 0.3850000202655792, 0.4300000071525574, 0.406000018119812, 0.42000001668930054, 0.3930000066757202, 0.37300002574920654, 0.3700000047683716], "ood_ce": [2.3157217502593994, 2.1839308738708496, 1.9918335676193237, 1.9592434167861938, 2.0074009895324707, 1.9958006143569946, 1.974071979522705, 1.9771606922149658, 2.1038818359375, 2.191763401031494, 2.282829523086548, 2.3086273670196533, 2.4698541164398193, 2.7364933490753174, 2.6029839515686035, 2.5528311729431152, 2.5889625549316406, 2.638216018676758, 2.6906754970550537, 2.681694984436035, 2.8095014095306396, 2.775114059448242, 2.7385222911834717, 2.9443912506103516, 2.934460163116455, 2.9934916496276855, 3.073277473449707, 2.760667324066162, 3.048617362976074, 3.22377610206604, 2.9996910095214844, 3.1722798347473145, 2.99379301071167, 3.062469005584717, 3.2778191566467285, 3.171210527420044, 3.4148926734924316, 3.701601028442383, 3.2337112426757812, 2.9283688068389893, 3.515089988708496, 3.8526272773742676, 4.172186851501465, 3.893869161605835, 3.55210280418396, 4.308454513549805, 3.8579463958740234, 3.854137897491455, 3.4646477699279785, 3.6814520359039307, 3.794694662094116]}