{"step": [0, 30, 60, 90, 120, 150, 180, 210, 240, 270, 300, 330, 360, 390, 420, 450, 480, 510, 540, 570, 600, 630, 660, 690, 720, 750, 780, 810, 840, 870, 900, 930, 960, 990, 1020, 1050, 1080, 1110, 1140, 1170, 1200, 1230, 1260, 1290, 1320, 1350, 1380, 1410, 1440, 1470, 1499], "train": [2.294736623764038, 2.118558963139852, 1.7491555611292522, 1.3641529480616252, 1.0445078015327454, 0.8152539134025574, 0.6561439534028372, 0.5579708019892374, 0.44331151247024536, 0.41093942523002625, 0.35319865743319195, 0.32291697959105176, 0.27167529116074246, 0.27878063420454663, 0.29328349729379016, 0.2632998029390971, 0.2206271837155024, 0.219145397345225, 0.2044519235690435, 0.16547052065531412, 0.1761529122789701, 0.16925188153982162, 0.140591062605381, 0.13487763702869415, 0.11429735521475475, 0.15135871370633444, 0.14110761632521948, 0.1522871752580007, 0.14082294205824533, 0.16784025728702545, 0.1241895742714405, 0.1628113885720571, 0.10674619177977245, 0.10468813528617223, 0.14377187689145407, 0.13149278114239374, 0.12198498845100403, 0.1045606459180514, 0.09493395686149597, 0.12607481330633163, 0.1873661826054255, 0.10938835144042969, 0.1097891740500927, 0.1154559130469958, 0.10013199349244435, 0.0934403861562411, 0.2156251718600591, 0.10625459750493367, 0.10057292133569717, 0.09189936270316441, 0.14028934886058173], "ood_acc": [0.11900000274181366, 0.22200001776218414, 0.26900002360343933, 0.29100000858306885, 0.3230000138282776, 0.3720000088214874, 0.4010000228881836, 0.3930000066757202, 0.4100000262260437, 0.3970000147819519, 0.406000018119812, 0.42600002884864807, 0.40300002694129944, 0.42000001668930054, 0.41100001335144043, 0.43300002813339233, 0.4190000295639038, 0.4480000138282776, 0.4300000071525574, 0.42900002002716064, 0.4300000071525574, 0.4140000343322754, 0.4360000193119049, 0.4220000207424164, 0.42100003361701965, 0.4230000078678131, 0.4350000321865082, 0.4190000295639038, 0.4280000329017639, 0.4020000100135803, 0.39100003242492676, 0.41700002551078796, 0.4100000262260437, 0.39000001549720764, 0.39000001549720764, 0.40300002694129944, 0.39100003242492676, 0.4130000174045563, 0.3830000162124634, 0.3970000147819519, 0.39400002360343933, 0.406000018119812, 0.4190000295639038, 0.3960000276565552, 0.3930000066757202, 0.39500001072883606, 0.4150000214576721, 0.40700000524520874, 0.367000013589859, 0.398000031709671, 0.38700002431869507], "ood_ce": [2.3005263805389404, 2.209087610244751, 2.0427310466766357, 1.9622547626495361, 2.0120816230773926, 1.900686264038086, 1.9138641357421875, 2.004802942276001, 1.9745372533798218, 2.212924003601074, 2.2521157264709473, 2.0423896312713623, 2.580576181411743, 2.3852646350860596, 2.2991104125976562, 2.583115816116333, 2.452918767929077, 2.341325521469116, 2.684544563293457, 2.55745792388916, 2.6784214973449707, 2.7122132778167725, 2.6648292541503906, 2.976743221282959, 2.7876718044281006, 2.7884762287139893, 3.044189929962158, 3.091912269592285, 3.2276580333709717, 3.3366663455963135, 3.095928430557251, 3.241222620010376, 3.282179355621338, 3.1573896408081055, 3.13568115234375, 3.2394299507141113, 3.5422604084014893, 3.063795804977417, 3.298163890838623, 3.0676157474517822, 3.3820571899414062, 3.2835216522216797, 3.5407114028930664, 3.6759731769561768, 3.8412985801696777, 3.605717182159424, 4.2459940910339355, 3.5287654399871826, 3.4843108654022217, 3.37334942817688, 3.5417003631591797]}