{"step": [0, 30, 60, 90, 120, 150, 180, 210, 240, 270, 300, 330, 360, 390, 420, 450, 480, 510, 540, 570, 600, 630, 660, 690, 720, 750, 780, 810, 840, 870, 900, 930, 960, 990, 1020, 1050, 1080, 1110, 1140, 1170, 1200, 1230, 1260, 1290, 1320, 1350, 1380, 1410, 1440, 1470, 1499], "train": [2.289719343185425, 2.0517417589823403, 1.6611149708429973, 1.343097726504008, 1.0035711924235027, 0.7776926755905151, 0.5931066572666168, 0.4922592242558797, 0.39676205317179364, 0.3636268426974614, 0.33556293447812396, 0.28691064814726513, 0.2537563443183899, 0.20383249719937643, 0.22726147870222727, 0.17401614288489023, 0.20321818689505258, 0.20016150176525116, 0.17194524904092154, 0.12192496409018834, 0.15298822770516077, 0.15701947112878165, 0.13254774858554205, 0.3180749813715617, 0.13131341462333998, 0.1633658359448115, 0.11574834336837132, 0.09871407349904378, 0.11092484494050343, 0.1508716344833374, 0.16705378393332163, 0.10429535806179047, 0.33100485304991406, 0.1667465219895045, 0.14080165574947992, 0.0985540399948756, 0.10671351353327434, 0.12368020912011464, 0.08160166690746944, 0.09733735521634419, 0.1078720490137736, 0.08889305467406909, 0.0706367443005244, 0.07253242408235867, 0.06886280328035355, 0.06911644463737805, 0.09162590404351552, 0.07462296634912491, 0.06852851311365764, 0.10186728090047836, 0.07303191969792049], "ood_acc": [0.1120000034570694, 0.24300001561641693, 0.27000001072883606, 0.2900000214576721, 0.3190000057220459, 0.3570000231266022, 0.3920000195503235, 0.41100001335144043, 0.39100003242492676, 0.4240000247955322, 0.4390000104904175, 0.453000009059906, 0.4580000340938568, 0.4410000145435333, 0.43700000643730164, 0.445000022649765, 0.4480000138282776, 0.4390000104904175, 0.4310000240802765, 0.4410000145435333, 0.4490000307559967, 0.44200003147125244, 0.42600002884864807, 0.4300000071525574, 0.4480000138282776, 0.4280000329017639, 0.4480000138282776, 0.4300000071525574, 0.46000000834465027, 0.41200003027915955, 0.3930000066757202, 0.4130000174045563, 0.4540000259876251, 0.41600000858306885, 0.4270000159740448, 0.44300001859664917, 0.4400000274181366, 0.4480000138282776, 0.41600000858306885, 0.4270000159740448, 0.41600000858306885, 0.41600000858306885, 0.4270000159740448, 0.3890000283718109, 0.4240000247955322, 0.39100003242492676, 0.39400002360343933, 0.4150000214576721, 0.42000001668930054, 0.4140000343322754, 0.4150000214576721], "ood_ce": [2.3007583618164062, 2.165809392929077, 1.9957966804504395, 1.9269979000091553, 1.915022611618042, 1.8959907293319702, 1.9356318712234497, 1.8559373617172241, 1.9970616102218628, 1.9881207942962646, 1.9481035470962524, 2.118685007095337, 2.1716322898864746, 2.338136672973633, 2.240402936935425, 2.2775378227233887, 2.4096081256866455, 2.527357339859009, 2.616649627685547, 2.71325421333313, 2.6486876010894775, 2.763291835784912, 2.601173162460327, 2.666440486907959, 2.7184083461761475, 2.6261892318725586, 2.6025686264038086, 2.9326469898223877, 2.956583023071289, 2.7766990661621094, 2.9390339851379395, 2.83790922164917, 2.9131407737731934, 2.978149175643921, 3.07466197013855, 2.9042632579803467, 2.903277635574341, 3.021728754043579, 3.292900323867798, 3.293215036392212, 3.6077475547790527, 3.107734203338623, 3.4174206256866455, 3.108999013900757, 3.050943374633789, 3.0361509323120117, 3.2026007175445557, 3.269697427749634, 3.483267068862915, 3.480410575866699, 3.595273733139038]}