{"step": [0, 30, 60, 90, 120, 150, 180, 210, 240, 270, 300, 330, 360, 390, 420, 450, 480, 510, 540, 570, 600, 630, 660, 690, 720, 750, 780, 810, 840, 870, 900, 930, 960, 990, 1020, 1050, 1080, 1110, 1140, 1170, 1200, 1230, 1260, 1290, 1320, 1350, 1380, 1410, 1440, 1470, 1499], "train": [2.2990516821543374, 2.0465283393859863, 1.6583362420399983, 1.247045675913493, 0.9846473534901937, 0.7361561954021454, 0.6207515994707743, 0.5481383502483368, 0.4896462758382161, 0.39131269852320355, 0.36394068598747253, 0.33207657436529797, 0.329342524210612, 0.31395675241947174, 0.2937023987372716, 0.27416591097911197, 0.21173730740944544, 0.23490862051645914, 0.2582951933145523, 0.18163076788187027, 0.17293706039587656, 0.21531059592962265, 0.18500377734502158, 0.2326278736193975, 0.19155769298473993, 0.14916224280993143, 0.1684781735142072, 0.17944470047950745, 0.09356967980662982, 0.13437854001919428, 0.15975342690944672, 0.18503429492314658, 0.11726250499486923, 0.14352900038162866, 0.13054578006267548, 0.16609704991181692, 0.11226214716831844, 0.07795659576853116, 0.1490401327610016, 0.21194258332252502, 0.11107323070367177, 0.1267767051855723, 0.08951814969380696, 0.10627615700165431, 0.10152728110551834, 0.12136622021595637, 0.12247636914253235, 0.17963489890098572, 0.1368557165066401, 0.11952457576990128, 0.13782299558321634], "ood_acc": [0.10000000149011612, 0.2200000137090683, 0.26600000262260437, 0.2580000162124634, 0.33500000834465027, 0.34200000762939453, 0.39500001072883606, 0.39900001883506775, 0.4130000174045563, 0.4000000059604645, 0.3890000283718109, 0.39500001072883606, 0.40800002217292786, 0.40400001406669617, 0.4150000214576721, 0.4410000145435333, 0.4280000329017639, 0.43800002336502075, 0.3920000195503235, 0.4320000112056732, 0.4310000240802765, 0.4220000207424164, 0.4050000309944153, 0.41100001335144043, 0.41200003027915955, 0.41100001335144043, 0.43300002813339233, 0.42500001192092896, 0.43700000643730164, 0.40400001406669617, 0.3700000047683716, 0.42000001668930054, 0.4280000329017639, 0.40300002694129944, 0.3930000066757202, 0.37700000405311584, 0.40800002217292786, 0.4220000207424164, 0.43300002813339233, 0.40300002694129944, 0.3790000081062317, 0.3890000283718109, 0.3760000169277191, 0.3720000088214874, 0.39000001549720764, 0.3970000147819519, 0.36400002241134644, 0.3920000195503235, 0.3930000066757202, 0.39900001883506775, 0.38100001215934753], "ood_ce": [2.3157217502593994, 2.1754324436187744, 1.999428391456604, 2.1159684658050537, 2.2770771980285645, 2.1976191997528076, 2.1167993545532227, 2.171980619430542, 2.3481855392456055, 2.236814260482788, 2.570899248123169, 2.5888216495513916, 2.660336971282959, 2.6316444873809814, 2.7645184993743896, 2.550839424133301, 2.507463216781616, 2.7304744720458984, 2.6844916343688965, 2.5229313373565674, 2.7916228771209717, 2.9853367805480957, 3.21047306060791, 3.4971649646759033, 2.842510223388672, 2.9058139324188232, 3.1569414138793945, 3.067032814025879, 2.985166311264038, 3.3562281131744385, 3.5212366580963135, 3.1664304733276367, 3.0086305141448975, 3.3602473735809326, 3.857316732406616, 3.91851544380188, 3.5894522666931152, 3.6334517002105713, 3.684269428253174, 3.4988176822662354, 3.7165753841400146, 3.803821325302124, 4.102900981903076, 4.170634746551514, 3.694281578063965, 3.8280136585235596, 4.25005578994751, 4.4658708572387695, 4.320789813995361, 4.166953086853027, 4.249540328979492]}