{"step": [0, 30, 60, 90, 120, 150, 180, 210, 240, 270, 300, 330, 360, 390, 420, 450, 480, 510, 540, 570, 600, 630, 660, 690, 720, 750, 780, 810, 840, 870, 900, 930, 960, 990, 1020, 1050, 1080, 1110, 1140, 1170, 1200, 1230, 1260, 1290, 1320, 1350, 1380, 1410, 1440, 1470, 1499], "train": [2.302424589792887, 2.097261667251587, 1.7327314615249634, 1.3976774613062541, 1.021363099416097, 0.8289539615313212, 0.6446508367856344, 0.5513123174508413, 0.46675819158554077, 0.40187475581963855, 0.3706934799750646, 0.3339707205692927, 0.34959795077641803, 0.28749601542949677, 0.2651694317658742, 0.26017317672570545, 0.24233977993329367, 0.2350318431854248, 0.21494390815496445, 0.19325539966424307, 0.1877479006846746, 0.20713889102141061, 0.18772374590237936, 0.17183377345403036, 0.16924328605333963, 0.1493449186285337, 0.13836806267499924, 0.12255437175432841, 0.1345104749004046, 0.2464030534029007, 0.13013987491528192, 0.23582262297471365, 0.1460957278807958, 0.1198887825012207, 0.09006080031394958, 0.10922579715649287, 0.1050706331928571, 0.08223536238074303, 0.08186551928520203, 0.08366537342468898, 0.08546425402164459, 0.12059527387221654, 0.10332118471463521, 0.067055344581604, 0.07512449597318967, 0.17439125974973044, 0.15549521148204803, 0.14277397592862448, 0.15718653549750647, 0.11932443330685298, 0.12722451612353325], "ood_acc": [0.11100000888109207, 0.27300000190734863, 0.3160000145435333, 0.35500001907348633, 0.3760000169277191, 0.3570000231266022, 0.3570000231266022, 0.41200003027915955, 0.406000018119812, 0.39000001549720764, 0.39900001883506775, 0.42000001668930054, 0.4320000112056732, 0.40800002217292786, 0.4100000262260437, 0.42500001192092896, 0.40300002694129944, 0.41600000858306885, 0.41600000858306885, 0.4220000207424164, 0.445000022649765, 0.41700002551078796, 0.4050000309944153, 0.398000031709671, 0.4240000247955322, 0.40700000524520874, 0.3970000147819519, 0.4300000071525574, 0.4020000100135803, 0.4090000092983246, 0.4010000228881836, 0.4050000309944153, 0.40400001406669617, 0.4090000092983246, 0.406000018119812, 0.4100000262260437, 0.4280000329017639, 0.4390000104904175, 0.4100000262260437, 0.43800002336502075, 0.40700000524520874, 0.3970000147819519, 0.41600000858306885, 0.4310000240802765, 0.42100003361701965, 0.3830000162124634, 0.3960000276565552, 0.39000001549720764, 0.3920000195503235, 0.3970000147819519, 0.4020000100135803], "ood_ce": [2.2975423336029053, 2.1685218811035156, 1.980116367340088, 1.7997338771820068, 1.8724030256271362, 2.0229761600494385, 2.1315085887908936, 2.0114667415618896, 2.216909646987915, 2.369209051132202, 2.343048095703125, 2.388549327850342, 2.3485779762268066, 2.49068021774292, 2.698084831237793, 2.730417013168335, 2.8807153701782227, 2.7585108280181885, 2.790276050567627, 2.7079131603240967, 2.780179500579834, 2.730114698410034, 2.5778887271881104, 2.895094156265259, 3.1837010383605957, 3.1985180377960205, 3.0565364360809326, 2.848386287689209, 3.115614652633667, 3.63205623626709, 3.4593188762664795, 3.2221951484680176, 3.0047080516815186, 3.2549941539764404, 3.4015512466430664, 3.3886666297912598, 3.5412254333496094, 3.3378632068634033, 3.1839144229888916, 3.500244379043579, 3.5733237266540527, 3.3752341270446777, 3.090663433074951, 3.0342743396759033, 4.218484401702881, 4.556872367858887, 4.4686994552612305, 4.5588274002075195, 4.637470245361328, 3.681488275527954, 3.6355905532836914]}