{"step": [0, 30, 60, 90, 120, 150, 180, 210, 240, 270, 300, 330, 360, 390, 420, 450, 480, 510, 540, 570, 600, 630, 660, 690, 720, 750, 780, 810, 840, 870, 900, 930, 960, 990, 1020, 1050, 1080, 1110, 1140, 1170, 1200, 1230, 1260, 1290, 1320, 1350, 1380, 1410, 1440, 1470, 1499], "train": [2.2990516821543374, 2.04245392481486, 1.6158117453257244, 1.2736159563064575, 0.9739287694295248, 0.7366889218489329, 0.596691906452179, 0.5091584722201029, 0.44402551651000977, 0.3860137661298116, 0.33889050285021466, 0.34122424324353534, 0.29112862547238666, 0.405021071434021, 0.24613515535990396, 0.23241612066825232, 0.21250513195991516, 0.2081716184814771, 0.2241191565990448, 0.23093223571777344, 0.17086461186408997, 0.15954232712586722, 0.22030524909496307, 0.20487381021181741, 0.14774856716394424, 0.13889350990454355, 0.14083381493886313, 0.1833523859580358, 0.14981373151143393, 0.14599793404340744, 0.1300695687532425, 0.16439646979173025, 0.12743806342283884, 0.12869071712096533, 0.11209295938412349, 0.12220077713330586, 0.10143439844250679, 0.09027674049139023, 0.2203263541062673, 0.11486456543207169, 0.08522793650627136, 0.0866219053665797, 0.19240560879309973, 0.1382781465848287, 0.1330170432726542, 0.09012527267138164, 0.09845412025849025, 0.10900228967269261, 0.10389022280772527, 0.09917061279217403, 0.09465859582026799], "ood_acc": [0.10000000149011612, 0.21800000965595245, 0.26600000262260437, 0.28200000524520874, 0.35500001907348633, 0.36500000953674316, 0.39100003242492676, 0.4010000228881836, 0.4270000159740448, 0.4230000078678131, 0.4150000214576721, 0.42600002884864807, 0.4240000247955322, 0.39400002360343933, 0.42500001192092896, 0.4220000207424164, 0.4180000126361847, 0.41600000858306885, 0.42600002884864807, 0.4270000159740448, 0.4090000092983246, 0.445000022649765, 0.41100001335144043, 0.40800002217292786, 0.4050000309944153, 0.41600000858306885, 0.42900002002716064, 0.4270000159740448, 0.4270000159740448, 0.43400001525878906, 0.4150000214576721, 0.39500001072883606, 0.4020000100135803, 0.4090000092983246, 0.40800002217292786, 0.39500001072883606, 0.40400001406669617, 0.4020000100135803, 0.38600000739097595, 0.4230000078678131, 0.4050000309944153, 0.42900002002716064, 0.4000000059604645, 0.4000000059604645, 0.38600000739097595, 0.39900001883506775, 0.3850000202655792, 0.3760000169277191, 0.398000031709671, 0.398000031709671, 0.38100001215934753], "ood_ce": [2.3157217502593994, 2.1767449378967285, 1.964064121246338, 1.9666922092437744, 2.055050849914551, 2.056459426879883, 2.0565879344940186, 1.9923292398452759, 2.136165142059326, 2.210611343383789, 2.545220375061035, 2.3768649101257324, 2.546938180923462, 2.655024528503418, 2.404452323913574, 2.5546863079071045, 2.4867115020751953, 2.7749340534210205, 2.7092089653015137, 2.5926473140716553, 2.6705336570739746, 2.7796781063079834, 3.0552303791046143, 2.897282361984253, 2.7617650032043457, 2.8999416828155518, 3.112337112426758, 3.0815067291259766, 2.860311508178711, 3.1026530265808105, 3.3487961292266846, 3.380418539047241, 3.168750286102295, 3.0602407455444336, 3.645420789718628, 2.9414336681365967, 3.2451648712158203, 3.4179790019989014, 3.329951286315918, 3.8427300453186035, 3.7114312648773193, 3.5350072383880615, 3.982795238494873, 3.793111801147461, 3.7499990463256836, 3.689704418182373, 4.209181785583496, 3.665998697280884, 4.269620418548584, 4.218073844909668, 4.4649434089660645]}