{"step": [0, 30, 60, 90, 120, 150, 180, 210, 240, 270, 300, 330, 360, 390, 420, 450, 480, 510, 540, 570, 600, 630, 660, 690, 720, 750, 780, 810, 840, 870, 900, 930, 960, 990, 1020, 1050, 1080, 1110, 1140, 1170, 1200, 1230, 1260, 1290, 1320, 1350, 1380, 1410, 1440, 1470, 1499], "train": [2.294736703236898, 2.1264208952585855, 1.789379596710205, 1.443772554397583, 1.111014763514201, 0.8677077690760294, 0.6614596446355184, 0.5386520326137543, 0.4374570349852244, 0.39291754364967346, 0.3392757773399353, 0.30750858783721924, 0.24454399446646372, 0.23607652386029562, 0.227133775750796, 0.20479939629634222, 0.21183361361424127, 0.21266808609167734, 0.16809816161791483, 0.1620692014694214, 0.15056719879309335, 0.17244737098614374, 0.13524558146794638, 0.11277818431456883, 0.15787173310915628, 0.14293953279654184, 0.13417793065309525, 0.10832057893276215, 0.1250832329193751, 0.13961941997210184, 0.3037332221865654, 0.13770057260990143, 0.10216246296962102, 0.09747134273250897, 0.11829263468583424, 0.13105587661266327, 0.09279822433988254, 0.13793465743462244, 0.09071435034275055, 0.12641562397281328, 0.0891335333387057, 0.1297102818886439, 0.1328155572215716, 0.09150708218415578, 0.09299786016345024, 0.09326669884224732, 0.06684646817545097, 0.09182146812478702, 0.0931845319767793, 0.09197161098321278, 0.08662917961676915], "ood_acc": [0.11900000274181366, 0.2160000056028366, 0.26100000739097595, 0.2939999997615814, 0.31300002336502075, 0.36500000953674316, 0.4130000174045563, 0.4010000228881836, 0.406000018119812, 0.4090000092983246, 0.3960000276565552, 0.43300002813339233, 0.42900002002716064, 0.4230000078678131, 0.42900002002716064, 0.41200003027915955, 0.40400001406669617, 0.41200003027915955, 0.4320000112056732, 0.43700000643730164, 0.4320000112056732, 0.4310000240802765, 0.4580000340938568, 0.4610000252723694, 0.4410000145435333, 0.3920000195503235, 0.41600000858306885, 0.4360000193119049, 0.42100003361701965, 0.4020000100135803, 0.4010000228881836, 0.398000031709671, 0.4100000262260437, 0.43300002813339233, 0.4280000329017639, 0.4090000092983246, 0.42500001192092896, 0.4350000321865082, 0.43300002813339233, 0.398000031709671, 0.41100001335144043, 0.4190000295639038, 0.4360000193119049, 0.4100000262260437, 0.40400001406669617, 0.42500001192092896, 0.41600000858306885, 0.4090000092983246, 0.40800002217292786, 0.3920000195503235, 0.42100003361701965], "ood_ce": [2.3005263805389404, 2.213763952255249, 2.063870429992676, 1.9457199573516846, 1.9093247652053833, 1.8019064664840698, 1.8035968542099, 1.8914326429367065, 1.893919587135315, 2.0129177570343018, 2.183439254760742, 2.0130980014801025, 2.1531200408935547, 2.2677907943725586, 2.3762056827545166, 2.390659809112549, 2.6584408283233643, 2.603759765625, 2.622751235961914, 2.5149528980255127, 2.6357150077819824, 2.77559757232666, 2.3399035930633545, 2.6818344593048096, 3.165239095687866, 3.058459520339966, 2.868642568588257, 3.047123432159424, 3.246706962585449, 2.9961960315704346, 2.932610034942627, 2.939267635345459, 3.0085935592651367, 3.003718852996826, 2.7912919521331787, 3.293673515319824, 3.5836756229400635, 3.3955934047698975, 3.495738983154297, 3.3082549571990967, 3.3062081336975098, 3.494380235671997, 3.3607802391052246, 3.2649691104888916, 3.2510716915130615, 3.3143789768218994, 3.800081729888916, 3.7450110912323, 3.728214740753174, 3.661933183670044, 3.757049798965454]}