{"step": [0, 30, 60, 90, 120, 150, 180, 210, 240, 270, 300, 330, 360, 390, 420, 450, 480, 510, 540, 570, 600, 630, 660, 690, 720, 750, 780, 810, 840, 870, 900, 930, 960, 990, 1020, 1050, 1080, 1110, 1140, 1170, 1200, 1230, 1260, 1290, 1320, 1350, 1380, 1410, 1440, 1470, 1499], "train": [2.289719343185425, 2.051084836324056, 1.6630892356236775, 1.357178807258606, 0.9997456073760986, 0.7559536894162496, 0.5820773442586263, 0.49855218331019086, 0.42369285225868225, 0.3893492817878723, 0.3593786805868149, 0.31382354100545246, 0.26411261161168414, 0.23915218810240427, 0.20301485061645508, 0.21514704326788583, 0.22373487055301666, 0.22131199638048807, 0.24596121410528818, 0.17146790027618408, 0.18050975104173025, 0.15790173908074698, 0.20466720561186472, 0.17005801697572073, 0.17008022467295328, 0.12096014618873596, 0.16765446464220682, 0.10598871111869812, 0.12067073583602905, 0.13345270107189813, 0.21815467874209085, 0.12862549473841986, 0.11878783007462819, 0.14237418894966444, 0.10206696142752965, 0.11242391169071198, 0.0926406979560852, 0.14063721895217896, 0.10630107919375102, 0.15121895323197046, 0.14945492148399353, 0.08929672092199326, 0.09982966880003612, 0.11166194081306458, 0.06331985195477803, 0.08573830624421437, 0.1059472585717837, 0.08812732497851054, 0.0878935952981313, 0.108939195672671, 0.14682812988758087], "ood_acc": [0.1120000034570694, 0.24300001561641693, 0.27300000190734863, 0.2980000078678131, 0.3230000138282776, 0.3540000021457672, 0.4000000059604645, 0.39100003242492676, 0.3710000216960907, 0.4130000174045563, 0.4050000309944153, 0.4490000307559967, 0.4230000078678131, 0.43800002336502075, 0.4320000112056732, 0.4180000126361847, 0.41100001335144043, 0.4100000262260437, 0.4090000092983246, 0.41600000858306885, 0.42000001668930054, 0.4540000259876251, 0.4270000159740448, 0.406000018119812, 0.45000001788139343, 0.4390000104904175, 0.4400000274181366, 0.43800002336502075, 0.43400001525878906, 0.43400001525878906, 0.41600000858306885, 0.42500001192092896, 0.42900002002716064, 0.4320000112056732, 0.4390000104904175, 0.4140000343322754, 0.41700002551078796, 0.42100003361701965, 0.43300002813339233, 0.42500001192092896, 0.398000031709671, 0.398000031709671, 0.4190000295639038, 0.4090000092983246, 0.4090000092983246, 0.4050000309944153, 0.3880000114440918, 0.4100000262260437, 0.40700000524520874, 0.406000018119812, 0.3700000047683716], "ood_ce": [2.3007583618164062, 2.165802478790283, 1.996435284614563, 1.9482084512710571, 1.9400560855865479, 1.9662084579467773, 1.9803481101989746, 1.9806658029556274, 2.0793845653533936, 2.1175482273101807, 2.0930252075195312, 2.126751661300659, 2.3082053661346436, 2.190836191177368, 2.2111310958862305, 2.3776891231536865, 2.5475828647613525, 2.7002532482147217, 2.717217206954956, 2.476184844970703, 2.521641254425049, 2.651150703430176, 2.78692364692688, 2.7658450603485107, 2.691833257675171, 2.640960693359375, 2.6830503940582275, 2.870642900466919, 2.9544222354888916, 2.890450954437256, 3.0498108863830566, 3.0346450805664062, 2.8158581256866455, 3.144273519515991, 3.0412235260009766, 3.3305397033691406, 3.4560012817382812, 3.390439510345459, 3.110699415206909, 3.2690248489379883, 3.808054208755493, 3.305522918701172, 3.7760486602783203, 3.412436008453369, 3.2050654888153076, 3.5142791271209717, 3.3009836673736572, 4.108924865722656, 3.7070515155792236, 3.690629243850708, 3.5244197845458984]}