{"step": [0, 30, 60, 90, 120, 150, 180, 210, 240, 270, 300, 330, 360, 390, 420, 450, 480, 510, 540, 570, 600, 630, 660, 690, 720, 750, 780, 810, 840, 870, 900, 930, 960, 990, 1020, 1050, 1080, 1110, 1140, 1170, 1200, 1230, 1260, 1290, 1320, 1350, 1380, 1410, 1440, 1470, 1499], "train": [2.289719343185425, 2.052776495615641, 1.6518091360727947, 1.283575455347697, 0.9810656110445658, 0.740922749042511, 0.6378026902675629, 0.5217630763848623, 0.46687938769658405, 0.4064962863922119, 0.37634655833244324, 0.3400467336177826, 0.29144969085852307, 0.2581292341152827, 0.2429887354373932, 0.23879886170228323, 0.2476688176393509, 0.23231176535288492, 0.22637976706027985, 0.18241829921801886, 0.16966043909390768, 0.2507425546646118, 0.15688840051492056, 0.18817146867513657, 0.15633106231689453, 0.1909332573413849, 0.13574146727720895, 0.14458954334259033, 0.12229928125937779, 0.12540950377782187, 0.10933673878510793, 0.11141207814216614, 0.18865632017453512, 0.11875889450311661, 0.095199520389239, 0.10333158820867538, 0.10424356162548065, 0.15471777319908142, 0.08703448126713435, 0.09785404180486997, 0.13521781315406164, 0.07750928029417992, 0.09027852614720662, 0.09534736226002376, 0.07418825601538022, 0.1132816697160403, 0.09397220611572266, 0.11570638418197632, 0.12408597022294998, 0.09122722099224727, 0.15403651694456735], "ood_acc": [0.1120000034570694, 0.20100000500679016, 0.2840000092983246, 0.2850000262260437, 0.289000004529953, 0.3490000069141388, 0.38700002431869507, 0.39400002360343933, 0.3540000021457672, 0.4270000159740448, 0.4580000340938568, 0.4230000078678131, 0.4050000309944153, 0.42000001668930054, 0.4150000214576721, 0.41700002551078796, 0.43300002813339233, 0.4000000059604645, 0.39500001072883606, 0.4150000214576721, 0.42100003361701965, 0.4240000247955322, 0.4050000309944153, 0.3970000147819519, 0.40700000524520874, 0.43800002336502075, 0.4350000321865082, 0.44300001859664917, 0.42000001668930054, 0.4090000092983246, 0.4090000092983246, 0.4190000295639038, 0.40300002694129944, 0.39100003242492676, 0.4190000295639038, 0.3840000033378601, 0.4220000207424164, 0.4090000092983246, 0.4000000059604645, 0.40300002694129944, 0.4010000228881836, 0.4280000329017639, 0.3960000276565552, 0.39900001883506775, 0.40800002217292786, 0.4190000295639038, 0.4020000100135803, 0.4130000174045563, 0.41100001335144043, 0.4090000092983246, 0.38600000739097595], "ood_ce": [2.3007583618164062, 2.1663646697998047, 1.9915133714675903, 2.007472515106201, 2.082425117492676, 2.0433743000030518, 2.019420862197876, 1.9083707332611084, 2.2602856159210205, 2.0538876056671143, 1.9978374242782593, 2.0302371978759766, 2.226139545440674, 2.202075242996216, 2.2119221687316895, 2.4148619174957275, 2.531836748123169, 2.5616066455841064, 2.7537665367126465, 2.678084373474121, 2.6100730895996094, 2.916196823120117, 2.8059208393096924, 2.823380470275879, 2.910513401031494, 2.786168098449707, 2.493115186691284, 2.9555556774139404, 3.113250732421875, 3.4237101078033447, 3.116344690322876, 3.2053005695343018, 3.6943888664245605, 3.193020820617676, 3.0771355628967285, 3.4266064167022705, 3.3882625102996826, 3.216160535812378, 3.150017499923706, 3.384780168533325, 3.092090129852295, 2.9613423347473145, 3.6262786388397217, 3.1370737552642822, 3.5381369590759277, 3.678622245788574, 3.8105661869049072, 4.551451206207275, 3.749439001083374, 4.063581466674805, 4.0148539543151855]}