{"step": [0, 30, 60, 90, 120, 150, 180, 210, 240, 270, 300, 330, 360, 390, 420, 450, 480, 510, 540, 570, 600, 630, 660, 690, 720, 750, 780, 810, 840, 870, 900, 930, 960, 990, 1020, 1050, 1080, 1110, 1140, 1170, 1200, 1230, 1260, 1290, 1320, 1350, 1380, 1410, 1440, 1470, 1499], "train": [2.2990516821543374, 2.0541069904963174, 1.674639145533244, 1.2633468707402546, 1.0386834939320881, 0.7853189508120219, 0.6335740784804026, 0.5898364782333374, 0.4887782037258148, 0.4238454004128774, 0.3900856177012126, 0.31663736204306286, 0.3242231359084447, 0.3308403541644414, 0.27218957742055255, 0.24491818249225616, 0.21640253563721976, 0.18740267554918924, 0.2195558249950409, 0.22277233997980753, 0.19897860288619995, 0.2444289674361547, 0.2597903807957967, 0.20856654147307077, 0.22365641097227731, 0.17834548900524774, 0.14516706516345343, 0.16480867067972818, 0.16553602615992227, 0.10271969065070152, 0.1832262376944224, 0.15697545806566873, 0.1417621299624443, 0.10103682180245717, 0.12715616325537363, 0.10838717470566432, 0.12369247774283092, 0.08785145978132884, 0.09337281559904416, 0.16641661276419958, 0.11633390188217163, 0.15811018645763397, 0.11791356404622395, 0.12542333950599036, 0.11244212711850803, 0.14317654073238373, 0.1479401265581449, 0.11917445063591003, 0.13379991551240286, 0.09764065593481064, 0.07409683490792911], "ood_acc": [0.10000000149011612, 0.21800000965595245, 0.2600000202655792, 0.2550000250339508, 0.3440000116825104, 0.3530000150203705, 0.3840000033378601, 0.37400001287460327, 0.398000031709671, 0.398000031709671, 0.40800002217292786, 0.4010000228881836, 0.38600000739097595, 0.40300002694129944, 0.4010000228881836, 0.41200003027915955, 0.42100003361701965, 0.3930000066757202, 0.39400002360343933, 0.4150000214576721, 0.40700000524520874, 0.42900002002716064, 0.4090000092983246, 0.39000001549720764, 0.3760000169277191, 0.40400001406669617, 0.41600000858306885, 0.42000001668930054, 0.4140000343322754, 0.3800000250339508, 0.3850000202655792, 0.40400001406669617, 0.3880000114440918, 0.4090000092983246, 0.3700000047683716, 0.39500001072883606, 0.4020000100135803, 0.3970000147819519, 0.4020000100135803, 0.40300002694129944, 0.40300002694129944, 0.3700000047683716, 0.398000031709671, 0.38100001215934753, 0.4270000159740448, 0.40800002217292786, 0.406000018119812, 0.3620000183582306, 0.3830000162124634, 0.39100003242492676, 0.3890000283718109], "ood_ce": [2.3157217502593994, 2.179628849029541, 2.0098190307617188, 2.134579658508301, 2.3167755603790283, 2.134136199951172, 2.159770965576172, 2.1563608646392822, 2.427478790283203, 2.3192968368530273, 2.3696019649505615, 2.49641752243042, 2.729757785797119, 2.6082491874694824, 2.4102683067321777, 2.6177260875701904, 2.6725540161132812, 3.161457061767578, 3.4559617042541504, 3.6594629287719727, 2.7012338638305664, 3.5027835369110107, 3.4819531440734863, 3.4937212467193604, 3.562863826751709, 3.72442889213562, 3.9676389694213867, 3.4460623264312744, 3.1983249187469482, 3.302171468734741, 3.833911657333374, 3.8175065517425537, 3.7361035346984863, 3.528137683868408, 3.485028028488159, 3.5002408027648926, 3.728567361831665, 3.729793071746826, 3.615175247192383, 3.9045424461364746, 4.1590681076049805, 4.206674575805664, 4.117680072784424, 3.6512391567230225, 4.135827541351318, 4.266922473907471, 4.324314594268799, 3.8842413425445557, 3.9648385047912598, 3.3828344345092773, 4.236018657684326]}