{"step": [0, 30, 60, 90, 120, 150, 180, 210, 240, 270, 300, 330, 360, 390, 420, 450, 480, 510, 540, 570, 600, 630, 660, 690, 720, 750, 780, 810, 840, 870, 900, 930, 960, 990, 1020, 1050, 1080, 1110, 1140, 1170, 1200, 1230, 1260, 1290, 1320, 1350, 1380, 1410, 1440, 1470, 1499], "train": [2.3100438912709556, 2.1091553370157876, 1.7095330158869426, 1.367623766263326, 1.0425928235054016, 0.8175172408421835, 0.6181174715360006, 0.5716742078463236, 0.4738412102063497, 0.43451378246148425, 0.390944371620814, 0.322677547732989, 0.33219904204209644, 0.3210395872592926, 0.27609458565711975, 0.28014954427878064, 0.22729105750719705, 0.20600915948549905, 0.1843408743540446, 0.2072085738182068, 0.1894798477490743, 0.19505901634693146, 0.16949667781591415, 0.12698887288570404, 0.1386269355813662, 0.10589423899849255, 0.13951529065767923, 0.112801526983579, 0.11601148794094722, 0.15270685652891794, 0.19804906845092773, 0.15320473412672678, 0.13612839579582214, 0.10293812304735184, 0.10848843057950337, 0.14570312450329462, 0.07914980128407478, 0.10920993238687515, 0.10547255476315816, 0.10419182231028874, 0.08311913907527924, 0.10506035884221394, 0.12125617514053981, 0.14472314218680063, 0.07506309449672699, 0.13087226450443268, 0.090140995879968, 0.12645640720923743, 0.13234222928682962, 0.08555884286761284, 0.07247773185372353], "ood_acc": [0.07500000298023224, 0.23100000619888306, 0.29100000858306885, 0.31200000643730164, 0.3400000035762787, 0.398000031709671, 0.3800000250339508, 0.4140000343322754, 0.42000001668930054, 0.4090000092983246, 0.4050000309944153, 0.4320000112056732, 0.4280000329017639, 0.4310000240802765, 0.44300001859664917, 0.43300002813339233, 0.45100003480911255, 0.4310000240802765, 0.44300001859664917, 0.4280000329017639, 0.4320000112056732, 0.445000022649765, 0.445000022649765, 0.4310000240802765, 0.4490000307559967, 0.4400000274181366, 0.4310000240802765, 0.4490000307559967, 0.4400000274181366, 0.4130000174045563, 0.39900001883506775, 0.39900001883506775, 0.4230000078678131, 0.4440000355243683, 0.42600002884864807, 0.4400000274181366, 0.4440000355243683, 0.445000022649765, 0.43700000643730164, 0.43300002813339233, 0.4310000240802765, 0.4410000145435333, 0.45100003480911255, 0.406000018119812, 0.3960000276565552, 0.40300002694129944, 0.4020000100135803, 0.4350000321865082, 0.4140000343322754, 0.42600002884864807, 0.4280000329017639], "ood_ce": [2.309131383895874, 2.1802332401275635, 1.9669445753097534, 1.8655555248260498, 1.8798935413360596, 1.8016011714935303, 2.1855928897857666, 1.9903953075408936, 1.9889169931411743, 2.1886658668518066, 2.2004873752593994, 2.33610463142395, 2.2692835330963135, 2.522786855697632, 2.5902886390686035, 2.323704719543457, 2.541752815246582, 2.6980886459350586, 2.844846248626709, 2.780937433242798, 2.7223589420318604, 2.7162024974823, 2.4180948734283447, 2.8662452697753906, 3.0035576820373535, 2.7859740257263184, 3.085463047027588, 2.8933515548706055, 3.239541530609131, 3.3659372329711914, 3.20428204536438, 3.1400887966156006, 2.7999706268310547, 2.824737787246704, 3.06262469291687, 3.128178596496582, 3.084506034851074, 3.107724666595459, 3.6349308490753174, 3.293149471282959, 3.2872207164764404, 3.225480794906616, 3.2606163024902344, 3.4801762104034424, 3.5641515254974365, 3.704850912094116, 3.633054256439209, 3.616659164428711, 3.5038821697235107, 3.454967737197876, 3.256899118423462]}