{"step": [0, 30, 60, 90, 120, 150, 180, 210, 240, 270, 300, 330, 360, 390, 420, 450, 480, 510, 540, 570, 600, 630, 660, 690, 720, 750, 780, 810, 840, 870, 900, 930, 960, 990, 1020, 1050, 1080, 1110, 1140, 1170, 1200, 1230, 1260, 1290, 1320, 1350, 1380, 1410, 1440, 1470, 1499], "train": [2.289719343185425, 2.0592735608418784, 1.6781622966130574, 1.2961233059565227, 0.997557004292806, 0.7644073963165283, 0.6806392868359884, 0.5319661100705465, 0.4730369647343953, 0.3987729052702586, 0.39712680379549664, 0.3503869374593099, 0.32756266991297406, 0.27663518985112506, 0.23679070671399435, 0.3475215931733449, 0.22142824033896127, 0.2734642028808594, 0.22186434268951416, 0.20041698217391968, 0.1772450382510821, 0.176915613313516, 0.19538444777329764, 0.17956789582967758, 0.1430616776148478, 0.1668331374724706, 0.1679631918668747, 0.15655021369457245, 0.12276980032523473, 0.10102596879005432, 0.12846898039182028, 0.10491828123728435, 0.10955642412106197, 0.11820107201735179, 0.08285255978504817, 0.13618489603201547, 0.19694489240646362, 0.1013025591770808, 0.10125237951676051, 0.07624353468418121, 0.11652639508247375, 0.10031507660945256, 0.13968359430631003, 0.16065638760725656, 0.08690903584162395, 0.1016521876056989, 0.09531581153472264, 0.15251903235912323, 0.07003111268083255, 0.12525558968385062, 0.16283162931601206], "ood_acc": [0.1120000034570694, 0.18800000846385956, 0.28600001335144043, 0.27800002694129944, 0.29200002551078796, 0.3410000205039978, 0.38600000739097595, 0.3880000114440918, 0.3490000069141388, 0.42000001668930054, 0.44200003147125244, 0.42000001668930054, 0.4220000207424164, 0.42000001668930054, 0.4130000174045563, 0.4280000329017639, 0.43400001525878906, 0.398000031709671, 0.3850000202655792, 0.43400001525878906, 0.44600000977516174, 0.44200003147125244, 0.41200003027915955, 0.38700002431869507, 0.4400000274181366, 0.4320000112056732, 0.4400000274181366, 0.4230000078678131, 0.40800002217292786, 0.41600000858306885, 0.4010000228881836, 0.4090000092983246, 0.4000000059604645, 0.42100003361701965, 0.4140000343322754, 0.42900002002716064, 0.4100000262260437, 0.4020000100135803, 0.3700000047683716, 0.4280000329017639, 0.38700002431869507, 0.38600000739097595, 0.3880000114440918, 0.42100003361701965, 0.4090000092983246, 0.4090000092983246, 0.4100000262260437, 0.38700002431869507, 0.3790000081062317, 0.398000031709671, 0.367000013589859], "ood_ce": [2.3007583618164062, 2.16937518119812, 1.9934643507003784, 2.056370496749878, 2.180389881134033, 2.1243937015533447, 2.0976314544677734, 1.884531021118164, 2.305086612701416, 2.0923545360565186, 2.053396701812744, 2.302798271179199, 2.24945068359375, 2.5194263458251953, 2.4145431518554688, 2.5448172092437744, 2.483762502670288, 2.8093700408935547, 2.5748984813690186, 2.6044650077819824, 2.5574240684509277, 2.7840044498443604, 2.5054056644439697, 2.6034295558929443, 2.97749662399292, 2.9488258361816406, 2.7858941555023193, 3.1386470794677734, 3.1209514141082764, 3.223390579223633, 3.5745835304260254, 3.5628268718719482, 3.358412742614746, 3.123344898223877, 3.266028881072998, 3.5667521953582764, 3.256119728088379, 3.4083144664764404, 3.2280240058898926, 3.08315372467041, 3.530036687850952, 3.009654998779297, 3.5259602069854736, 3.3865268230438232, 3.4345383644104004, 3.5120739936828613, 3.727241039276123, 3.9346542358398438, 3.690748453140259, 3.648014783859253, 3.4268813133239746]}