{"step": [0, 30, 60, 90, 120, 150, 180, 210, 240, 270, 300, 330, 360, 390, 420, 450, 480, 510, 540, 570, 600, 630, 660, 690, 720, 750, 780, 810, 840, 870, 900, 930, 960, 990, 1020, 1050, 1080, 1110, 1140, 1170, 1200, 1230, 1260, 1290, 1320, 1350, 1380, 1410, 1440, 1470, 1499], "train": [2.2990516821543374, 2.0546884139378867, 1.6597803831100464, 1.354896863301595, 1.033959945042928, 0.7699396014213562, 0.6191016336282095, 0.5079723397890726, 0.4563211997350057, 0.3717384785413742, 0.33301033079624176, 0.27301762501398724, 0.2806938687960307, 0.2755824526151021, 0.2441598797837893, 0.24248821785052618, 0.20148816208044687, 0.1929686889052391, 0.16333224127689996, 0.14427105585734049, 0.15042570978403091, 0.14737937599420547, 0.14057366053263345, 0.14558546245098114, 0.15230592836936316, 0.12153542786836624, 0.1057342067360878, 0.25923869510491687, 0.1379323204358419, 0.10306284328301747, 0.12378414223591487, 0.10350788136323293, 0.10190561165412267, 0.12686632325251898, 0.0942262274523576, 0.12109110752741496, 0.09044941266377766, 0.09421658640106519, 0.10800221562385559, 0.12116089711586635, 0.09580833589037259, 0.08677394688129425, 0.10006188601255417, 0.08216045051813126, 0.12220468868811925, 0.10246756921211879, 0.11370477825403214, 0.11574739962816238, 0.11929810295502345, 0.0834598954146107, 0.09712686265508334], "ood_acc": [0.10000000149011612, 0.21000000834465027, 0.25200000405311584, 0.27400001883506775, 0.36000001430511475, 0.38700002431869507, 0.3970000147819519, 0.3960000276565552, 0.4280000329017639, 0.41200003027915955, 0.43400001525878906, 0.42100003361701965, 0.4240000247955322, 0.42100003361701965, 0.4100000262260437, 0.4350000321865082, 0.453000009059906, 0.43300002813339233, 0.43400001525878906, 0.42500001192092896, 0.4440000355243683, 0.4270000159740448, 0.40700000524520874, 0.4230000078678131, 0.4400000274181366, 0.4270000159740448, 0.4480000138282776, 0.4270000159740448, 0.4220000207424164, 0.4090000092983246, 0.43800002336502075, 0.39000001549720764, 0.40700000524520874, 0.41600000858306885, 0.39500001072883606, 0.4150000214576721, 0.4400000274181366, 0.4220000207424164, 0.42100003361701965, 0.4310000240802765, 0.4150000214576721, 0.41700002551078796, 0.4050000309944153, 0.43400001525878906, 0.41600000858306885, 0.4270000159740448, 0.40800002217292786, 0.406000018119812, 0.40700000524520874, 0.39100003242492676, 0.4090000092983246], "ood_ce": [2.3157217502593994, 2.186677932739258, 2.0071418285369873, 1.9364755153656006, 1.9360593557357788, 1.917898178100586, 1.8588776588439941, 1.9200122356414795, 2.012502908706665, 2.0290422439575195, 2.253037691116333, 2.32492995262146, 2.5151398181915283, 2.429765462875366, 2.454458713531494, 2.464008331298828, 2.522296667098999, 2.536065101623535, 2.3593554496765137, 2.636807680130005, 2.724959373474121, 2.88415265083313, 2.912275552749634, 3.149472236633301, 3.019303560256958, 2.7853753566741943, 2.808717727661133, 2.8486063480377197, 2.9935660362243652, 3.0126633644104004, 2.9817750453948975, 2.8926429748535156, 3.0867738723754883, 3.0617172718048096, 3.1519744396209717, 3.348877429962158, 3.489306926727295, 3.455800771713257, 3.8552024364471436, 3.653775930404663, 3.4942338466644287, 3.6812198162078857, 3.896022081375122, 3.1676082611083984, 3.10715389251709, 3.0169968605041504, 3.259491205215454, 3.6090776920318604, 3.8806259632110596, 3.815614938735962, 3.4241628646850586]}