{"step": [0, 30, 60, 90, 120, 150, 180, 210, 240, 270, 300, 330, 360, 390, 420, 450, 480, 510, 540, 570, 600, 630, 660, 690, 720, 750, 780, 810, 840, 870, 900, 930, 960, 990, 1020, 1050, 1080, 1110, 1140, 1170, 1200, 1230, 1260, 1290, 1320, 1350, 1380, 1410, 1440, 1470, 1499], "train": [2.2955477237701416, 2.0408020416895547, 1.5932518243789673, 1.2226483424504597, 0.9362789392471313, 0.7644426623980204, 0.6047293941179911, 0.5047125915686289, 0.4273006121317546, 0.35827940702438354, 0.3360402037700017, 0.3127920975287755, 0.3117471436659495, 0.27013257145881653, 0.22805240750312805, 0.2235717475414276, 0.21709448347489038, 0.17707120130459467, 0.18906042476495108, 0.24883794784545898, 0.14590667933225632, 0.22703691323598227, 0.1341534505287806, 0.12860430032014847, 0.12850883851448694, 0.1410250961780548, 0.192814439535141, 0.1310496305425962, 0.12478353331486385, 0.12362042566140492, 0.11672284950812657, 0.15016473829746246, 0.14680505047241846, 0.12307234356800716, 0.08895035088062286, 0.12232375890016556, 0.11242123941580455, 0.11489664514859517, 0.1008600319425265, 0.11777700980504353, 0.10647874077161153, 0.09222149848937988, 0.1095767542719841, 0.09282691031694412, 0.08329442640145619, 0.13576203087965646, 0.3345044006903966, 0.18582003563642502, 0.13853851954142252, 0.09711567312479019, 0.11181968947251637], "ood_acc": [0.08700000494718552, 0.23900000751018524, 0.27800002694129944, 0.28300002217292786, 0.3460000157356262, 0.3580000102519989, 0.3570000231266022, 0.3880000114440918, 0.3680000305175781, 0.39900001883506775, 0.39900001883506775, 0.4010000228881836, 0.3930000066757202, 0.40700000524520874, 0.38600000739097595, 0.39500001072883606, 0.42600002884864807, 0.39400002360343933, 0.39100003242492676, 0.4130000174045563, 0.39400002360343933, 0.4130000174045563, 0.3880000114440918, 0.40300002694129944, 0.4240000247955322, 0.3970000147819519, 0.4130000174045563, 0.42100003361701965, 0.4180000126361847, 0.42000001668930054, 0.42100003361701965, 0.40300002694129944, 0.39400002360343933, 0.41200003027915955, 0.3920000195503235, 0.40300002694129944, 0.3920000195503235, 0.40700000524520874, 0.3760000169277191, 0.41600000858306885, 0.4090000092983246, 0.39000001549720764, 0.38700002431869507, 0.37300002574920654, 0.39500001072883606, 0.3920000195503235, 0.3750000298023224, 0.3720000088214874, 0.40300002694129944, 0.4020000100135803, 0.3930000066757202], "ood_ce": [2.309570789337158, 2.1693708896636963, 1.9614530801773071, 1.9336811304092407, 1.9684337377548218, 2.1431498527526855, 2.1876025199890137, 2.1295735836029053, 2.3053407669067383, 2.227414608001709, 2.427826166152954, 2.577242374420166, 2.8053205013275146, 2.493839740753174, 2.8638172149658203, 2.7827014923095703, 2.6573848724365234, 2.7950353622436523, 2.874500036239624, 2.6973776817321777, 2.8933374881744385, 3.0807511806488037, 3.2338013648986816, 3.3155386447906494, 3.114210367202759, 3.491854667663574, 3.4689478874206543, 2.9978678226470947, 3.234687089920044, 3.504497766494751, 3.5567286014556885, 3.288908004760742, 3.0616438388824463, 3.177750587463379, 3.411006450653076, 3.661411762237549, 3.714752435684204, 4.080856800079346, 3.899665355682373, 4.029785633087158, 3.5961227416992188, 3.8531429767608643, 3.645770311355591, 3.3512046337127686, 3.275630474090576, 3.54915714263916, 4.103596210479736, 3.380368709564209, 3.112900733947754, 3.713841438293457, 4.301905632019043]}