{"step": [0, 30, 60, 90, 120, 150, 180, 210, 240, 270, 300, 330, 360, 390, 420, 450, 480, 510, 540, 570, 600, 630, 660, 690, 720, 750, 780, 810, 840, 870, 900, 930, 960, 990, 1020, 1050, 1080, 1110, 1140, 1170, 1200, 1230, 1260, 1290, 1320, 1350, 1380, 1410, 1440, 1470, 1499], "train": [2.3100438912709556, 2.115219751993815, 1.7539998292922974, 1.3381764888763428, 1.0067079464594524, 0.8143196304639181, 0.6777741014957428, 0.6063921948273977, 0.485647718111674, 0.47015713651974994, 0.3875718116760254, 0.3700849215189616, 0.34468955794970196, 0.32970822354157764, 0.29338186979293823, 0.23725250860055289, 0.28291066984335583, 0.23859164118766785, 0.2047523409128189, 0.20609861612319946, 0.16758199036121368, 0.1593006799618403, 0.1545994927485784, 0.17903120319048563, 0.1644497513771057, 0.2065014193455378, 0.17232336600621542, 0.12767007698615393, 0.1560137818257014, 0.12606332451105118, 0.1299804076552391, 0.14294161895910898, 0.14477422585090002, 0.11514340092738469, 0.13311351835727692, 0.10256185134251912, 0.13819140692551932, 0.13134284069140753, 0.1450273593266805, 0.12962754319111505, 0.10388189554214478, 0.10401774197816849, 0.1118329366048177, 0.10785909617940585, 0.10268404334783554, 0.16986760993798575, 0.0949606920282046, 0.10105346888303757, 0.10176653166611989, 0.08940456807613373, 0.06206154823303223], "ood_acc": [0.07500000298023224, 0.23500001430511475, 0.2770000100135803, 0.2580000162124634, 0.29500001668930054, 0.36100003123283386, 0.35600000619888306, 0.3890000283718109, 0.4000000059604645, 0.3830000162124634, 0.41200003027915955, 0.4100000262260437, 0.40800002217292786, 0.4740000367164612, 0.4230000078678131, 0.42900002002716064, 0.4520000219345093, 0.40400001406669617, 0.44300001859664917, 0.4240000247955322, 0.42000001668930054, 0.42100003361701965, 0.41200003027915955, 0.4000000059604645, 0.4480000138282776, 0.4220000207424164, 0.44300001859664917, 0.42000001668930054, 0.44200003147125244, 0.43700000643730164, 0.4610000252723694, 0.4410000145435333, 0.453000009059906, 0.45900002121925354, 0.4480000138282776, 0.4270000159740448, 0.4390000104904175, 0.4390000104904175, 0.45100003480911255, 0.45000001788139343, 0.41200003027915955, 0.43300002813339233, 0.4320000112056732, 0.43300002813339233, 0.42600002884864807, 0.44600000977516174, 0.42100003361701965, 0.4490000307559967, 0.43300002813339233, 0.43400001525878906, 0.41200003027915955], "ood_ce": [2.309131383895874, 2.1767468452453613, 1.9608978033065796, 2.028028964996338, 2.193709135055542, 2.0791964530944824, 2.318350076675415, 2.081472635269165, 2.0513200759887695, 2.2489306926727295, 2.262838363647461, 2.2998533248901367, 2.3940300941467285, 2.246492385864258, 2.514972448348999, 2.284914255142212, 2.840873956680298, 2.731518268585205, 2.578195571899414, 2.6555864810943604, 2.7002792358398438, 2.906888723373413, 2.8998796939849854, 2.8602585792541504, 2.542259931564331, 2.976545572280884, 2.9571008682250977, 3.1194989681243896, 3.2358217239379883, 3.1657943725585938, 3.1113271713256836, 2.851365566253662, 2.835289716720581, 3.21630859375, 3.44797945022583, 3.26820707321167, 3.412137508392334, 3.6046292781829834, 3.633880853652954, 3.127627372741699, 3.1402008533477783, 3.2939443588256836, 3.1620824337005615, 2.980772018432617, 3.246560573577881, 3.173548936843872, 3.121201992034912, 3.3040904998779297, 3.3905844688415527, 3.421555280685425, 3.720552921295166]}