{"step": [0, 30, 60, 90, 120, 150, 180, 210, 240, 270, 300, 330, 360, 390, 420, 450, 480, 510, 540, 570, 600, 630, 660, 690, 720, 750, 780, 810, 840, 870, 900, 930, 960, 990, 1020, 1050, 1080, 1110, 1140, 1170, 1200, 1230, 1260, 1290, 1320, 1350, 1380, 1410, 1440, 1470, 1499], "train": [2.2955477237701416, 2.041118303934733, 1.6716631253560383, 1.3341411749521892, 0.9596654772758484, 0.7692527373631796, 0.6098928054173788, 0.5223860840002695, 0.44430498282114667, 0.36755427718162537, 0.3385067731142044, 0.28115321695804596, 0.3096625755230586, 0.28524384399255115, 0.2403204987446467, 0.22853263467550278, 0.22618232667446136, 0.18843852976957956, 0.2302958220243454, 0.21612307926019034, 0.1557156244913737, 0.1624721959233284, 0.14450147996346155, 0.1533109446366628, 0.1258228992422422, 0.13828410704930624, 0.11151674389839172, 0.14158246914545694, 0.14491146802902222, 0.1301133135954539, 0.13187178472677866, 0.10064692050218582, 0.10102377086877823, 0.11274239048361778, 0.12496069570382436, 0.1721370816230774, 0.12228959426283836, 0.12937971949577332, 0.1419032464424769, 0.1526256427168846, 0.12056261549393336, 0.12097381800413132, 0.23577136298020682, 0.12950168053309122, 0.1096185917655627, 0.09592116251587868, 0.14166957885026932, 0.13604031999905905, 0.07306625321507454, 0.08789379894733429, 0.11776420970757802], "ood_acc": [0.08700000494718552, 0.23100000619888306, 0.2970000207424164, 0.31200000643730164, 0.3400000035762787, 0.33500000834465027, 0.34300002455711365, 0.3930000066757202, 0.37300002574920654, 0.39400002360343933, 0.37400001287460327, 0.3760000169277191, 0.38600000739097595, 0.41200003027915955, 0.39500001072883606, 0.3800000250339508, 0.4240000247955322, 0.4240000247955322, 0.398000031709671, 0.406000018119812, 0.4100000262260437, 0.4130000174045563, 0.4150000214576721, 0.40700000524520874, 0.4090000092983246, 0.40300002694129944, 0.4130000174045563, 0.3880000114440918, 0.4010000228881836, 0.35600000619888306, 0.3790000081062317, 0.38700002431869507, 0.4010000228881836, 0.4100000262260437, 0.39900001883506775, 0.3960000276565552, 0.4090000092983246, 0.3970000147819519, 0.36100003123283386, 0.36000001430511475, 0.37700000405311584, 0.39000001549720764, 0.4010000228881836, 0.3840000033378601, 0.37800002098083496, 0.3750000298023224, 0.3760000169277191, 0.3830000162124634, 0.40800002217292786, 0.36100003123283386, 0.3890000283718109], "ood_ce": [2.309570789337158, 2.1671931743621826, 1.9598243236541748, 1.928091049194336, 2.0019731521606445, 2.2228100299835205, 2.211404323577881, 2.092040777206421, 2.199777841567993, 2.1721508502960205, 2.6179535388946533, 2.6689345836639404, 2.6864733695983887, 2.4571688175201416, 2.5805487632751465, 2.870128870010376, 2.5389888286590576, 2.4933085441589355, 2.8141837120056152, 2.781114339828491, 2.7155165672302246, 2.971513271331787, 2.842017650604248, 3.0534491539001465, 2.8218793869018555, 3.1477246284484863, 3.1656363010406494, 3.3268556594848633, 3.224015235900879, 3.5987677574157715, 3.066987991333008, 3.2482552528381348, 3.687054395675659, 3.8192296028137207, 3.7164628505706787, 3.6965105533599854, 3.3601765632629395, 3.781696081161499, 4.211906433105469, 3.6240322589874268, 3.522315502166748, 3.881671667098999, 3.936450481414795, 3.9262545108795166, 3.8378095626831055, 4.122691631317139, 4.206915378570557, 3.8716881275177, 3.825373888015747, 4.181138038635254, 4.444175720214844]}