{"step": [0, 30, 60, 90, 120, 150, 180, 210, 240, 270, 300, 330, 360, 390, 420, 450, 480, 510, 540, 570, 600, 630, 660, 690, 720, 750, 780, 810, 840, 870, 900, 930, 960, 990, 1020, 1050, 1080, 1110, 1140, 1170, 1200, 1230, 1260, 1290, 1320, 1350, 1380, 1410, 1440, 1470, 1499], "train": [2.309722582499186, 2.1542179584503174, 1.7841795285542805, 1.3483230670293171, 1.033913751443227, 0.8352556824684143, 0.657707542181015, 0.5586822430292765, 0.47075892488161725, 0.3996897339820862, 0.37019823988278705, 0.3171211779117584, 0.2703850169976552, 0.3000444372495015, 0.2368598779042562, 0.2059682955344518, 0.22738862037658691, 0.18017913897832236, 0.17858965198198953, 0.1689076373974482, 0.20490691562493643, 0.14406874279181162, 0.15586837381124496, 0.1409003958106041, 0.161352368692557, 0.12047224243481953, 0.1419479971130689, 0.11773385107517242, 0.11880182474851608, 0.1438550924261411, 0.12953019390503565, 0.15090711414813995, 0.10917983949184418, 0.095167292902867, 0.3808281719684601, 0.2443204919497172, 0.12265807886918385, 0.14148829877376556, 0.12467605123917262, 0.09426431357860565, 0.08622858673334122, 0.09341141954064369, 0.10094353059927623, 0.29020510117212933, 0.1981669763724009, 0.17964869985977808, 0.13922237108151117, 0.1487316091855367, 0.08179498960574468, 0.08510880917310715, 0.10890832046667735], "ood_acc": [0.11000000685453415, 0.2200000137090683, 0.2760000228881836, 0.2680000066757202, 0.25699999928474426, 0.32100000977516174, 0.3460000157356262, 0.3800000250339508, 0.3920000195503235, 0.3750000298023224, 0.3930000066757202, 0.39400002360343933, 0.41200003027915955, 0.4350000321865082, 0.3970000147819519, 0.3920000195503235, 0.43400001525878906, 0.41200003027915955, 0.4150000214576721, 0.4010000228881836, 0.41600000858306885, 0.40700000524520874, 0.3720000088214874, 0.4050000309944153, 0.3890000283718109, 0.4140000343322754, 0.41700002551078796, 0.4010000228881836, 0.4320000112056732, 0.398000031709671, 0.3930000066757202, 0.40700000524520874, 0.3790000081062317, 0.3790000081062317, 0.4140000343322754, 0.40800002217292786, 0.37400001287460327, 0.4300000071525574, 0.4020000100135803, 0.38700002431869507, 0.3720000088214874, 0.4050000309944153, 0.4050000309944153, 0.3960000276565552, 0.3450000286102295, 0.4270000159740448, 0.4050000309944153, 0.42100003361701965, 0.406000018119812, 0.41600000858306885, 0.38600000739097595], "ood_ce": [2.3041341304779053, 2.2199342250823975, 2.0324501991271973, 2.013338088989258, 2.3986828327178955, 2.184372901916504, 2.338520050048828, 2.043717622756958, 2.179823398590088, 2.2822208404541016, 2.1418306827545166, 2.3519933223724365, 2.333768844604492, 2.548074960708618, 2.5699825286865234, 2.3956522941589355, 2.3242671489715576, 2.6477713584899902, 2.719329357147217, 2.7288262844085693, 2.8888423442840576, 2.774437665939331, 2.748556613922119, 2.758753776550293, 2.726311206817627, 2.552344799041748, 3.088608503341675, 2.69808030128479, 2.6483993530273438, 3.389615297317505, 2.8965117931365967, 2.9200034141540527, 2.9989566802978516, 3.8124499320983887, 3.675612211227417, 3.4038422107696533, 3.346402406692505, 3.2356245517730713, 3.7576847076416016, 3.3077962398529053, 3.3859922885894775, 3.4920690059661865, 3.983762502670288, 3.9998855590820312, 3.7872097492218018, 3.4518885612487793, 3.510909080505371, 3.4771676063537598, 3.57476806640625, 3.4788475036621094, 3.8127875328063965]}