{"step": [0, 30, 60, 90, 120, 150, 180, 210, 240, 270, 300, 330, 360, 390, 420, 450, 480, 510, 540, 570, 600, 630, 660, 690, 720, 750, 780, 810, 840, 870, 900, 930, 960, 990, 1020, 1050, 1080, 1110, 1140, 1170, 1200, 1230, 1260, 1290, 1320, 1350, 1380, 1410, 1440, 1470, 1499], "train": [2.2955477237701416, 2.054077982902527, 1.632936676343282, 1.2065198222796123, 0.9394421577453613, 0.8230714996655782, 0.6585483551025391, 0.5465415318806967, 0.47783390680948895, 0.4121267298857371, 0.3212840308745702, 0.32192301253477734, 0.2883654683828354, 0.28418677548567456, 0.24613742033640543, 0.2318859746058782, 0.26460463802019757, 0.23100876808166504, 0.20436378320058188, 0.2048837294181188, 0.14146329710880914, 0.144777978459994, 0.17803976436456045, 0.15945292760928473, 0.12621160099903742, 0.13268441458543143, 0.14783473561207452, 0.14033202330271402, 0.11066730320453644, 0.13001945614814758, 0.11197007944186528, 0.13204597681760788, 0.07767834638555844, 0.11753937850395839, 0.0964760109782219, 0.10882674405972163, 0.14592034369707108, 0.1388334259390831, 0.11081409454345703, 0.12551330278317133, 0.13169358174006143, 0.17841733992099762, 0.12727106362581253, 0.10145021726687749, 0.4852898642420769, 0.5028978834549586, 0.15766379237174988, 0.0895800565679868, 0.09800514578819275, 0.09321797142426173, 0.12986789643764496], "ood_acc": [0.08700000494718552, 0.22500000894069672, 0.24800001084804535, 0.25600001215934753, 0.320000022649765, 0.3230000138282776, 0.3240000009536743, 0.37400001287460327, 0.3720000088214874, 0.4050000309944153, 0.3760000169277191, 0.40800002217292786, 0.40300002694129944, 0.406000018119812, 0.3920000195503235, 0.3880000114440918, 0.42000001668930054, 0.40700000524520874, 0.3850000202655792, 0.39100003242492676, 0.40300002694129944, 0.4010000228881836, 0.4090000092983246, 0.3920000195503235, 0.3930000066757202, 0.3890000283718109, 0.3850000202655792, 0.42000001668930054, 0.41200003027915955, 0.41700002551078796, 0.3930000066757202, 0.39100003242492676, 0.38100001215934753, 0.3840000033378601, 0.37400001287460327, 0.38700002431869507, 0.35500001907348633, 0.3830000162124634, 0.3960000276565552, 0.3680000305175781, 0.3410000205039978, 0.36000001430511475, 0.3710000216960907, 0.3830000162124634, 0.3830000162124634, 0.3530000150203705, 0.34700000286102295, 0.3830000162124634, 0.3620000183582306, 0.3840000033378601, 0.367000013589859], "ood_ce": [2.309570789337158, 2.1769206523895264, 1.9996551275253296, 2.0872957706451416, 2.2022032737731934, 2.3693459033966064, 2.3265380859375, 2.1813111305236816, 2.3222222328186035, 2.1858036518096924, 2.568251371383667, 2.6409807205200195, 2.570446252822876, 2.472968101501465, 2.758726119995117, 2.8956620693206787, 2.6521313190460205, 2.4355132579803467, 2.9741647243499756, 2.956772804260254, 2.8060450553894043, 2.834322452545166, 2.923161268234253, 3.148913621902466, 3.0264265537261963, 3.2123889923095703, 3.1023170948028564, 2.988071918487549, 2.7719788551330566, 3.1191177368164062, 3.4210879802703857, 3.608715295791626, 3.261786937713623, 3.6370794773101807, 3.804548501968384, 4.140338897705078, 3.9951021671295166, 3.4355475902557373, 3.5055558681488037, 3.6625704765319824, 3.90771746635437, 3.9598803520202637, 3.868210792541504, 4.077329158782959, 4.558043956756592, 4.4939866065979, 3.8641796112060547, 3.648695945739746, 3.6967105865478516, 3.6121578216552734, 3.7965126037597656]}