{"step": [0, 30, 60, 90, 120, 150, 180, 210, 240, 270, 300, 330, 360, 390, 420, 450, 480, 510, 540, 570, 600, 630, 660, 690, 720, 750, 780, 810, 840, 870, 900, 930, 960, 990, 1020, 1050, 1080, 1110, 1140, 1170, 1200, 1230, 1260, 1290, 1320, 1350, 1380, 1410, 1440, 1470, 1499], "train": [2.289719343185425, 2.0491981506347656, 1.6535281737645466, 1.2750312487284343, 0.9593701759974161, 0.7356188893318176, 0.6326829691727957, 0.5127374033133189, 0.4339864253997803, 0.4182696044445038, 0.3596625477075577, 0.3240337073802948, 0.31590836743513745, 0.2389958401521047, 0.22748967508474985, 0.2191840410232544, 0.28359166781107586, 0.19559394071499506, 0.16763375947872797, 0.18076657503843307, 0.15506335347890854, 0.2924257616202037, 0.16177358229955038, 0.14129531880219778, 0.15888912230730057, 0.18689141670862833, 0.1874764213959376, 0.10574069867531459, 0.10748557994763057, 0.09031612426042557, 0.1187549705306689, 0.2650365432103475, 0.09980424493551254, 0.11087589710950851, 0.11641739308834076, 0.13932653019825617, 0.15635822216669717, 0.1250942349433899, 0.08631065984567006, 0.12754851331313452, 0.12152563035488129, 0.10904070983330409, 0.09161068747440974, 0.10039127618074417, 0.12196971476078033, 0.10811628152926762, 0.11535713324944179, 0.09550237407286961, 0.08010967448353767, 0.08166183779637019, 0.09413509940107663], "ood_acc": [0.1120000034570694, 0.203000009059906, 0.30000001192092896, 0.29200002551078796, 0.30300000309944153, 0.34200000762939453, 0.37800002098083496, 0.36500000953674316, 0.36000001430511475, 0.406000018119812, 0.42000001668930054, 0.4230000078678131, 0.41200003027915955, 0.42000001668930054, 0.43700000643730164, 0.4130000174045563, 0.42000001668930054, 0.4140000343322754, 0.40400001406669617, 0.4240000247955322, 0.45600003004074097, 0.4350000321865082, 0.42000001668930054, 0.41700002551078796, 0.4150000214576721, 0.42100003361701965, 0.4220000207424164, 0.4240000247955322, 0.4020000100135803, 0.41200003027915955, 0.406000018119812, 0.3850000202655792, 0.4240000247955322, 0.39900001883506775, 0.4050000309944153, 0.4300000071525574, 0.4150000214576721, 0.4190000295639038, 0.42500001192092896, 0.42100003361701965, 0.406000018119812, 0.4150000214576721, 0.4130000174045563, 0.39100003242492676, 0.42100003361701965, 0.3880000114440918, 0.3970000147819519, 0.4010000228881836, 0.4150000214576721, 0.39500001072883606, 0.38700002431869507], "ood_ce": [2.3007583618164062, 2.1647276878356934, 1.9811288118362427, 2.067060947418213, 2.1851775646209717, 2.1582911014556885, 2.1031150817871094, 2.0660157203674316, 2.2265207767486572, 2.177483320236206, 2.1348066329956055, 2.2629175186157227, 2.3164100646972656, 2.2047884464263916, 2.2761142253875732, 2.449085235595703, 2.8203558921813965, 2.6817989349365234, 2.800567388534546, 2.697164535522461, 2.590552568435669, 2.590935707092285, 2.8656506538391113, 3.07486629486084, 3.2446253299713135, 3.2035088539123535, 3.047940254211426, 3.0110177993774414, 3.14021635055542, 3.1791269779205322, 3.3298373222351074, 3.3928964138031006, 2.839271306991577, 3.4214396476745605, 4.297525882720947, 4.388586044311523, 3.1744155883789062, 2.8525142669677734, 3.1319024562835693, 3.193058490753174, 3.6691415309906006, 3.3748767375946045, 4.072407245635986, 3.676673173904419, 4.207623481750488, 4.284687042236328, 3.7537319660186768, 3.5834498405456543, 3.802532911300659, 3.8740696907043457, 3.5944645404815674]}