{"step": [0, 30, 60, 90, 120, 150, 180, 210, 240, 270, 300, 330, 360, 390, 420, 450, 480, 510, 540, 570, 600, 630, 660, 690, 720, 750, 780, 810, 840, 870, 900, 930, 960, 990, 1020, 1050, 1080, 1110, 1140, 1170, 1200, 1230, 1260, 1290, 1320, 1350, 1380, 1410, 1440, 1470, 1499], "train": [2.289719343185425, 2.0522026220957437, 1.6517912944157918, 1.3489465713500977, 0.9925798177719116, 0.7772283752759298, 0.6102372407913208, 0.5191912055015564, 0.43294012546539307, 0.3808411608139674, 0.3319260776042938, 0.3220876157283783, 0.2632715255022049, 0.2611386130253474, 0.22968889772891998, 0.2575031916300456, 0.23972454170385996, 0.19492389261722565, 0.222092072168986, 0.1543871263662974, 0.15940463046232858, 0.16018100579579672, 0.13754351685444513, 0.15048085153102875, 0.16003641486167908, 0.1379984195033709, 0.19168480237325033, 0.13558669884999594, 0.13111225267251334, 0.130229023595651, 0.09602721283833186, 0.09690585484107335, 0.14366995046536127, 0.13838856915632883, 0.1136804719765981, 0.16393897930781046, 0.12897435575723648, 0.15386666357517242, 0.11483832945426305, 0.13036350657542548, 0.12754774590333304, 0.11180612693230312, 0.1305518870552381, 0.0789703627427419, 0.08989446361859639, 0.0912106695274512, 0.08881905674934387, 0.07795838577051957, 0.10606461763381958, 0.12636901686588922, 0.1878392348686854], "ood_acc": [0.1120000034570694, 0.24400001764297485, 0.27300000190734863, 0.30300000309944153, 0.3160000145435333, 0.3630000054836273, 0.3970000147819519, 0.38700002431869507, 0.3880000114440918, 0.44200003147125244, 0.4490000307559967, 0.4480000138282776, 0.4360000193119049, 0.42900002002716064, 0.42900002002716064, 0.42000001668930054, 0.4100000262260437, 0.4190000295639038, 0.41700002551078796, 0.4300000071525574, 0.4410000145435333, 0.46000000834465027, 0.445000022649765, 0.4300000071525574, 0.43400001525878906, 0.4350000321865082, 0.4390000104904175, 0.4310000240802765, 0.4390000104904175, 0.4280000329017639, 0.41700002551078796, 0.4300000071525574, 0.4320000112056732, 0.4240000247955322, 0.40400001406669617, 0.41200003027915955, 0.42900002002716064, 0.41700002551078796, 0.4140000343322754, 0.45000001788139343, 0.406000018119812, 0.4100000262260437, 0.4130000174045563, 0.40400001406669617, 0.40400001406669617, 0.37800002098083496, 0.3890000283718109, 0.4010000228881836, 0.4310000240802765, 0.41100001335144043, 0.3530000150203705], "ood_ce": [2.3007583618164062, 2.166947603225708, 1.9926564693450928, 1.9845731258392334, 1.9918417930603027, 1.953720211982727, 2.0076475143432617, 1.939935564994812, 2.051466941833496, 2.0787010192871094, 2.0566177368164062, 2.2405922412872314, 2.270500421524048, 2.2573726177215576, 2.2582874298095703, 2.3722095489501953, 2.65614914894104, 2.5830740928649902, 2.8384926319122314, 2.615976095199585, 2.4792416095733643, 2.567913055419922, 2.766543388366699, 2.9511168003082275, 2.9406981468200684, 2.7367019653320312, 2.5123708248138428, 2.7626447677612305, 2.9410645961761475, 3.279101848602295, 2.7437727451324463, 3.2569797039031982, 3.3948068618774414, 3.2704362869262695, 3.521697521209717, 3.214552164077759, 3.0944621562957764, 3.1692683696746826, 3.001307964324951, 3.012503147125244, 3.3279190063476562, 3.5003349781036377, 3.5353002548217773, 3.6604831218719482, 3.9208781719207764, 4.054868221282959, 3.8493852615356445, 3.506208658218384, 3.1001715660095215, 3.410311222076416, 3.352445602416992]}