{"step": [0, 30, 60, 90, 120, 150, 180, 210, 240, 270, 300, 330, 360, 390, 420, 450, 480, 510, 540, 570, 600, 630, 660, 690, 720, 750, 780, 810, 840, 870, 900, 930, 960, 990, 1020, 1050, 1080, 1110, 1140, 1170, 1200, 1230, 1260, 1290, 1320, 1350, 1380, 1410, 1440, 1470, 1499], "train": [2.2990516821543374, 2.0500184694925943, 1.6586156288782756, 1.2490580479303997, 1.0026346842447917, 0.7499297062555949, 0.6244847675164541, 0.5739212334156036, 0.4737665156523387, 0.41863812506198883, 0.39083655178546906, 0.31607143580913544, 0.2892419497172038, 0.342199166615804, 0.2803009996811549, 0.22055528809626898, 0.2292745312054952, 0.2376596381266912, 0.2139210825165113, 0.2008002226551374, 0.1844368726015091, 0.15834160894155502, 0.20219561954339346, 0.17079456647237143, 0.21029116958379745, 0.15301673611005148, 0.14416000247001648, 0.23935244977474213, 0.12428465485572815, 0.15545273820559183, 0.19766593476136526, 0.19248148798942566, 0.3701869299014409, 0.09693524241447449, 0.16429953028758368, 0.14003825932741165, 0.09926122551163037, 0.09703853602210681, 0.17332548896471658, 0.12408858786026637, 0.10580551624298096, 0.13999933004379272, 0.20362091064453125, 0.12429136286179225, 0.12521471828222275, 0.11214655141035716, 0.13678121070067087, 0.1116805151104927, 0.07905253519614537, 0.07828664158781369, 0.11819302539030711], "ood_acc": [0.10000000149011612, 0.21900001168251038, 0.26900002360343933, 0.2550000250339508, 0.34200000762939453, 0.3440000116825104, 0.3930000066757202, 0.3920000195503235, 0.42500001192092896, 0.3800000250339508, 0.398000031709671, 0.41600000858306885, 0.3880000114440918, 0.3890000283718109, 0.41600000858306885, 0.42500001192092896, 0.4310000240802765, 0.398000031709671, 0.41200003027915955, 0.44300001859664917, 0.4280000329017639, 0.41700002551078796, 0.40400001406669617, 0.42900002002716064, 0.4050000309944153, 0.4220000207424164, 0.43300002813339233, 0.4220000207424164, 0.4140000343322754, 0.39900001883506775, 0.4100000262260437, 0.39500001072883606, 0.4100000262260437, 0.4020000100135803, 0.40400001406669617, 0.4100000262260437, 0.3880000114440918, 0.38200002908706665, 0.38100001215934753, 0.40400001406669617, 0.38700002431869507, 0.3830000162124634, 0.36400002241134644, 0.3850000202655792, 0.3960000276565552, 0.4020000100135803, 0.40800002217292786, 0.36400002241134644, 0.42500001192092896, 0.40400001406669617, 0.367000013589859], "ood_ce": [2.3157217502593994, 2.1774299144744873, 1.9967137575149536, 2.1284618377685547, 2.307755708694458, 2.2146425247192383, 2.076613664627075, 2.1998727321624756, 2.4017889499664307, 2.4588027000427246, 2.5088157653808594, 2.4745216369628906, 2.7454161643981934, 2.6314029693603516, 2.351078510284424, 2.6619346141815186, 2.622223377227783, 2.8135786056518555, 2.7319700717926025, 2.68660044670105, 2.932695150375366, 3.0910351276397705, 3.180938482284546, 3.228797674179077, 2.889803171157837, 2.7720038890838623, 3.2814018726348877, 3.095590591430664, 2.8029375076293945, 3.578533411026001, 3.429088830947876, 3.211198568344116, 3.159329414367676, 3.366882562637329, 3.4799258708953857, 3.4630038738250732, 3.493039608001709, 3.8581364154815674, 4.1400675773620605, 3.4146487712860107, 3.8194124698638916, 3.915022134780884, 3.945037603378296, 3.5325264930725098, 3.367091417312622, 3.3638172149658203, 4.24334192276001, 4.078614711761475, 3.3951756954193115, 3.8165555000305176, 4.3195576667785645]}