{"step": [0, 30, 60, 90, 120, 150, 180, 210, 240, 270, 300, 330, 360, 390, 420, 450, 480, 510, 540, 570, 600, 630, 660, 690, 720, 750, 780, 810, 840, 870, 900, 930, 960, 990, 1020, 1050, 1080, 1110, 1140, 1170, 1200, 1230, 1260, 1290, 1320, 1350, 1380, 1410, 1440, 1470, 1499], "train": [2.2955477237701416, 2.0579405625661216, 1.6759974956512451, 1.3779069979985554, 1.0196139017740886, 0.7735510468482971, 0.6173756321271261, 0.4845810830593109, 0.40745318432648975, 0.349139745036761, 0.29726294179757434, 0.25037585695584613, 0.24498891333738962, 0.2387978881597519, 0.2437657763560613, 0.19759796559810638, 0.19590484102567038, 0.15301400423049927, 0.1460452601313591, 0.196903258562088, 0.15535070995489755, 0.12568621834119162, 0.13336060444513956, 0.13969449947277704, 0.14154027899106345, 0.10747952138384183, 0.12092774361371994, 0.14699812605977058, 0.1182424525419871, 0.14761853714783987, 0.10405685876806577, 0.12637690206368765, 0.10424492011467616, 0.10470668723185857, 0.09151164442300797, 0.09029233207305272, 0.13030688961346945, 0.1371271808942159, 0.1171503687898318, 0.09114661191900571, 0.08844865982731183, 0.08134716252485912, 0.11318837851285934, 0.10432759175697963, 0.1275849069158236, 0.07752457881967227, 0.14807877192894617, 0.2659419849514961, 0.09024069209893544, 0.08128927151362102, 0.09271629775563876], "ood_acc": [0.08700000494718552, 0.22300000488758087, 0.28700000047683716, 0.2600000202655792, 0.33100003004074097, 0.359000027179718, 0.3880000114440918, 0.41200003027915955, 0.41100001335144043, 0.41200003027915955, 0.398000031709671, 0.39400002360343933, 0.40400001406669617, 0.40700000524520874, 0.4020000100135803, 0.4140000343322754, 0.41200003027915955, 0.3890000283718109, 0.4020000100135803, 0.39000001549720764, 0.42000001668930054, 0.4150000214576721, 0.41600000858306885, 0.42000001668930054, 0.4300000071525574, 0.4130000174045563, 0.42500001192092896, 0.41100001335144043, 0.41600000858306885, 0.41100001335144043, 0.39900001883506775, 0.42000001668930054, 0.43700000643730164, 0.4010000228881836, 0.40300002694129944, 0.40700000524520874, 0.40400001406669617, 0.4010000228881836, 0.36500000953674316, 0.3920000195503235, 0.39400002360343933, 0.3760000169277191, 0.4050000309944153, 0.4150000214576721, 0.39100003242492676, 0.3930000066757202, 0.3960000276565552, 0.4010000228881836, 0.3710000216960907, 0.38700002431869507, 0.37300002574920654], "ood_ce": [2.309570789337158, 2.1788110733032227, 1.9981399774551392, 1.952201247215271, 1.8350878953933716, 1.8567184209823608, 1.880481481552124, 1.8735209703445435, 2.048276901245117, 2.0374343395233154, 2.1327033042907715, 2.2266926765441895, 2.4511501789093018, 2.3307034969329834, 2.461566925048828, 2.4545395374298096, 2.4367737770080566, 2.681627035140991, 2.851008653640747, 2.6966781616210938, 2.5074312686920166, 2.7475335597991943, 2.9624528884887695, 2.90710186958313, 2.772900104522705, 2.8268930912017822, 2.9800777435302734, 3.140625, 2.7941157817840576, 3.0265767574310303, 3.359820604324341, 3.080214738845825, 3.212240695953369, 3.1384904384613037, 3.0255801677703857, 3.1813294887542725, 3.305971145629883, 3.289682149887085, 3.246096134185791, 3.467904806137085, 3.623980760574341, 3.6857073307037354, 3.4747555255889893, 3.3991615772247314, 4.078259468078613, 3.852085590362549, 3.8354427814483643, 4.0100483894348145, 3.5905094146728516, 3.9007434844970703, 4.236992359161377]}