{"step": [0, 30, 60, 90, 120, 150, 180, 210, 240, 270, 300, 330, 360, 390, 420, 450, 480, 510, 540, 570, 600, 630, 660, 690, 720, 750, 780, 810, 840, 870, 900, 930, 960, 990, 1020, 1050, 1080, 1110, 1140, 1170, 1200, 1230, 1260, 1290, 1320, 1350, 1380, 1410, 1440, 1470, 1499], "train": [2.2955477237701416, 2.0493975083033242, 1.620723843574524, 1.198732852935791, 0.9094851016998291, 0.7971087694168091, 0.6289015809694926, 0.5617554585138956, 0.46780287226041156, 0.3953845550616582, 0.32246091465155285, 0.2887372374534607, 0.3142179399728775, 0.28262064854304, 0.24683939417203268, 0.2435138871272405, 0.20993581414222717, 0.22732491791248322, 0.2308956185976664, 0.19968420018752417, 0.13993287831544876, 0.18356592704852423, 0.16194424033164978, 0.14970322946707407, 0.25970617930094403, 0.13535759349664053, 0.1454252228140831, 0.13086442401011786, 0.1275703286131223, 0.18350613862276077, 0.14649462203184763, 0.1170550820728143, 0.10075374568502109, 0.1766006499528885, 0.13745387146870294, 0.11654069771369298, 0.11626119663317998, 0.10630043596029282, 0.08679939682284991, 0.11009436349074046, 0.14633625000715256, 0.12485650430123012, 0.10816911607980728, 0.09076664472619693, 0.13412784039974213, 0.1750349203745524, 0.1799165109793345, 0.46513278285662335, 0.1437243769566218, 0.1220766653617223, 0.17222131540377936], "ood_acc": [0.08700000494718552, 0.23000000417232513, 0.2639999985694885, 0.25699999928474426, 0.33100003004074097, 0.3370000123977661, 0.32600000500679016, 0.3710000216960907, 0.36400002241134644, 0.40400001406669617, 0.3850000202655792, 0.3930000066757202, 0.3970000147819519, 0.41200003027915955, 0.38700002431869507, 0.3840000033378601, 0.41100001335144043, 0.4000000059604645, 0.3850000202655792, 0.3930000066757202, 0.39400002360343933, 0.41700002551078796, 0.4300000071525574, 0.42600002884864807, 0.4090000092983246, 0.39100003242492676, 0.4010000228881836, 0.3710000216960907, 0.4100000262260437, 0.4140000343322754, 0.40400001406669617, 0.4000000059604645, 0.40800002217292786, 0.4020000100135803, 0.3920000195503235, 0.40300002694129944, 0.4100000262260437, 0.37700000405311584, 0.398000031709671, 0.3700000047683716, 0.38700002431869507, 0.37400001287460327, 0.38700002431869507, 0.37400001287460327, 0.36500000953674316, 0.4000000059604645, 0.36400002241134644, 0.3580000102519989, 0.4020000100135803, 0.38200002908706665, 0.36000001430511475], "ood_ce": [2.309570789337158, 2.1746225357055664, 1.9844486713409424, 2.0716958045959473, 2.1704823970794678, 2.349423885345459, 2.3720154762268066, 2.181020975112915, 2.3119914531707764, 2.225154161453247, 2.5254013538360596, 2.5928006172180176, 2.780512809753418, 2.4531188011169434, 2.8488738536834717, 2.659677505493164, 2.5537219047546387, 3.102119207382202, 3.1084022521972656, 3.207881212234497, 3.0525166988372803, 3.343165636062622, 2.9965319633483887, 3.4822614192962646, 3.08054518699646, 3.0536885261535645, 3.0168421268463135, 3.5583856105804443, 3.0523133277893066, 2.768118381500244, 3.2384297847747803, 3.214812755584717, 3.2154288291931152, 3.4360733032226562, 3.634042501449585, 3.409416675567627, 3.5499320030212402, 4.542197227478027, 3.948105573654175, 3.9168403148651123, 3.7185750007629395, 3.5200352668762207, 3.9391276836395264, 4.276394367218018, 4.112791538238525, 4.578058242797852, 5.011468887329102, 4.773287773132324, 4.402029991149902, 4.835653781890869, 5.0966877937316895]}