{"step": [0, 30, 60, 90, 120, 150, 180, 210, 240, 270, 300, 330, 360, 390, 420, 450, 480, 510, 540, 570, 600, 630, 660, 690, 720, 750, 780, 810, 840, 870, 900, 930, 960, 990, 1020, 1050, 1080, 1110, 1140, 1170, 1200, 1230, 1260, 1290, 1320, 1350, 1380, 1410, 1440, 1470, 1499], "train": [2.2990516821543374, 2.0557249387105307, 1.6812536319096882, 1.268128792444865, 1.0483311414718628, 0.7883028388023376, 0.6659567356109619, 0.5616573095321655, 0.47159791986147565, 0.39972567061583203, 0.36210713783899945, 0.3374752104282379, 0.30592867235342663, 0.32686426242192584, 0.3251786381006241, 0.25268589208523434, 0.1954528366525968, 0.2038353830575943, 0.18356611331303915, 0.18814492225646973, 0.1669835497935613, 0.19032107293605804, 0.1855112612247467, 0.16511373221874237, 0.172522542377313, 0.1579244981209437, 0.15765365213155746, 0.11615641663471858, 0.1372414951523145, 0.10729815065860748, 0.14009060462315878, 0.12536528209845224, 0.14077428728342056, 0.11314721405506134, 0.1747289647658666, 0.11356117948889732, 0.15073594947655997, 0.15638536711533865, 0.15325928976138434, 0.12244443595409393, 0.13762768233815828, 0.20266084372997284, 0.16362393895785013, 0.1253234421213468, 0.15599041680494943, 0.12976752718289694, 0.08748289508124192, 0.1251112682123979, 0.10833496848742168, 0.11350608865420024, 0.10636658469835918], "ood_acc": [0.10000000149011612, 0.21900001168251038, 0.26100000739097595, 0.24800001084804535, 0.3440000116825104, 0.3540000021457672, 0.3800000250339508, 0.37700000405311584, 0.4130000174045563, 0.3970000147819519, 0.39500001072883606, 0.4050000309944153, 0.4010000228881836, 0.4000000059604645, 0.39500001072883606, 0.4270000159740448, 0.43700000643730164, 0.4540000259876251, 0.4270000159740448, 0.4000000059604645, 0.4270000159740448, 0.4310000240802765, 0.40800002217292786, 0.4090000092983246, 0.42900002002716064, 0.40400001406669617, 0.41200003027915955, 0.4190000295639038, 0.4270000159740448, 0.3930000066757202, 0.38100001215934753, 0.4100000262260437, 0.40400001406669617, 0.40800002217292786, 0.4000000059604645, 0.39500001072883606, 0.42100003361701965, 0.38600000739097595, 0.38100001215934753, 0.40700000524520874, 0.4150000214576721, 0.40800002217292786, 0.38600000739097595, 0.39400002360343933, 0.36000001430511475, 0.4020000100135803, 0.4280000329017639, 0.4220000207424164, 0.4220000207424164, 0.4010000228881836, 0.38700002431869507], "ood_ce": [2.3157217502593994, 2.1807360649108887, 2.014573574066162, 2.126771926879883, 2.3134260177612305, 2.1148219108581543, 2.085440158843994, 2.2465620040893555, 2.310833215713501, 2.24715256690979, 2.6375732421875, 2.577960729598999, 2.506603479385376, 2.6332647800445557, 2.477956533432007, 2.41158390045166, 2.511336326599121, 2.7228293418884277, 2.743335485458374, 2.536842107772827, 2.898872137069702, 3.100022792816162, 3.1774890422821045, 3.193352699279785, 3.0138120651245117, 2.897231340408325, 2.929126024246216, 2.908590793609619, 3.3510420322418213, 3.4384348392486572, 3.169780731201172, 3.187493085861206, 3.2329459190368652, 3.302295446395874, 3.5124411582946777, 3.265047788619995, 3.526648759841919, 3.560251474380493, 3.4570324420928955, 3.0447349548339844, 3.743088483810425, 4.153369903564453, 3.8614673614501953, 3.2901055812835693, 3.6483314037323, 3.445068359375, 3.922929048538208, 4.557800769805908, 4.7500128746032715, 3.82371187210083, 3.2675211429595947]}