{"step": [0, 30, 60, 90, 120, 150, 180, 210, 240, 270, 300, 330, 360, 390, 420, 450, 480, 510, 540, 570, 600, 630, 660, 690, 720, 750, 780, 810, 840, 870, 900, 930, 960, 990, 1020, 1050, 1080, 1110, 1140, 1170, 1200, 1230, 1260, 1290, 1320, 1350, 1380, 1410, 1440, 1470, 1499], "train": [2.294736703236898, 2.120175917943319, 1.7603352467219036, 1.4247684876124065, 1.0708472331364949, 0.8105080922444662, 0.6481340428193411, 0.5498614609241486, 0.4417719940344493, 0.4281676908334096, 0.3483043909072876, 0.34375228484471637, 0.2518984377384186, 0.24959209064642587, 0.22299129515886307, 0.21756993730862936, 0.20052393525838852, 0.22093304495016733, 0.17169893284638724, 0.15679137160380682, 0.141356793542703, 0.16159851600726446, 0.18727516631285349, 0.13419328133265176, 0.12182047963142395, 0.2346973568201065, 0.14957577486832938, 0.1327739159266154, 0.32794014116128284, 0.14404001832008362, 0.12046285967032115, 0.20805440843105316, 0.10738080739974976, 0.13035367925961813, 0.10776593287785848, 0.11578531563282013, 0.1343074838320414, 0.17797197898228964, 0.11877848828832309, 0.25943030913670856, 0.2748029629389445, 0.12585143248240152, 0.09661599497000377, 0.09398989006876945, 0.09347486992677052, 0.07832640657822292, 0.09132397795716922, 0.13462036475539207, 0.13531070202589035, 0.09756775076190631, 0.09010838468869527], "ood_acc": [0.11900000274181366, 0.2160000056028366, 0.2580000162124634, 0.3140000104904175, 0.3370000123977661, 0.37700000405311584, 0.39900001883506775, 0.40400001406669617, 0.41700002551078796, 0.3840000033378601, 0.4010000228881836, 0.4150000214576721, 0.4050000309944153, 0.4140000343322754, 0.4180000126361847, 0.4220000207424164, 0.4000000059604645, 0.4410000145435333, 0.43300002813339233, 0.4390000104904175, 0.4580000340938568, 0.43400001525878906, 0.41700002551078796, 0.4020000100135803, 0.3850000202655792, 0.4140000343322754, 0.41700002551078796, 0.39900001883506775, 0.4010000228881836, 0.40300002694129944, 0.4090000092983246, 0.40400001406669617, 0.3890000283718109, 0.41600000858306885, 0.42100003361701965, 0.40400001406669617, 0.40700000524520874, 0.42600002884864807, 0.37700000405311584, 0.39400002360343933, 0.4240000247955322, 0.4090000092983246, 0.3630000054836273, 0.41100001335144043, 0.3750000298023224, 0.37800002098083496, 0.3850000202655792, 0.3750000298023224, 0.3750000298023224, 0.41100001335144043, 0.39400002360343933], "ood_ce": [2.3005263805389404, 2.2108774185180664, 2.042637586593628, 1.9444650411605835, 1.9857630729675293, 1.923389196395874, 1.9084025621414185, 2.043024778366089, 1.976366400718689, 2.2180986404418945, 2.2538466453552246, 2.1316497325897217, 2.2142131328582764, 2.453012228012085, 2.3872923851013184, 2.595815658569336, 2.742941379547119, 2.6114678382873535, 2.531057834625244, 2.5857064723968506, 2.623300552368164, 2.7320032119750977, 2.7483267784118652, 3.025804281234741, 3.0870535373687744, 2.639941930770874, 2.936612844467163, 3.398888111114502, 3.345813035964966, 3.1725170612335205, 3.095107078552246, 3.2807729244232178, 2.789696216583252, 3.14168381690979, 3.742030620574951, 3.701647996902466, 3.717726230621338, 3.3486742973327637, 3.5945730209350586, 3.2918813228607178, 3.8745720386505127, 3.3515071868896484, 3.317239761352539, 3.438992500305176, 3.8945486545562744, 3.5337841510772705, 3.545861005783081, 3.5806572437286377, 3.8254623413085938, 3.7373595237731934, 3.8313727378845215]}