{"step": [0, 30, 60, 90, 120, 150, 180, 210, 240, 270, 300, 330, 360, 390, 420, 450, 480, 510, 540, 570, 600, 630, 660, 690, 720, 750, 780, 810, 840, 870, 900, 930, 960, 990, 1020, 1050, 1080, 1110, 1140, 1170, 1200, 1230, 1260, 1290, 1320, 1350, 1380, 1410, 1440, 1470, 1499], "train": [2.3145358562469482, 2.167168458302816, 1.8138701915740967, 1.3738736311594646, 1.0557842254638672, 0.7993056972821554, 0.6342960695425669, 0.5528354744116465, 0.4585581421852112, 0.41744594772656757, 0.360973984003067, 0.30735628803571063, 0.27097728848457336, 0.27494659026463825, 0.2585739841063817, 0.22003057102362314, 0.20371259500583014, 0.16444284468889236, 0.1886687030394872, 0.18940208355585733, 0.21558213233947754, 0.17967965950568518, 0.18055490652720133, 0.14510510365168253, 0.11932688454786937, 0.09472793092330296, 0.12591285010178885, 0.12463285028934479, 0.11265149712562561, 0.14713277916113535, 0.12958146383364996, 0.10784844557444255, 0.12068761512637138, 0.11725733677546184, 0.1817436764637629, 0.235116978486379, 0.12256013850371043, 0.1531228870153427, 0.2532673850655556, 0.1778203397989273, 0.1812925934791565, 0.14354602992534637, 0.08108318597078323, 0.08048136532306671, 0.13538518299659094, 0.131785919268926, 0.09090706209341685, 0.15360739330450693, 0.11632298926512401, 0.08829225972294807, 0.21457219620545706], "ood_acc": [0.08700000494718552, 0.21000000834465027, 0.2720000147819519, 0.28200000524520874, 0.30900001525878906, 0.3530000150203705, 0.3460000157356262, 0.3880000114440918, 0.4100000262260437, 0.39900001883506775, 0.39400002360343933, 0.4320000112056732, 0.42900002002716064, 0.4010000228881836, 0.42000001668930054, 0.41600000858306885, 0.42500001192092896, 0.42000001668930054, 0.4320000112056732, 0.4520000219345093, 0.4240000247955322, 0.4310000240802765, 0.42100003361701965, 0.42000001668930054, 0.42900002002716064, 0.4140000343322754, 0.4190000295639038, 0.42900002002716064, 0.4360000193119049, 0.3750000298023224, 0.39000001549720764, 0.40700000524520874, 0.4010000228881836, 0.4050000309944153, 0.38700002431869507, 0.39500001072883606, 0.42000001668930054, 0.4050000309944153, 0.33500000834465027, 0.42100003361701965, 0.4270000159740448, 0.406000018119812, 0.41600000858306885, 0.4130000174045563, 0.41100001335144043, 0.41200003027915955, 0.39000001549720764, 0.40300002694129944, 0.39000001549720764, 0.37800002098083496, 0.3440000116825104], "ood_ce": [2.3092896938323975, 2.2219338417053223, 2.0137221813201904, 1.9612876176834106, 2.2297775745391846, 2.2244153022766113, 2.1860463619232178, 2.0273659229278564, 1.9975272417068481, 2.2210824489593506, 2.3902692794799805, 2.0926129817962646, 2.505310297012329, 2.7805964946746826, 2.667778730392456, 2.687898635864258, 2.317399024963379, 2.450176954269409, 2.8369219303131104, 2.526790142059326, 2.679561138153076, 2.904670238494873, 2.7810983657836914, 2.6467974185943604, 2.5355660915374756, 2.701345682144165, 3.001361846923828, 3.0378639698028564, 3.037139415740967, 3.3903050422668457, 3.1823482513427734, 2.967072010040283, 3.3138909339904785, 3.0999562740325928, 3.5806612968444824, 3.1279633045196533, 3.214111089706421, 3.67551326751709, 4.215317249298096, 2.981534242630005, 3.557404041290283, 3.2464940547943115, 2.892974376678467, 3.1577260494232178, 3.5856242179870605, 3.364231586456299, 3.452725648880005, 3.8846356868743896, 4.2591705322265625, 4.359891891479492, 4.5914130210876465]}