{"step": [0, 30, 60, 90, 120, 150, 180, 210, 240, 270, 300, 330, 360, 390, 420, 450, 480, 510, 540, 570, 600, 630, 660, 690, 720, 750, 780, 810, 840, 870, 900, 930, 960, 990, 1020, 1050, 1080, 1110, 1140, 1170, 1200, 1230, 1260, 1290, 1320, 1350, 1380, 1410, 1440, 1470, 1499], "train": [2.2990516821543374, 2.046825369199117, 1.6179940700531006, 1.2826881408691406, 0.9808872938156128, 0.7280964553356171, 0.612857719262441, 0.5206522941589355, 0.4760323961575826, 0.4017745405435562, 0.35730384786923725, 0.33940431475639343, 0.3089892615874608, 0.31242425243059796, 0.2606978466113408, 0.24031604826450348, 0.22913425664107004, 0.20654069383939108, 0.20646286879976591, 0.19617369771003723, 0.200483704606692, 0.17500086625417074, 0.14012627055247626, 0.153374545276165, 0.16202718764543533, 0.1224602460861206, 0.12625855952501297, 0.15173781911532083, 0.15973506371180216, 0.13201580693324408, 0.1114107792576154, 0.12474110225836436, 0.12304245680570602, 0.17167441546916962, 0.1212715854247411, 0.1644320711493492, 0.10571794956922531, 0.11315144101778667, 0.11948153376579285, 0.1392268786827723, 0.1499220704038938, 0.12970811625321707, 0.10080760469039281, 0.10343569765488307, 0.13469375173250833, 0.10236601531505585, 0.13328188906113306, 0.10525967925786972, 0.092222614834706, 0.12115638951460521, 0.09848921249310176], "ood_acc": [0.10000000149011612, 0.21700000762939453, 0.24900001287460327, 0.2540000081062317, 0.33500000834465027, 0.3460000157356262, 0.37700000405311584, 0.39900001883506775, 0.4180000126361847, 0.4050000309944153, 0.4280000329017639, 0.3920000195503235, 0.4000000059604645, 0.4020000100135803, 0.42500001192092896, 0.445000022649765, 0.4410000145435333, 0.4270000159740448, 0.40800002217292786, 0.4480000138282776, 0.4020000100135803, 0.42500001192092896, 0.4140000343322754, 0.4220000207424164, 0.41600000858306885, 0.4090000092983246, 0.4240000247955322, 0.42900002002716064, 0.4050000309944153, 0.40400001406669617, 0.40700000524520874, 0.40300002694129944, 0.4220000207424164, 0.398000031709671, 0.39100003242492676, 0.36000001430511475, 0.406000018119812, 0.4050000309944153, 0.40300002694129944, 0.4130000174045563, 0.3960000276565552, 0.3880000114440918, 0.41700002551078796, 0.3970000147819519, 0.3850000202655792, 0.3880000114440918, 0.4000000059604645, 0.40300002694129944, 0.3840000033378601, 0.39400002360343933, 0.3920000195503235], "ood_ce": [2.3157217502593994, 2.181675910949707, 1.9837589263916016, 2.033827543258667, 2.163194179534912, 2.170027017593384, 2.0930585861206055, 2.1209914684295654, 2.252021074295044, 2.1793508529663086, 2.3834099769592285, 2.3902220726013184, 2.549976110458374, 2.441530704498291, 2.389862060546875, 2.5889627933502197, 2.427346706390381, 2.6354236602783203, 2.770704984664917, 2.7002782821655273, 3.027738571166992, 3.0185751914978027, 2.9461028575897217, 3.2530648708343506, 3.0196118354797363, 2.8613526821136475, 3.134789228439331, 3.67097544670105, 3.2560477256774902, 2.8133654594421387, 3.0441532135009766, 3.6631743907928467, 3.2796790599823, 3.0882182121276855, 3.1234519481658936, 3.1869187355041504, 3.121955633163452, 3.8790371417999268, 3.9616878032684326, 3.941220283508301, 4.214076519012451, 3.793013572692871, 4.105958938598633, 4.232837200164795, 4.2046380043029785, 3.7283871173858643, 4.197700500488281, 4.425251483917236, 3.530046224594116, 4.0389790534973145, 4.139308452606201]}