{"step": [0, 30, 60, 90, 120, 150, 180, 210, 240, 270, 300, 330, 360, 390, 420, 450, 480, 510, 540, 570, 600, 630, 660, 690, 720, 750, 780, 810, 840, 870, 900, 930, 960, 990, 1020, 1050, 1080, 1110, 1140, 1170, 1200, 1230, 1260, 1290, 1320, 1350, 1380, 1410, 1440, 1470, 1499], "train": [2.3100438912709556, 2.1092952887217202, 1.7240336736043294, 1.3129013379414876, 1.008576770623525, 0.801328202088674, 0.6652203698952993, 0.5657042463620504, 0.4832817812760671, 0.45577139655749005, 0.4164943943421046, 0.3703405559062958, 0.3202805370092392, 0.28859057029088336, 0.2613324224948883, 0.2482109765211741, 0.2290398826201757, 0.22418836752573648, 0.21247072021166483, 0.18026281396547952, 0.16436763604482016, 0.16208269198735556, 0.17838089168071747, 0.1454765424132347, 0.21127991378307343, 0.14040840168793997, 0.12698188920815787, 0.10415151218573253, 0.16826782127221426, 0.15722679098447165, 0.142212875187397, 0.12661524365345636, 0.12113498772184055, 0.14922372996807098, 0.13981270045042038, 0.125388835867246, 0.11647175500790279, 0.08101044098536174, 0.08887266864379247, 0.09616348147392273, 0.09013608594735463, 0.11010448634624481, 0.13421941548585892, 0.20379782716433206, 0.13746335109074911, 0.12314622104167938, 0.08016425867875417, 0.09622154881556828, 0.09140231336156528, 0.0732303336262703, 0.07231046756108601], "ood_acc": [0.07500000298023224, 0.23800000548362732, 0.29500001668930054, 0.2840000092983246, 0.3150000274181366, 0.35600000619888306, 0.3760000169277191, 0.4190000295639038, 0.4180000126361847, 0.39100003242492676, 0.42000001668930054, 0.42000001668930054, 0.42100003361701965, 0.43700000643730164, 0.4270000159740448, 0.4390000104904175, 0.44700002670288086, 0.4280000329017639, 0.4130000174045563, 0.44600000977516174, 0.45500001311302185, 0.4240000247955322, 0.4140000343322754, 0.4180000126361847, 0.4360000193119049, 0.4190000295639038, 0.41200003027915955, 0.4020000100135803, 0.4270000159740448, 0.46300002932548523, 0.4410000145435333, 0.41100001335144043, 0.40800002217292786, 0.4580000340938568, 0.45000001788139343, 0.42500001192092896, 0.40800002217292786, 0.40300002694129944, 0.4300000071525574, 0.42900002002716064, 0.4230000078678131, 0.39500001072883606, 0.4150000214576721, 0.4100000262260437, 0.38600000739097595, 0.42100003361701965, 0.4050000309944153, 0.4180000126361847, 0.4140000343322754, 0.40300002694129944, 0.4390000104904175], "ood_ce": [2.309131383895874, 2.173926830291748, 1.956612467765808, 1.9843761920928955, 2.076403856277466, 2.044903516769409, 2.3244142532348633, 2.0125808715820312, 2.0607664585113525, 2.2737648487091064, 2.276263475418091, 2.4119417667388916, 2.382983922958374, 2.3367042541503906, 2.3809189796447754, 2.359884023666382, 2.5183699131011963, 2.7557146549224854, 2.9465720653533936, 2.6019814014434814, 2.3718154430389404, 2.697305679321289, 2.7407386302948, 2.892465114593506, 2.894664764404297, 2.637111186981201, 2.826324462890625, 2.993969202041626, 3.109825611114502, 2.678842544555664, 2.810309410095215, 3.0857574939727783, 3.07094407081604, 2.805194139480591, 3.1536943912506104, 3.14077091217041, 3.078767776489258, 3.10208797454834, 2.9570960998535156, 3.0149965286254883, 3.114717721939087, 3.4663662910461426, 3.827080488204956, 3.3612217903137207, 3.049027919769287, 3.2164058685302734, 3.3613216876983643, 3.1726062297821045, 3.5701675415039062, 3.976208448410034, 3.5725257396698]}