{"step": [0, 30, 60, 90, 120, 150, 180, 210, 240, 270, 300, 330, 360, 390, 420, 450, 480, 510, 540, 570, 600, 630, 660, 690, 720, 750, 780, 810, 840, 870, 900, 930, 960, 990, 1020, 1050, 1080, 1110, 1140, 1170, 1200, 1230, 1260, 1290, 1320, 1350, 1380, 1410, 1440, 1470, 1499], "train": [2.3100438912709556, 2.1046864986419678, 1.6985551913579304, 1.31601087252299, 1.0084126393000286, 0.7910340825716654, 0.6629851559797922, 0.5674878060817719, 0.4600405792395274, 0.4408990939458211, 0.401193231344223, 0.3330315699179967, 0.31323539714018506, 0.286022424697876, 0.26870542764663696, 0.2398070146640142, 0.23247885207335153, 0.24005664388338724, 0.17457915097475052, 0.21334655582904816, 0.15044822295506796, 0.2503661165634791, 0.167885293563207, 0.1697122852007548, 0.15426104764143625, 0.15475073208411536, 0.19907535115877786, 0.12697864572207132, 0.10632605105638504, 0.1461491584777832, 0.1302100991209348, 0.1153430665532748, 0.17484655727942786, 0.0971660166978836, 0.141201784213384, 0.10412545253833135, 0.10917241374651591, 0.12356526652971904, 0.11025849729776382, 0.140542671084404, 0.11063554137945175, 0.1315635492404302, 0.10672626147667567, 0.08626215035716693, 0.08180926491816838, 0.3903154631455739, 0.12440444777409236, 0.09785534193118413, 0.10013944158951442, 0.08926990628242493, 0.09601324051618576], "ood_acc": [0.07500000298023224, 0.23000000417232513, 0.2939999997615814, 0.30800002813339233, 0.3330000042915344, 0.3680000305175781, 0.38100001215934753, 0.40400001406669617, 0.41200003027915955, 0.39400002360343933, 0.4270000159740448, 0.4270000159740448, 0.4400000274181366, 0.4540000259876251, 0.4360000193119049, 0.4270000159740448, 0.42500001192092896, 0.42600002884864807, 0.41700002551078796, 0.46400001645088196, 0.43800002336502075, 0.4490000307559967, 0.43400001525878906, 0.44300001859664917, 0.4390000104904175, 0.43800002336502075, 0.45000001788139343, 0.4270000159740448, 0.4440000355243683, 0.453000009059906, 0.42500001192092896, 0.4320000112056732, 0.42000001668930054, 0.4410000145435333, 0.4350000321865082, 0.406000018119812, 0.4350000321865082, 0.4270000159740448, 0.44200003147125244, 0.4230000078678131, 0.4220000207424164, 0.4240000247955322, 0.4180000126361847, 0.39100003242492676, 0.4350000321865082, 0.4230000078678131, 0.42000001668930054, 0.41700002551078796, 0.4140000343322754, 0.40300002694129944, 0.406000018119812], "ood_ce": [2.309131383895874, 2.17354416847229, 1.9524922370910645, 1.9004400968551636, 1.937121868133545, 1.9214940071105957, 2.2268826961517334, 1.9344147443771362, 2.0220885276794434, 2.2876949310302734, 2.2214272022247314, 2.3231828212738037, 2.392557144165039, 2.3066787719726562, 2.4393458366394043, 2.3902106285095215, 2.9507081508636475, 2.5069639682769775, 2.5893049240112305, 2.452545642852783, 2.60542368888855, 2.752768039703369, 2.5590221881866455, 2.551173210144043, 2.75042462348938, 2.8335938453674316, 2.7010481357574463, 2.901853084564209, 2.8506412506103516, 3.123199462890625, 3.0564675331115723, 2.930955648422241, 3.3915915489196777, 3.219088315963745, 3.781243324279785, 3.094250440597534, 3.1112897396087646, 3.2880234718322754, 3.0905442237854004, 3.399970769882202, 3.12772274017334, 3.260714292526245, 3.340776205062866, 3.11799693107605, 3.3222832679748535, 3.690185070037842, 3.7660505771636963, 3.7623534202575684, 3.7596399784088135, 3.821805238723755, 3.722590446472168]}