{"step": [0, 30, 60, 90, 120, 150, 180, 210, 240, 270, 300, 330, 360, 390, 420, 450, 480, 510, 540, 570, 600, 630, 660, 690, 720, 750, 780, 810, 840, 870, 900, 930, 960, 990, 1020, 1050, 1080, 1110, 1140, 1170, 1200, 1230, 1260, 1290, 1320, 1350, 1380, 1410, 1440, 1470, 1499], "train": [2.294736703236898, 2.1262226899464927, 1.789337118466695, 1.3608644008636475, 1.0599713722864788, 0.8196627696355184, 0.6783942182858785, 0.5629249513149261, 0.4536455273628235, 0.4687306582927704, 0.3793041855096817, 0.3337066322565079, 0.308248112599055, 0.3171698749065399, 0.22728969901800156, 0.24506583313147226, 0.20269047717253366, 0.22655877967675528, 0.17837907373905182, 0.17200874288876852, 0.19852042694886526, 0.18479368587334952, 0.14834421128034592, 0.15848691761493683, 0.14261884490648905, 0.15158633639415106, 0.12075621634721756, 0.14917226632436117, 0.12532620877027512, 0.12669473389784494, 0.235048808157444, 0.16807130724191666, 0.19583963106075922, 0.24982677151759466, 0.12331810966134071, 0.0929848204056422, 0.12024295950929324, 0.10451167573531468, 0.1269457464416822, 0.1255377953251203, 0.11076943948864937, 0.1162657414873441, 0.13309788207213083, 0.3530564333001773, 0.1151219941675663, 0.07824384234845638, 0.10574004240334034, 0.2922914723555247, 0.12405861417452495, 0.2821500897407532, 0.07670062532027562], "ood_acc": [0.11900000274181366, 0.2150000035762787, 0.2370000183582306, 0.289000004529953, 0.31300002336502075, 0.3530000150203705, 0.3720000088214874, 0.3680000305175781, 0.3960000276565552, 0.35500001907348633, 0.3850000202655792, 0.4220000207424164, 0.406000018119812, 0.4220000207424164, 0.43700000643730164, 0.4400000274181366, 0.39500001072883606, 0.4310000240802765, 0.39400002360343933, 0.42000001668930054, 0.42000001668930054, 0.3850000202655792, 0.40400001406669617, 0.4220000207424164, 0.4190000295639038, 0.4020000100135803, 0.4090000092983246, 0.39400002360343933, 0.4140000343322754, 0.40400001406669617, 0.36100003123283386, 0.4050000309944153, 0.38600000739097595, 0.39100003242492676, 0.4310000240802765, 0.4220000207424164, 0.39900001883506775, 0.4300000071525574, 0.4100000262260437, 0.4050000309944153, 0.4010000228881836, 0.3960000276565552, 0.4130000174045563, 0.4180000126361847, 0.406000018119812, 0.4090000092983246, 0.4280000329017639, 0.3830000162124634, 0.4270000159740448, 0.4010000228881836, 0.4010000228881836], "ood_ce": [2.3005263805389404, 2.2085518836975098, 2.0484704971313477, 2.0106215476989746, 2.3206088542938232, 2.07201886177063, 2.125258207321167, 2.0850818157196045, 2.015216112136841, 2.330592632293701, 2.2662606239318848, 2.3262104988098145, 2.4878273010253906, 2.538041591644287, 2.1755361557006836, 2.3384110927581787, 2.7040486335754395, 2.4578938484191895, 2.572007417678833, 2.7816779613494873, 3.0964341163635254, 3.0665225982666016, 2.7330005168914795, 3.106210231781006, 3.110027551651001, 3.0257229804992676, 3.113799571990967, 3.21698260307312, 3.008111000061035, 3.3371517658233643, 3.5674784183502197, 2.8961281776428223, 3.195432186126709, 3.0838959217071533, 2.793818473815918, 3.119588613510132, 3.2798755168914795, 3.157944679260254, 3.403184175491333, 3.490161657333374, 3.485212564468384, 3.532363176345825, 3.71482515335083, 3.397505283355713, 3.2833356857299805, 3.562171220779419, 3.8317747116088867, 3.9241127967834473, 3.2520060539245605, 3.761446237564087, 3.265544891357422]}