{"step": [0, 30, 60, 90, 120, 150, 180, 210, 240, 270, 300, 330, 360, 390, 420, 450, 480, 510, 540, 570, 600, 630, 660, 690, 720, 750, 780, 810, 840, 870, 900, 930, 960, 990, 1020, 1050, 1080, 1110, 1140, 1170, 1200, 1230, 1260, 1290, 1320, 1350, 1380, 1410, 1440, 1470, 1499], "train": [2.3100438912709556, 2.1090806325276694, 1.7213689088821411, 1.3140279054641724, 1.0107953151067097, 0.8071725567181905, 0.6690782805283865, 0.5669918457667033, 0.49020374814669293, 0.44948919614156085, 0.4339701533317566, 0.368956392010053, 0.31623615324497223, 0.30321428179740906, 0.2884388864040375, 0.23822144667307535, 0.22296245396137238, 0.25260885059833527, 0.21975283324718475, 0.18018502493699393, 0.1524993578592936, 0.15871556599934897, 0.1680345485607783, 0.15640462438265482, 0.12098778535922368, 0.12051208068927129, 0.17592441538969675, 0.21971914172172546, 0.16295933971802393, 0.14669171472390494, 0.122979241112868, 0.15894764165083566, 0.1424576143423716, 0.09337571014960606, 0.13247778515021005, 0.1381895194451014, 0.10324083268642426, 0.1083033060034116, 0.1406889259815216, 0.13761314501365027, 0.09168379008769989, 0.11645442247390747, 0.11593603591124217, 0.08941083028912544, 0.10943275441726048, 0.14145229508479437, 0.14856096357107162, 0.09404790649811427, 0.14986252536376318, 0.11194900423288345, 0.0931786298751831], "ood_acc": [0.07500000298023224, 0.23500001430511475, 0.29100000858306885, 0.28600001335144043, 0.320000022649765, 0.359000027179718, 0.37300002574920654, 0.4220000207424164, 0.41100001335144043, 0.40400001406669617, 0.41200003027915955, 0.39500001072883606, 0.43700000643730164, 0.44700002670288086, 0.42100003361701965, 0.42600002884864807, 0.4090000092983246, 0.42000001668930054, 0.4300000071525574, 0.42100003361701965, 0.4220000207424164, 0.43700000643730164, 0.4310000240802765, 0.4270000159740448, 0.42600002884864807, 0.42600002884864807, 0.41700002551078796, 0.4140000343322754, 0.36400002241134644, 0.40300002694129944, 0.41700002551078796, 0.4400000274181366, 0.44600000977516174, 0.44700002670288086, 0.4360000193119049, 0.4180000126361847, 0.4400000274181366, 0.4360000193119049, 0.4220000207424164, 0.4130000174045563, 0.45500001311302185, 0.4180000126361847, 0.4100000262260437, 0.4100000262260437, 0.4360000193119049, 0.4320000112056732, 0.37300002574920654, 0.4270000159740448, 0.4050000309944153, 0.41200003027915955, 0.4150000214576721], "ood_ce": [2.309131383895874, 2.1739718914031982, 1.960877776145935, 1.9728689193725586, 2.0266964435577393, 1.9902857542037964, 2.255993604660034, 1.9523504972457886, 2.076617956161499, 2.1847851276397705, 2.3066182136535645, 2.5075104236602783, 2.3076059818267822, 2.382246971130371, 2.5841243267059326, 2.2785112857818604, 2.587440252304077, 2.638737678527832, 2.555382013320923, 2.499434232711792, 2.626587390899658, 2.73311185836792, 2.4646100997924805, 2.696410894393921, 2.887437105178833, 2.9272518157958984, 3.097470760345459, 2.8073198795318604, 2.837932586669922, 3.124697208404541, 3.1196632385253906, 2.9978904724121094, 2.8168859481811523, 2.8850905895233154, 3.553480863571167, 3.3695621490478516, 3.1327338218688965, 3.4971704483032227, 3.390559673309326, 3.0857884883880615, 3.0872299671173096, 3.2021005153656006, 3.3102333545684814, 3.4099857807159424, 3.1524763107299805, 3.581273078918457, 3.6843814849853516, 3.07412052154541, 3.409355878829956, 3.1966617107391357, 3.9105019569396973]}