{"step": [0, 30, 60, 90, 120, 150, 180, 210, 240, 270, 300, 330, 360, 390, 420, 450, 480, 510, 540, 570, 600, 630, 660, 690, 720, 750, 780, 810, 840, 870, 900, 930, 960, 990, 1020, 1050, 1080, 1110, 1140, 1170, 1200, 1230, 1260, 1290, 1320, 1350, 1380, 1410, 1440, 1470, 1499], "train": [2.302424589792887, 2.0918965339660645, 1.727880875269572, 1.3397422631581624, 0.9796628952026367, 0.7955098350842794, 0.6518246630827585, 0.5325766603151957, 0.45368489623069763, 0.410124530394872, 0.34453144172827405, 0.3050672759612401, 0.3052750031153361, 0.34557632108529407, 0.2690538913011551, 0.2543410112460454, 0.19468814134597778, 0.214253768324852, 0.19999010364214578, 0.19549808402856192, 0.20977296928564707, 0.17919160425662994, 0.11484218388795853, 0.17804419497648874, 0.1215846265355746, 0.1563670113682747, 0.14687208831310272, 0.13095623006423315, 0.18971719344456991, 0.11867132286230724, 0.17788374920686087, 0.16882373640934625, 0.1395836596687635, 0.1409089962641398, 0.13219284017880759, 0.10630900412797928, 0.13219616810480753, 0.1666253904501597, 0.14262100805838904, 0.1512709061304728, 0.12511946260929108, 0.08454867700735728, 0.0720004787047704, 0.09213943034410477, 0.08399790401260059, 0.07616153235236804, 0.1087254136800766, 0.16759806871414185, 0.1661915679772695, 0.10627055913209915, 0.11494467407464981], "ood_acc": [0.11100000888109207, 0.2540000081062317, 0.3050000071525574, 0.35200002789497375, 0.3450000286102295, 0.34200000762939453, 0.3540000021457672, 0.39000001549720764, 0.3960000276565552, 0.4140000343322754, 0.4010000228881836, 0.4270000159740448, 0.4300000071525574, 0.3930000066757202, 0.4230000078678131, 0.4050000309944153, 0.398000031709671, 0.4240000247955322, 0.406000018119812, 0.4180000126361847, 0.4130000174045563, 0.3960000276565552, 0.4130000174045563, 0.41600000858306885, 0.4140000343322754, 0.39400002360343933, 0.37700000405311584, 0.41600000858306885, 0.4300000071525574, 0.4410000145435333, 0.41600000858306885, 0.41100001335144043, 0.4020000100135803, 0.42600002884864807, 0.3700000047683716, 0.38600000739097595, 0.3790000081062317, 0.40800002217292786, 0.3800000250339508, 0.40700000524520874, 0.3970000147819519, 0.38700002431869507, 0.42100003361701965, 0.40800002217292786, 0.3930000066757202, 0.40300002694129944, 0.38600000739097595, 0.36900001764297485, 0.3920000195503235, 0.4010000228881836, 0.39900001883506775], "ood_ce": [2.2975423336029053, 2.1606268882751465, 1.9716460704803467, 1.8209096193313599, 1.9912798404693604, 2.03782057762146, 2.215024709701538, 2.1390151977539062, 2.298105239868164, 2.3782522678375244, 2.3690342903137207, 2.322322368621826, 2.5383050441741943, 2.574782133102417, 2.6987791061401367, 2.6572797298431396, 2.742607593536377, 2.972860097885132, 2.8481695652008057, 2.6954267024993896, 2.7298173904418945, 3.3785605430603027, 3.050262212753296, 3.4817299842834473, 3.1433568000793457, 3.251675605773926, 3.3491275310516357, 3.0242154598236084, 3.0812649726867676, 3.206808090209961, 3.0489795207977295, 3.0272817611694336, 3.1750967502593994, 3.491086721420288, 3.5275447368621826, 3.9440178871154785, 4.174930572509766, 4.012134552001953, 4.111109733581543, 3.7151432037353516, 3.3785576820373535, 3.371382236480713, 3.501188278198242, 3.6380820274353027, 3.7611911296844482, 3.6661345958709717, 4.069341659545898, 4.041433334350586, 3.7097887992858887, 3.802790641784668, 4.0997138023376465]}