{"step": [0, 30, 60, 90, 120, 150, 180, 210, 240, 270, 300, 330, 360, 390, 420, 450, 480, 510, 540, 570, 600, 630, 660, 690, 720, 750, 780, 810, 840, 870, 900, 930, 960, 990, 1020, 1050, 1080, 1110, 1140, 1170, 1200, 1230, 1260, 1290, 1320, 1350, 1380, 1410, 1440, 1470, 1499], "train": [2.2955477237701416, 2.040492057800293, 1.609343409538269, 1.301285187403361, 0.9566917220751444, 0.7648804485797882, 0.5946707328160604, 0.5192437370618185, 0.4253860612710317, 0.37891759475072223, 0.3236059745152791, 0.274254376689593, 0.3217798223098119, 0.312172864874204, 0.21407191207011542, 0.19956102222204208, 0.204883707066377, 0.2201192875703176, 0.22911883890628815, 0.17712364345788956, 0.18542072176933289, 0.1922993262608846, 0.15220377345879874, 0.15964890519777933, 0.14997412264347076, 0.12471979235609372, 0.13198511550823847, 0.17832688987255096, 0.1465423752864202, 0.1113578329483668, 0.11237807323535283, 0.12904216349124908, 0.1413309102257093, 0.12140268335739772, 0.13721215724945068, 0.13773309936126074, 0.10912817344069481, 0.14917410910129547, 0.114906861136357, 0.10252890984217326, 0.080589659512043, 0.10830517113208771, 0.09642787526051204, 0.10341378301382065, 0.09261468549569447, 0.08995575457811356, 0.17045719424883524, 0.25960933913787204, 0.1260335793097814, 0.11532018333673477, 0.10266036291917165], "ood_acc": [0.08700000494718552, 0.2330000102519989, 0.29200002551078796, 0.29200002551078796, 0.35200002789497375, 0.359000027179718, 0.3630000054836273, 0.37400001287460327, 0.35100001096725464, 0.3960000276565552, 0.35500001907348633, 0.3890000283718109, 0.3970000147819519, 0.40300002694129944, 0.3890000283718109, 0.38100001215934753, 0.40400001406669617, 0.3960000276565552, 0.3750000298023224, 0.4150000214576721, 0.406000018119812, 0.4100000262260437, 0.39400002360343933, 0.4050000309944153, 0.4230000078678131, 0.4090000092983246, 0.42500001192092896, 0.4140000343322754, 0.4140000343322754, 0.4190000295639038, 0.41700002551078796, 0.406000018119812, 0.4270000159740448, 0.38200002908706665, 0.4150000214576721, 0.3930000066757202, 0.40700000524520874, 0.3570000231266022, 0.3660000264644623, 0.3890000283718109, 0.4000000059604645, 0.41600000858306885, 0.39100003242492676, 0.398000031709671, 0.3710000216960907, 0.35200002789497375, 0.3850000202655792, 0.406000018119812, 0.3890000283718109, 0.38100001215934753, 0.3760000169277191], "ood_ce": [2.309570789337158, 2.1685996055603027, 1.9655451774597168, 1.9102400541305542, 1.912102460861206, 2.0712530612945557, 2.155880928039551, 2.057501792907715, 2.2503232955932617, 2.249018907546997, 2.554030656814575, 2.4388256072998047, 2.5789036750793457, 2.383540391921997, 2.6008238792419434, 2.5481724739074707, 2.655951976776123, 2.8368043899536133, 3.0780246257781982, 2.850477933883667, 2.844048500061035, 2.845024347305298, 2.7039318084716797, 3.0400636196136475, 2.8677244186401367, 3.0606017112731934, 2.9399540424346924, 3.3117547035217285, 3.118070363998413, 3.02923321723938, 3.4045157432556152, 3.345482587814331, 3.1758992671966553, 3.4285738468170166, 3.6411261558532715, 3.6281447410583496, 3.7771637439727783, 3.657992362976074, 3.099137783050537, 3.140904188156128, 3.9096755981445312, 4.149966716766357, 4.000396251678467, 4.379558563232422, 4.208873271942139, 3.4194512367248535, 4.009337902069092, 4.886612415313721, 4.143731594085693, 4.375576019287109, 3.9310619831085205]}