{"step": [0, 30, 60, 90, 120, 150, 180, 210, 240, 270, 300, 330, 360, 390, 420, 450, 480, 510, 540, 570, 600, 630, 660, 690, 720, 750, 780, 810, 840, 870, 900, 930, 960, 990, 1020, 1050, 1080, 1110, 1140, 1170, 1200, 1230, 1260, 1290, 1320, 1350, 1380, 1410, 1440, 1470, 1499], "train": [2.289719343185425, 2.0570854345957437, 1.6724925835927327, 1.2914961576461792, 0.9880744020144144, 0.7488850752512614, 0.6227547427018484, 0.5402261813481649, 0.4482287069161733, 0.4122264087200165, 0.3923870821793874, 0.37537868817647296, 0.30220263202985126, 0.2964909275372823, 0.24069681763648987, 0.2463342845439911, 0.23555201788743338, 0.19507074107726416, 0.18871645629405975, 0.1733895738919576, 0.1930543233950933, 0.2412816286087036, 0.12892563020189604, 0.16238303730885187, 0.20282531281312308, 0.171194925904274, 0.12955506145954132, 0.11306932816902797, 0.1360669508576393, 0.10255935663978259, 0.13033312310775122, 0.11343152076005936, 0.0903933768471082, 0.15967959662278494, 0.11568170289198558, 0.09832900265852611, 0.10814108699560165, 0.14652472486098608, 0.1713403438528379, 0.11140945305426915, 0.13934914767742157, 0.0997156451145808, 0.12649178256591162, 0.09029329816500346, 0.0850742335120837, 0.12683834383885065, 0.07740055645505588, 0.16085152328014374, 0.14154605567455292, 0.10357051094373067, 0.07353349526723225], "ood_acc": [0.1120000034570694, 0.19600000977516174, 0.2900000214576721, 0.28200000524520874, 0.2939999997615814, 0.3360000252723694, 0.3840000033378601, 0.398000031709671, 0.3630000054836273, 0.4410000145435333, 0.43400001525878906, 0.4280000329017639, 0.4180000126361847, 0.4230000078678131, 0.40700000524520874, 0.4400000274181366, 0.4410000145435333, 0.4240000247955322, 0.3840000033378601, 0.4180000126361847, 0.4320000112056732, 0.4320000112056732, 0.41600000858306885, 0.4240000247955322, 0.4240000247955322, 0.406000018119812, 0.4130000174045563, 0.4270000159740448, 0.41700002551078796, 0.3890000283718109, 0.37700000405311584, 0.43400001525878906, 0.39900001883506775, 0.39100003242492676, 0.4010000228881836, 0.3960000276565552, 0.3960000276565552, 0.42900002002716064, 0.41600000858306885, 0.4150000214576721, 0.41700002551078796, 0.3830000162124634, 0.38600000739097595, 0.4050000309944153, 0.3970000147819519, 0.4180000126361847, 0.40800002217292786, 0.4270000159740448, 0.3570000231266022, 0.39500001072883606, 0.40300002694129944], "ood_ce": [2.3007583618164062, 2.1683189868927, 1.990850806236267, 2.0640347003936768, 2.1987428665161133, 2.1662421226501465, 2.1062257289886475, 1.906592845916748, 2.2815213203430176, 2.075566053390503, 2.0415284633636475, 2.2821264266967773, 2.2833797931671143, 2.3712806701660156, 2.293872833251953, 2.349343776702881, 2.728452444076538, 2.5696723461151123, 2.876920223236084, 2.8671135902404785, 2.5969245433807373, 2.677621603012085, 2.5656306743621826, 2.6071479320526123, 2.7816221714019775, 2.8847239017486572, 2.7472751140594482, 2.8208224773406982, 2.886924982070923, 3.1699631214141846, 3.1084518432617188, 3.043826103210449, 3.456242084503174, 3.5901637077331543, 3.1386544704437256, 3.048309803009033, 3.271138906478882, 3.27547025680542, 4.507086753845215, 3.087200403213501, 3.1128437519073486, 2.9041523933410645, 3.2610208988189697, 2.952451705932617, 3.223306655883789, 3.5634806156158447, 3.3667237758636475, 3.687145471572876, 3.545867919921875, 3.5417466163635254, 4.231438159942627]}