{"step": [0, 30, 60, 90, 120, 150, 180, 210, 240, 270, 300, 330, 360, 390, 420, 450, 480, 510, 540, 570, 600, 630, 660, 690, 720, 750, 780, 810, 840, 870, 900, 930, 960, 990, 1020, 1050, 1080, 1110, 1140, 1170, 1200, 1230, 1260, 1290, 1320, 1350, 1380, 1410, 1440, 1470, 1499], "train": [2.289719343185425, 2.0489348570505777, 1.641487757364909, 1.27871835231781, 0.9597231944402059, 0.735379030307134, 0.6405300696690878, 0.5075792868932089, 0.4353247086207072, 0.3979058067003886, 0.37057197093963623, 0.3578707774480184, 0.28411995867888135, 0.2577136556307475, 0.22758163015047708, 0.21302948892116547, 0.18979726483424506, 0.1911029095451037, 0.18164502084255219, 0.18137532472610474, 0.15505296488602957, 0.16552521288394928, 0.1678617795308431, 0.1254800483584404, 0.19564906259377798, 0.14842168241739273, 0.1198205053806305, 0.12146628399689992, 0.11336823056141536, 0.14769636591275534, 0.1064174547791481, 0.13822842140992483, 0.13922389596700668, 0.09083860367536545, 0.08857679118712743, 0.11465327938397725, 0.130090003212293, 0.22033563256263733, 0.10760058710972469, 0.08043887217839558, 0.0897193190952142, 0.09468094756205876, 0.08914512892564137, 0.06957791497310002, 0.14116394271453223, 0.1141116072734197, 0.10075593243042628, 0.11228635410467784, 0.08399306113521258, 0.06410787627100945, 0.08581162430346012], "ood_acc": [0.1120000034570694, 0.21000000834465027, 0.289000004529953, 0.2939999997615814, 0.3070000112056732, 0.33400002121925354, 0.3750000298023224, 0.40700000524520874, 0.38600000739097595, 0.4150000214576721, 0.4130000174045563, 0.4400000274181366, 0.39900001883506775, 0.43400001525878906, 0.4390000104904175, 0.4240000247955322, 0.44200003147125244, 0.4150000214576721, 0.39500001072883606, 0.42000001668930054, 0.44200003147125244, 0.4280000329017639, 0.38200002908706665, 0.4320000112056732, 0.4240000247955322, 0.45600003004074097, 0.44300001859664917, 0.4280000329017639, 0.4130000174045563, 0.38600000739097595, 0.4020000100135803, 0.39900001883506775, 0.4090000092983246, 0.41100001335144043, 0.41100001335144043, 0.4320000112056732, 0.4130000174045563, 0.40400001406669617, 0.4230000078678131, 0.4240000247955322, 0.4020000100135803, 0.4150000214576721, 0.43400001525878906, 0.43400001525878906, 0.4130000174045563, 0.4280000329017639, 0.41200003027915955, 0.39900001883506775, 0.4140000343322754, 0.43300002813339233, 0.40700000524520874], "ood_ce": [2.3007583618164062, 2.164581775665283, 1.9835959672927856, 2.008350372314453, 2.0665276050567627, 2.0862810611724854, 2.119230031967163, 1.9560294151306152, 2.156635046005249, 2.13393497467041, 2.1304659843444824, 2.1498308181762695, 2.4013471603393555, 2.3466403484344482, 2.32808518409729, 2.3195688724517822, 2.5510592460632324, 2.5809664726257324, 2.713341236114502, 2.7026851177215576, 2.6529688835144043, 2.6300694942474365, 2.731921672821045, 2.5792813301086426, 2.891767740249634, 2.8613991737365723, 2.7127819061279297, 2.7066004276275635, 2.994290351867676, 3.3385517597198486, 3.031075954437256, 3.099522352218628, 2.9481289386749268, 3.0968728065490723, 3.2847392559051514, 3.3078601360321045, 3.1668920516967773, 2.8537912368774414, 2.8220860958099365, 3.2176830768585205, 3.398301124572754, 3.3543694019317627, 3.617509126663208, 3.289108991622925, 3.4011054039001465, 3.460801362991333, 3.2752010822296143, 3.8491508960723877, 3.6801276206970215, 3.7877280712127686, 3.640937328338623]}