{"step": [0, 30, 60, 90, 120, 150, 180, 210, 240, 270, 300, 330, 360, 390, 420, 450, 480, 510, 540, 570, 600, 630, 660, 690, 720, 750, 780, 810, 840, 870, 900, 930, 960, 990, 1020, 1050, 1080, 1110, 1140, 1170, 1200, 1230, 1260, 1290, 1320, 1350, 1380, 1410, 1440, 1470, 1499], "train": [2.2990516821543374, 2.063759525616964, 1.6947489579518635, 1.3991509278615315, 1.0750287771224976, 0.8102975289026896, 0.6478823125362396, 0.5229939719041189, 0.43559374411900836, 0.39222196737925213, 0.3559737801551819, 0.2992268552382787, 0.2571335732936859, 0.23892333606878915, 0.20152326921621957, 0.21915910889705023, 0.18405952056248984, 0.1744924858212471, 0.1613429176310698, 0.14918632308642069, 0.15142908692359924, 0.1725614865620931, 0.15807566295067468, 0.12071716040372849, 0.12544119854768118, 0.10808239380518596, 0.09764496361215909, 0.09547206511100133, 0.07839729636907578, 0.1096540242433548, 0.1195759375890096, 0.08139748374621074, 0.07906920090317726, 0.10175954798857371, 0.12311963240305583, 0.08234167223175366, 0.08000762015581131, 0.0681656077504158, 0.1238950788974762, 0.13178564111391702, 0.08207532266775767, 0.08900057276089986, 0.0800370176633199, 0.08111640686790149, 0.09372439856330554, 0.0942892183860143, 0.09034610042969386, 0.06610797966519992, 0.08074208348989487, 0.07158109918236732, 0.10450347637136777], "ood_acc": [0.10000000149011612, 0.20100000500679016, 0.24000000953674316, 0.28300002217292786, 0.36000001430511475, 0.3850000202655792, 0.4130000174045563, 0.3970000147819519, 0.4350000321865082, 0.4320000112056732, 0.42900002002716064, 0.4280000329017639, 0.4010000228881836, 0.4010000228881836, 0.42600002884864807, 0.4490000307559967, 0.4240000247955322, 0.4280000329017639, 0.4190000295639038, 0.41100001335144043, 0.43700000643730164, 0.43700000643730164, 0.4130000174045563, 0.445000022649765, 0.4130000174045563, 0.4190000295639038, 0.4180000126361847, 0.4350000321865082, 0.4400000274181366, 0.4180000126361847, 0.3830000162124634, 0.41600000858306885, 0.41100001335144043, 0.42900002002716064, 0.41700002551078796, 0.4300000071525574, 0.43800002336502075, 0.4270000159740448, 0.4280000329017639, 0.4280000329017639, 0.42500001192092896, 0.4180000126361847, 0.3970000147819519, 0.39400002360343933, 0.40800002217292786, 0.4230000078678131, 0.38700002431869507, 0.3970000147819519, 0.41200003027915955, 0.4050000309944153, 0.3530000150203705], "ood_ce": [2.3157217502593994, 2.1926567554473877, 2.0322742462158203, 1.9390531778335571, 1.8996423482894897, 1.8587437868118286, 1.7809628248214722, 1.85098135471344, 1.9101616144180298, 2.043248176574707, 2.2463066577911377, 2.1973485946655273, 2.4373137950897217, 2.604111433029175, 2.2516355514526367, 2.4972963333129883, 2.4262843132019043, 2.6894941329956055, 2.7464561462402344, 2.6206326484680176, 2.6486897468566895, 2.758653402328491, 2.7417049407958984, 2.751926898956299, 2.906073808670044, 2.8478965759277344, 2.8668172359466553, 2.9165196418762207, 2.7484395503997803, 2.8846278190612793, 2.946829080581665, 2.8594141006469727, 3.0381572246551514, 3.069333791732788, 3.1961333751678467, 3.1037333011627197, 3.0286431312561035, 3.2980713844299316, 3.277982473373413, 3.270636558532715, 3.255966901779175, 3.310920000076294, 3.812021493911743, 3.5758495330810547, 3.2967324256896973, 3.4577136039733887, 3.459608554840088, 3.6698296070098877, 3.5839290618896484, 3.4551236629486084, 3.26851749420166]}