{"step": [0, 30, 60, 90, 120, 150, 180, 210, 240, 270, 300, 330, 360, 390, 420, 450, 480, 510, 540, 570, 600, 630, 660, 690, 720, 750, 780, 810, 840, 870, 900, 930, 960, 990, 1020, 1050, 1080, 1110, 1140, 1170, 1200, 1230, 1260, 1290, 1320, 1350, 1380, 1410, 1440, 1470, 1499], "train": [2.2990516821543374, 2.045780658721924, 1.6271229187647502, 1.3065332571665447, 0.9949525992075602, 0.7399555941422781, 0.6284125546614329, 0.508281946182251, 0.4538256625334422, 0.3762992372115453, 0.4007063110669454, 0.3188554098208745, 0.28518285353978473, 0.2852538079023361, 0.2550723652044932, 0.2392746756474177, 0.21132076780001322, 0.20560234040021896, 0.20507808029651642, 0.17548742642005286, 0.19059152156114578, 0.15701120098431906, 0.16793110966682434, 0.20290113985538483, 0.21257736533880234, 0.17384265611569086, 0.10816648105780284, 0.11112893372774124, 0.19410779078801474, 0.130249855419, 0.15530571093161902, 0.17476168274879456, 0.14224347720543543, 0.1330927386879921, 0.1254567801952362, 0.09600791955987613, 0.15589341521263123, 0.16475453476111093, 0.18370231489340463, 0.15760009984175363, 0.11065847923358281, 0.1501502643028895, 0.1172379528482755, 0.1391985515753428, 0.093492291867733, 0.0795855342100064, 0.13906985024611154, 0.14701558649539948, 0.146399495502313, 0.13113823781410852, 0.1072408879796664], "ood_acc": [0.10000000149011612, 0.2150000035762787, 0.2680000066757202, 0.28300002217292786, 0.36100003123283386, 0.3720000088214874, 0.4000000059604645, 0.39900001883506775, 0.42600002884864807, 0.42500001192092896, 0.4300000071525574, 0.38700002431869507, 0.4230000078678131, 0.4310000240802765, 0.4320000112056732, 0.4090000092983246, 0.4220000207424164, 0.4300000071525574, 0.4320000112056732, 0.4270000159740448, 0.4100000262260437, 0.4280000329017639, 0.43300002813339233, 0.41100001335144043, 0.41100001335144043, 0.42100003361701965, 0.4410000145435333, 0.4310000240802765, 0.37700000405311584, 0.42900002002716064, 0.42600002884864807, 0.4130000174045563, 0.4190000295639038, 0.41100001335144043, 0.3750000298023224, 0.3960000276565552, 0.4310000240802765, 0.41600000858306885, 0.4130000174045563, 0.40700000524520874, 0.41600000858306885, 0.4180000126361847, 0.41600000858306885, 0.4280000329017639, 0.41600000858306885, 0.41700002551078796, 0.39100003242492676, 0.3890000283718109, 0.4010000228881836, 0.3920000195503235, 0.39100003242492676], "ood_ce": [2.3157217502593994, 2.1800613403320312, 1.9733847379684448, 1.9405137300491333, 2.0516512393951416, 2.0389773845672607, 2.038039207458496, 1.9860007762908936, 2.219470977783203, 2.2157905101776123, 2.323643207550049, 2.414792060852051, 2.521085739135742, 2.7090985774993896, 2.630230665206909, 2.63997745513916, 2.5712897777557373, 2.8353066444396973, 2.745507001876831, 2.602799415588379, 2.934603452682495, 2.903766632080078, 3.2884583473205566, 3.2262916564941406, 2.666203498840332, 2.836200714111328, 2.8846142292022705, 3.2952828407287598, 3.3775267601013184, 2.9859983921051025, 3.250539779663086, 3.114978075027466, 3.281856060028076, 3.4975194931030273, 3.941556453704834, 3.3096585273742676, 3.6554510593414307, 3.417576313018799, 3.319448947906494, 3.199704170227051, 3.2800307273864746, 3.6846325397491455, 3.818023681640625, 3.317898988723755, 3.2326927185058594, 3.513230562210083, 3.670355796813965, 3.7177460193634033, 4.174728870391846, 4.1690449714660645, 4.19227933883667]}