{"step": [0, 30, 60, 90, 120, 150, 180, 210, 240, 270, 300, 330, 360, 390, 420, 450, 480, 510, 540, 570, 600, 630, 660, 690, 720, 750, 780, 810, 840, 870, 900, 930, 960, 990, 1020, 1050, 1080, 1110, 1140, 1170, 1200, 1230, 1260, 1290, 1320, 1350, 1380, 1410, 1440, 1470, 1499], "train": [2.289719343185425, 2.053904136021932, 1.6635280847549438, 1.2837417125701904, 0.9751230279604594, 0.7394246856371561, 0.7190132737159729, 0.5735865533351898, 0.43568265438079834, 0.3924580266078313, 0.40745286146799725, 0.34402502576510113, 0.31100115676720935, 0.23712685704231262, 0.23479516804218292, 0.22898200651009878, 0.2291742612918218, 0.256877139210701, 0.1844340612490972, 0.1615641489624977, 0.22804027299086252, 0.2008504718542099, 0.1594487006465594, 0.13244234770536423, 0.14903263250986734, 0.1776547705133756, 0.133517916003863, 0.11823596805334091, 0.1529587358236313, 0.13089291751384735, 0.10731382916371028, 0.22994944949944815, 0.12847285717725754, 0.09565584113200505, 0.11923596014579137, 0.12153535212079684, 0.11579029262065887, 0.10671089341243108, 0.09181505690018336, 0.11155130714178085, 0.12487727403640747, 0.11902903765439987, 0.11860394974549611, 0.1060984010497729, 0.1050547535220782, 0.10893480231364568, 0.11672402669986089, 0.12067134057482083, 0.13117545594771704, 0.08209126070141792, 0.07619182517131169], "ood_acc": [0.1120000034570694, 0.19600000977516174, 0.2930000126361847, 0.28600001335144043, 0.29500001668930054, 0.3360000252723694, 0.3700000047683716, 0.38600000739097595, 0.367000013589859, 0.4280000329017639, 0.4490000307559967, 0.44300001859664917, 0.4490000307559967, 0.4230000078678131, 0.44600000977516174, 0.43700000643730164, 0.42500001192092896, 0.4280000329017639, 0.4000000059604645, 0.4190000295639038, 0.4280000329017639, 0.43700000643730164, 0.4230000078678131, 0.44700002670288086, 0.4410000145435333, 0.4390000104904175, 0.43300002813339233, 0.4360000193119049, 0.42000001668930054, 0.406000018119812, 0.4320000112056732, 0.4190000295639038, 0.39500001072883606, 0.4090000092983246, 0.41200003027915955, 0.406000018119812, 0.44600000977516174, 0.4270000159740448, 0.4220000207424164, 0.4050000309944153, 0.40700000524520874, 0.41700002551078796, 0.42100003361701965, 0.3960000276565552, 0.3880000114440918, 0.3880000114440918, 0.4140000343322754, 0.37700000405311584, 0.4050000309944153, 0.4190000295639038, 0.39000001549720764], "ood_ce": [2.3007583618164062, 2.16701602935791, 1.98634934425354, 2.065040349960327, 2.2014355659484863, 2.1760194301605225, 2.1421256065368652, 2.0497183799743652, 2.1216413974761963, 2.1534781455993652, 2.1053740978240967, 2.2752525806427, 2.184924840927124, 2.5784523487091064, 2.3613622188568115, 2.5310254096984863, 2.626676321029663, 2.677431344985962, 2.4086883068084717, 2.409963369369507, 2.6424143314361572, 2.544699192047119, 2.5171685218811035, 2.4721829891204834, 2.7231194972991943, 2.8119685649871826, 2.5207109451293945, 2.620274066925049, 2.924623966217041, 3.0035152435302734, 2.6471199989318848, 2.8806848526000977, 3.181868076324463, 2.9744009971618652, 3.491562843322754, 3.351189136505127, 3.0002706050872803, 2.9438040256500244, 3.33955979347229, 3.363834857940674, 2.9938266277313232, 2.90556001663208, 3.1755728721618652, 3.5243139266967773, 3.504152297973633, 3.414416551589966, 3.7425763607025146, 3.435692310333252, 3.258901596069336, 3.305957555770874, 3.6070945262908936]}