{"step": [0, 30, 60, 90, 120, 150, 180, 210, 240, 270, 300, 330, 360, 390, 420, 450, 480, 510, 540, 570, 600, 630, 660, 690, 720, 750, 780, 810, 840, 870, 900, 930, 960, 990, 1020, 1050, 1080, 1110, 1140, 1170, 1200, 1230, 1260, 1290, 1320, 1350, 1380, 1410, 1440, 1470, 1499], "train": [2.3100438912709556, 2.109128713607788, 1.7366995016733806, 1.4240801334381104, 1.0175826748212178, 0.8219630519549052, 0.6304348905881246, 0.5686445832252502, 0.4791512091954549, 0.453218013048172, 0.42392653226852417, 0.3223496973514557, 0.3100546399752299, 0.2883756210406621, 0.3015532394250234, 0.23595278958479562, 0.21770392855008444, 0.2406820853551229, 0.1897751192251841, 0.181741734345754, 0.18746504187583923, 0.19100902477900186, 0.18532825509707132, 0.1560214857260386, 0.1706412136554718, 0.14975830912590027, 0.15352916717529297, 0.1519444684187571, 0.14730224261681238, 0.13592676570018133, 0.11527531097332637, 0.11364839474360149, 0.13723814487457275, 0.11931599428256352, 0.10142830014228821, 0.13536889354387918, 0.1253854806224505, 0.10035249218344688, 0.09832577655712764, 0.12114443629980087, 0.10401411106189092, 0.15710740784804025, 0.12655327220757803, 0.1827218954761823, 0.1060031106074651, 0.1115595002969106, 0.12627401451269785, 0.14207346240679422, 0.10546666383743286, 0.0840659961104393, 0.09224385768175125], "ood_acc": [0.07500000298023224, 0.2330000102519989, 0.289000004529953, 0.3140000104904175, 0.3320000171661377, 0.40300002694129944, 0.38600000739097595, 0.4150000214576721, 0.41700002551078796, 0.4010000228881836, 0.4150000214576721, 0.42600002884864807, 0.44700002670288086, 0.41100001335144043, 0.4220000207424164, 0.45600003004074097, 0.4540000259876251, 0.42600002884864807, 0.4220000207424164, 0.45600003004074097, 0.4240000247955322, 0.4020000100135803, 0.4280000329017639, 0.40400001406669617, 0.4220000207424164, 0.4300000071525574, 0.398000031709671, 0.4180000126361847, 0.37300002574920654, 0.4140000343322754, 0.44600000977516174, 0.42000001668930054, 0.4350000321865082, 0.44600000977516174, 0.45900002121925354, 0.4320000112056732, 0.44200003147125244, 0.4520000219345093, 0.44300001859664917, 0.44300001859664917, 0.4190000295639038, 0.39500001072883606, 0.4280000329017639, 0.42100003361701965, 0.4140000343322754, 0.4000000059604645, 0.42000001668930054, 0.398000031709671, 0.3760000169277191, 0.3930000066757202, 0.4010000228881836], "ood_ce": [2.309131383895874, 2.179619789123535, 1.9618083238601685, 1.9068784713745117, 1.9386307001113892, 1.8687340021133423, 2.252095937728882, 2.066512107849121, 1.9617398977279663, 2.3021457195281982, 2.258208751678467, 2.4360952377319336, 2.3171029090881348, 2.6183247566223145, 2.484027862548828, 2.2431626319885254, 2.424443006515503, 2.4380078315734863, 2.459407329559326, 2.3804590702056885, 2.7884631156921387, 2.724043130874634, 2.713545799255371, 2.8732666969299316, 2.958416223526001, 2.661754846572876, 2.8629956245422363, 2.7949466705322266, 3.113642692565918, 2.8810224533081055, 2.786555767059326, 2.8477084636688232, 2.950702428817749, 2.6272778511047363, 2.980900287628174, 2.9640274047851562, 2.922783136367798, 2.7887916564941406, 3.0540525913238525, 2.928692579269409, 3.0387063026428223, 3.0459001064300537, 3.2154483795166016, 3.6274917125701904, 3.5915415287017822, 3.425558567047119, 3.80961537361145, 3.57173752784729, 3.221327543258667, 3.4393537044525146, 3.712860107421875]}