{"step": [0, 30, 60, 90, 120, 150, 180, 210, 240, 270, 300, 330, 360, 390, 420, 450, 480, 510, 540, 570, 600, 630, 660, 690, 720, 750, 780, 810, 840, 870, 900, 930, 960, 990, 1020, 1050, 1080, 1110, 1140, 1170, 1200, 1230, 1260, 1290, 1320, 1350, 1380, 1410, 1440, 1470, 1499], "train": [2.2955477237701416, 2.043243964513143, 1.597434639930725, 1.210746963818868, 0.9263853430747986, 0.7600472271442413, 0.6043735444545746, 0.5268348455429077, 0.4603601396083832, 0.39773311217625934, 0.34094728032747906, 0.2918670227130254, 0.27592118581136066, 0.2666575213273366, 0.2815183897813161, 0.22368530929088593, 0.2010765497883161, 0.22488725433746973, 0.2393417259057363, 0.21167430778344473, 0.1646294097105662, 0.14352003981669745, 0.18482118348280588, 0.1627513219912847, 0.16128045817216238, 0.21110575397809347, 0.12978198875983557, 0.12668517728646597, 0.14365101357301077, 0.1210477389395237, 0.16625561813513437, 0.12089180449644725, 0.1495292807618777, 0.11537071814139684, 0.09785954654216766, 0.14823676397403082, 0.11346172541379929, 0.11553660531838734, 0.1049119954307874, 0.10171226660410564, 0.07938816025853157, 0.11425303171078365, 0.10692966481049855, 0.0641354409356912, 0.09170600026845932, 0.08428099006414413, 0.11182284603516261, 0.11061286677916844, 0.13784344991048178, 0.09769985948999722, 0.06679488345980644], "ood_acc": [0.08700000494718552, 0.23600001633167267, 0.2720000147819519, 0.2770000100135803, 0.3460000157356262, 0.3370000123977661, 0.36000001430511475, 0.37400001287460327, 0.36100003123283386, 0.38600000739097595, 0.37300002574920654, 0.398000031709671, 0.4190000295639038, 0.43400001525878906, 0.37400001287460327, 0.41100001335144043, 0.41600000858306885, 0.4090000092983246, 0.4090000092983246, 0.4050000309944153, 0.4190000295639038, 0.42100003361701965, 0.40800002217292786, 0.4000000059604645, 0.40800002217292786, 0.3800000250339508, 0.39500001072883606, 0.41600000858306885, 0.4010000228881836, 0.43300002813339233, 0.38700002431869507, 0.4000000059604645, 0.406000018119812, 0.3790000081062317, 0.40400001406669617, 0.3630000054836273, 0.3890000283718109, 0.41100001335144043, 0.4050000309944153, 0.40400001406669617, 0.39000001549720764, 0.39100003242492676, 0.39500001072883606, 0.3800000250339508, 0.3890000283718109, 0.38100001215934753, 0.37700000405311584, 0.37700000405311584, 0.35200002789497375, 0.3680000305175781, 0.3880000114440918], "ood_ce": [2.309570789337158, 2.1710598468780518, 1.9674170017242432, 1.9657795429229736, 2.0102062225341797, 2.2659120559692383, 2.1680309772491455, 2.1732020378112793, 2.359832286834717, 2.257108688354492, 2.510382890701294, 2.4360735416412354, 2.6012587547302246, 2.321455240249634, 2.6291658878326416, 2.524555206298828, 2.7140543460845947, 2.734417676925659, 2.933305263519287, 2.8225560188293457, 2.5818159580230713, 2.6316840648651123, 3.092773914337158, 3.365060329437256, 2.8687350749969482, 3.190473794937134, 3.3126168251037598, 3.0193607807159424, 3.3634719848632812, 3.1745617389678955, 3.422353506088257, 2.912057399749756, 2.9328360557556152, 3.141155242919922, 3.234224319458008, 3.805530548095703, 3.110225200653076, 3.348933458328247, 3.11379075050354, 3.265763998031616, 3.577693462371826, 3.631058692932129, 3.6727025508880615, 3.42935848236084, 3.9688448905944824, 4.1755571365356445, 4.16234016418457, 4.277978897094727, 4.006385326385498, 3.7697041034698486, 4.202970504760742]}