{"step": [0, 30, 60, 90, 120, 150, 180, 210, 240, 270, 300, 330, 360, 390, 420, 450, 480, 510, 540, 570, 600, 630, 660, 690, 720, 750, 780, 810, 840, 870, 900, 930, 960, 990, 1020, 1050, 1080, 1110, 1140, 1170, 1200, 1230, 1260, 1290, 1320, 1350, 1380, 1410, 1440, 1470, 1499], "train": [2.2990516821543374, 2.045828382174174, 1.624705155690511, 1.2825949986775715, 0.9854172865549723, 0.7287738621234894, 0.612595816453298, 0.537909726301829, 0.4686063925425212, 0.39605921506881714, 0.34543735285600025, 0.3171397199233373, 0.2972832868496577, 0.321473295489947, 0.2695518632729848, 0.26646962265173596, 0.21113051225741705, 0.24051177750031152, 0.4266875882943471, 0.18219586461782455, 0.16744108001391092, 0.1931563764810562, 0.16070341567198435, 0.14697784433762232, 0.2058574010928472, 0.16217300295829773, 0.15900512784719467, 0.12080231308937073, 0.11983802417914073, 0.12658434609572092, 0.1375598907470703, 0.10804832478364308, 0.1275584747393926, 0.11341308057308197, 0.1450044016043345, 0.10468397289514542, 0.11663468554615974, 0.13642164568106332, 0.1440128336350123, 0.22784799337387085, 0.1452295109629631, 0.098831361780564, 0.13466797520716986, 0.10913443317015965, 0.16686362028121948, 0.11570670207341512, 0.08902747432390849, 0.11841774483521779, 0.08322596549987793, 0.10508153587579727, 0.0914192261795203], "ood_acc": [0.10000000149011612, 0.21700000762939453, 0.27000001072883606, 0.29600000381469727, 0.3580000102519989, 0.3710000216960907, 0.3880000114440918, 0.39900001883506775, 0.4270000159740448, 0.42100003361701965, 0.42900002002716064, 0.4180000126361847, 0.4020000100135803, 0.42000001668930054, 0.4010000228881836, 0.40800002217292786, 0.4180000126361847, 0.4350000321865082, 0.4090000092983246, 0.3960000276565552, 0.42500001192092896, 0.4310000240802765, 0.4230000078678131, 0.4270000159740448, 0.4310000240802765, 0.4360000193119049, 0.41600000858306885, 0.4570000171661377, 0.42600002884864807, 0.4350000321865082, 0.4190000295639038, 0.4190000295639038, 0.398000031709671, 0.42900002002716064, 0.43300002813339233, 0.41100001335144043, 0.4230000078678131, 0.4390000104904175, 0.4130000174045563, 0.3830000162124634, 0.40800002217292786, 0.4240000247955322, 0.398000031709671, 0.40800002217292786, 0.41100001335144043, 0.4050000309944153, 0.41200003027915955, 0.398000031709671, 0.4130000174045563, 0.41200003027915955, 0.38600000739097595], "ood_ce": [2.3157217502593994, 2.180264949798584, 1.9614890813827515, 1.959234595298767, 2.078883409500122, 2.0483922958374023, 2.0411887168884277, 2.0770771503448486, 2.240896224975586, 2.2761781215667725, 2.3381998538970947, 2.3332576751708984, 2.437283754348755, 2.6071970462799072, 2.5097100734710693, 2.5805907249450684, 2.4455957412719727, 2.6696295738220215, 2.833916187286377, 2.621948480606079, 2.5958635807037354, 2.9379324913024902, 2.8885996341705322, 3.0149526596069336, 2.9711241722106934, 2.7612485885620117, 3.0355677604675293, 3.0656681060791016, 3.223771810531616, 3.0249974727630615, 3.459078550338745, 3.1906776428222656, 3.294847011566162, 3.2681217193603516, 3.691775321960449, 3.578564405441284, 3.449286460876465, 3.562683343887329, 3.747938871383667, 3.6873340606689453, 2.9148576259613037, 3.2343406677246094, 3.5843241214752197, 3.616222620010376, 3.589139461517334, 4.009223937988281, 4.0489983558654785, 4.033675670623779, 3.7067692279815674, 4.043394565582275, 4.109852313995361]}