{"step": [0, 30, 60, 90, 120, 150, 180, 210, 240, 270, 300, 330, 360, 390, 420, 450, 480, 510, 540, 570, 600, 630, 660, 690, 720, 750, 780, 810, 840, 870, 900, 930, 960, 990, 1020, 1050, 1080, 1110, 1140, 1170, 1200, 1230, 1260, 1290, 1320, 1350, 1380, 1410, 1440, 1470, 1499], "train": [2.294736703236898, 2.120760997136434, 1.7609821160634358, 1.3469449281692505, 1.0450350046157837, 0.8079147934913635, 0.6674395600954691, 0.5549534559249878, 0.4543132583300273, 0.46601993838946026, 0.35264644026756287, 0.3168757309516271, 0.29225238660971325, 0.28678175310293835, 0.24229393899440765, 0.2145934303601583, 0.20594232032696405, 0.21621856093406677, 0.18149722119172415, 0.17867103715737662, 0.15672321120897928, 0.1740772152940432, 0.1499011293053627, 0.13130045185486475, 0.14627168079217276, 0.11847045024236043, 0.1429627537727356, 0.13253569354613623, 0.10563813646634419, 0.12134766081968944, 0.11655218154191971, 0.1257544457912445, 0.10193073004484177, 0.16046560804049173, 0.10220094521840413, 0.178703589985768, 0.11665237074096997, 0.14470511923233667, 0.11452734222014745, 0.11725760251283646, 0.10316205769777298, 0.10908167064189911, 0.10714959601561229, 0.14253107210000357, 0.08598723883430164, 0.12633264561494192, 0.10718962550163269, 0.10555666933457057, 0.13052639861901602, 0.1500819424788157, 0.13406051198641458], "ood_acc": [0.11900000274181366, 0.2200000137090683, 0.26100000739097595, 0.289000004529953, 0.32200002670288086, 0.36000001430511475, 0.3800000250339508, 0.3750000298023224, 0.40400001406669617, 0.3720000088214874, 0.3890000283718109, 0.4190000295639038, 0.406000018119812, 0.42500001192092896, 0.4320000112056732, 0.41700002551078796, 0.43400001525878906, 0.4180000126361847, 0.41700002551078796, 0.42000001668930054, 0.4140000343322754, 0.3840000033378601, 0.4320000112056732, 0.43800002336502075, 0.40700000524520874, 0.4310000240802765, 0.4130000174045563, 0.42900002002716064, 0.4440000355243683, 0.4350000321865082, 0.40800002217292786, 0.3880000114440918, 0.4190000295639038, 0.42500001192092896, 0.40300002694129944, 0.39900001883506775, 0.4180000126361847, 0.4100000262260437, 0.3850000202655792, 0.398000031709671, 0.4130000174045563, 0.39000001549720764, 0.3760000169277191, 0.4310000240802765, 0.41600000858306885, 0.41700002551078796, 0.41200003027915955, 0.3930000066757202, 0.4190000295639038, 0.4050000309944153, 0.39400002360343933], "ood_ce": [2.3005263805389404, 2.2067368030548096, 2.0447418689727783, 2.00508189201355, 2.1069765090942383, 1.9337540864944458, 1.9447135925292969, 2.001270294189453, 1.9964659214019775, 2.2707953453063965, 2.319948434829712, 2.0980498790740967, 2.2966952323913574, 2.2716195583343506, 2.22428297996521, 2.4735658168792725, 2.6891753673553467, 2.520341157913208, 2.584179639816284, 2.453530788421631, 2.680233955383301, 2.7699050903320312, 2.723673105239868, 2.833585739135742, 3.050621509552002, 2.8047127723693848, 2.7432639598846436, 2.893402099609375, 2.7277307510375977, 2.7886555194854736, 3.4072494506835938, 3.2657251358032227, 3.2103538513183594, 3.4205386638641357, 3.307797908782959, 3.4480881690979004, 3.712378978729248, 3.739949941635132, 3.588294267654419, 3.5010972023010254, 3.1906332969665527, 3.9133241176605225, 4.189248561859131, 3.7377257347106934, 3.4409384727478027, 3.56894588470459, 3.702193021774292, 3.876901149749756, 3.8965871334075928, 4.004083633422852, 3.4526526927948]}