{"step": [0, 30, 60, 90, 120, 150, 180, 210, 240, 270, 300, 330, 360, 390, 420, 450, 480, 510, 540, 570, 600, 630, 660, 690, 720, 750, 780, 810, 840, 870, 900, 930, 960, 990, 1020, 1050, 1080, 1110, 1140, 1170, 1200, 1230, 1260, 1290, 1320, 1350, 1380, 1410, 1440, 1470, 1499], "train": [2.3100438912709556, 2.1083949406941733, 1.7157894770304363, 1.3668557405471802, 1.0261498888333638, 0.8024604916572571, 0.6412950158119202, 0.5757997135321299, 0.47868676980336505, 0.4651505649089813, 0.4024581015110016, 0.32690422236919403, 0.32620835800965625, 0.3129543612400691, 0.2605150043964386, 0.24440458913644156, 0.2520509461561839, 0.1970543364683787, 0.22606317202250162, 0.18871241807937622, 0.17076229055722555, 0.1447907586892446, 0.1651614954074224, 0.2011627455552419, 0.14502623428901038, 0.12889549136161804, 0.13679871956507364, 0.13962480674187341, 0.13158069799343744, 0.14767873287200928, 0.1257046510775884, 0.11117794240514438, 0.10808286691705386, 0.12092933058738708, 0.14184939612944922, 0.11312911162773769, 0.09187975525856018, 0.10039882113536198, 0.11410777022441228, 0.09689755737781525, 0.12149533132712047, 0.15327593932549158, 0.15294948468605676, 0.10262347757816315, 0.0901249498128891, 0.0734958363076051, 0.10139930248260498, 0.10530170053243637, 0.1016936128338178, 0.09927525868018468, 0.10288749386866887], "ood_acc": [0.07500000298023224, 0.23400001227855682, 0.29100000858306885, 0.3070000112056732, 0.3500000238418579, 0.39500001072883606, 0.3830000162124634, 0.42600002884864807, 0.42100003361701965, 0.3930000066757202, 0.4230000078678131, 0.4000000059604645, 0.4300000071525574, 0.4230000078678131, 0.41100001335144043, 0.4410000145435333, 0.4520000219345093, 0.42500001192092896, 0.4320000112056732, 0.42900002002716064, 0.4540000259876251, 0.45000001788139343, 0.43400001525878906, 0.39400002360343933, 0.445000022649765, 0.4400000274181366, 0.4410000145435333, 0.43700000643730164, 0.4350000321865082, 0.4410000145435333, 0.44600000977516174, 0.4280000329017639, 0.43700000643730164, 0.4220000207424164, 0.4350000321865082, 0.4360000193119049, 0.41700002551078796, 0.40700000524520874, 0.45500001311302185, 0.4270000159740448, 0.3890000283718109, 0.4050000309944153, 0.4190000295639038, 0.41200003027915955, 0.42900002002716064, 0.41700002551078796, 0.42500001192092896, 0.4180000126361847, 0.406000018119812, 0.3830000162124634, 0.406000018119812], "ood_ce": [2.309131383895874, 2.179525852203369, 1.960405707359314, 1.873768925666809, 1.8679726123809814, 1.8386811017990112, 2.139094591140747, 1.9662599563598633, 2.0447239875793457, 2.2288978099823, 2.337047576904297, 2.363032341003418, 2.3018317222595215, 2.4093639850616455, 2.4853103160858154, 2.1664087772369385, 2.4308042526245117, 2.5227458477020264, 2.6186256408691406, 2.6414997577667236, 2.6037449836730957, 2.565598487854004, 2.6422665119171143, 2.8710505962371826, 2.587189197540283, 2.6118369102478027, 2.9306395053863525, 3.054107189178467, 2.8164713382720947, 3.2040786743164062, 3.25801682472229, 3.031111240386963, 2.967726945877075, 2.9112586975097656, 2.982809066772461, 2.869117259979248, 3.01019549369812, 3.4727683067321777, 3.143937349319458, 3.081862688064575, 3.6842033863067627, 3.473308801651001, 3.4462227821350098, 3.1865904331207275, 3.327911853790283, 3.4243686199188232, 3.8736774921417236, 3.7202868461608887, 3.4589388370513916, 3.6405153274536133, 3.9804155826568604]}