{"step": [0, 30, 60, 90, 120, 150, 180, 210, 240, 270, 300, 330, 360, 390, 420, 450, 480, 510, 540, 570, 600, 630, 660, 690, 720, 750, 780, 810, 840, 870, 900, 930, 960, 990, 1020, 1050, 1080, 1110, 1140, 1170, 1200, 1230, 1260, 1290, 1320, 1350, 1380, 1410, 1440, 1470, 1499], "train": [2.2990516821543374, 2.045797069867452, 1.6449179251988728, 1.2406578461329143, 0.9846278031667074, 0.7349935273329417, 0.5954236090183258, 0.5382824937502543, 0.4769081175327301, 0.3902369290590286, 0.3661545366048813, 0.3263966292142868, 0.3002496113379796, 0.3465086470047633, 0.2943994849920273, 0.24042028188705444, 0.20205145329236984, 0.24028909703095755, 0.1954209158817927, 0.1918866311510404, 0.19741017123063406, 0.18411695460478464, 0.19264553984006247, 0.19762163360913595, 0.2153507967789968, 0.13101115077733994, 0.11344081660111745, 0.13665159046649933, 0.1292250951131185, 0.16958708564440408, 0.11636896928151448, 0.13322585076093674, 0.12917021661996841, 0.11851561069488525, 0.1312093883752823, 0.1332525039712588, 0.2887488429745038, 0.11107588807741801, 0.10421548907955487, 0.11028681447108586, 0.11279971897602081, 0.13812991480032602, 0.1372531776626905, 0.1775374859571457, 0.11071597536404927, 0.09924063086509705, 0.09954516837994258, 0.20580189426740012, 0.1298153723279635, 0.43384180466334027, 0.14732627073923746], "ood_acc": [0.10000000149011612, 0.21900001168251038, 0.27900001406669617, 0.25699999928474426, 0.34200000762939453, 0.3410000205039978, 0.3960000276565552, 0.39100003242492676, 0.40700000524520874, 0.4220000207424164, 0.406000018119812, 0.41100001335144043, 0.3960000276565552, 0.42000001668930054, 0.38600000739097595, 0.4360000193119049, 0.4400000274181366, 0.40700000524520874, 0.42000001668930054, 0.4220000207424164, 0.4360000193119049, 0.4230000078678131, 0.4150000214576721, 0.41100001335144043, 0.4300000071525574, 0.4240000247955322, 0.41200003027915955, 0.4090000092983246, 0.40300002694129944, 0.4090000092983246, 0.4090000092983246, 0.39500001072883606, 0.41600000858306885, 0.39500001072883606, 0.40400001406669617, 0.3890000283718109, 0.3960000276565552, 0.3800000250339508, 0.3920000195503235, 0.41200003027915955, 0.40400001406669617, 0.39400002360343933, 0.3970000147819519, 0.3790000081062317, 0.4010000228881836, 0.40300002694129944, 0.4000000059604645, 0.3830000162124634, 0.4050000309944153, 0.39400002360343933, 0.37800002098083496], "ood_ce": [2.3157217502593994, 2.1757593154907227, 1.9817907810211182, 2.116199254989624, 2.298797369003296, 2.2308077812194824, 2.088812828063965, 2.1565446853637695, 2.4144904613494873, 2.2446935176849365, 2.5247809886932373, 2.4165287017822266, 2.637603998184204, 2.707659959793091, 2.5872507095336914, 2.507514715194702, 2.470931053161621, 2.7978694438934326, 2.6460556983947754, 2.766876459121704, 2.8233275413513184, 2.945791006088257, 3.185560703277588, 3.3655920028686523, 2.8977622985839844, 2.7266719341278076, 2.722872257232666, 3.4907631874084473, 3.7349777221679688, 3.344208002090454, 3.3119869232177734, 3.7818267345428467, 3.9217801094055176, 4.210214614868164, 4.232275009155273, 3.4889864921569824, 4.038420677185059, 3.861382246017456, 3.5900821685791016, 3.4444985389709473, 3.686825752258301, 3.4509754180908203, 3.793492078781128, 4.541342258453369, 3.4862356185913086, 3.4590466022491455, 3.905235528945923, 4.63703727722168, 3.9996793270111084, 3.619114398956299, 3.3218934535980225]}