{"step": [0, 30, 60, 90, 120, 150, 180, 210, 240, 270, 300, 330, 360, 390, 420, 450, 480, 510, 540, 570, 600, 630, 660, 690, 720, 750, 780, 810, 840, 870, 900, 930, 960, 990, 1020, 1050, 1080, 1110, 1140, 1170, 1200, 1230, 1260, 1290, 1320, 1350, 1380, 1410, 1440, 1470, 1499], "train": [2.302424589792887, 2.097117026646932, 1.7567816178003948, 1.341606338818868, 1.025675117969513, 0.8219365080197653, 0.693454255660375, 0.5730588833491007, 0.5000436206658682, 0.4530348877112071, 0.41587239503860474, 0.35833242535591125, 0.28140635788440704, 0.2692478845516841, 0.31680988272031146, 0.26027130087216693, 0.20101825396219888, 0.273417000969251, 0.28886522849400836, 0.2524852802356084, 0.23085898657639822, 0.20457883179187775, 0.15344419330358505, 0.23575948178768158, 0.15953310579061508, 0.12205558642745018, 0.11703880627950032, 0.1843256801366806, 0.17997045069932938, 0.20808863639831543, 0.12772482385238013, 0.14834361771742502, 0.1190450390179952, 0.12727481126785278, 0.16194425026575723, 0.11641714721918106, 0.16238142053286234, 0.13879339148600897, 0.10833161324262619, 0.12734157840410867, 0.190825824936231, 0.133392500380675, 0.12691244731346765, 0.12798316280047098, 0.20136802395184836, 0.10956406344970067, 0.11284906044602394, 0.09183335800965627, 0.10292360310753186, 0.09874734655022621, 0.1850356658299764], "ood_acc": [0.11100000888109207, 0.23400001227855682, 0.2850000262260437, 0.320000022649765, 0.320000022649765, 0.33000001311302185, 0.34800001978874207, 0.3880000114440918, 0.40400001406669617, 0.3890000283718109, 0.40700000524520874, 0.4190000295639038, 0.39900001883506775, 0.37700000405311584, 0.3960000276565552, 0.3960000276565552, 0.4100000262260437, 0.4410000145435333, 0.4140000343322754, 0.41100001335144043, 0.40400001406669617, 0.4270000159740448, 0.4050000309944153, 0.4100000262260437, 0.4230000078678131, 0.42900002002716064, 0.42500001192092896, 0.41600000858306885, 0.4300000071525574, 0.4180000126361847, 0.40300002694129944, 0.44200003147125244, 0.43400001525878906, 0.4300000071525574, 0.42900002002716064, 0.398000031709671, 0.40400001406669617, 0.39500001072883606, 0.38600000739097595, 0.39400002360343933, 0.4050000309944153, 0.3880000114440918, 0.4010000228881836, 0.4090000092983246, 0.40800002217292786, 0.39900001883506775, 0.38100001215934753, 0.39900001883506775, 0.38600000739097595, 0.3830000162124634, 0.35200002789497375], "ood_ce": [2.2975423336029053, 2.1620068550109863, 1.972176194190979, 1.8837190866470337, 2.2525408267974854, 2.2116801738739014, 2.4080970287323, 2.1570591926574707, 2.3580777645111084, 2.5117268562316895, 2.3223516941070557, 2.250335693359375, 2.490536689758301, 2.550697088241577, 2.7363526821136475, 2.622427225112915, 2.842172861099243, 2.851367950439453, 3.1037757396698, 3.1205406188964844, 2.9642322063446045, 2.908060312271118, 2.8051259517669678, 3.072878837585449, 2.801755428314209, 2.788132429122925, 2.748157262802124, 2.8963193893432617, 2.759965658187866, 2.81001353263855, 3.1282479763031006, 3.22721004486084, 3.067451238632202, 3.076815605163574, 3.45987606048584, 3.3495900630950928, 3.0882599353790283, 3.127699375152588, 3.6925978660583496, 3.5349459648132324, 3.531930923461914, 3.5543582439422607, 3.447678565979004, 3.237550735473633, 3.7002978324890137, 3.2016146183013916, 3.0974438190460205, 3.4583137035369873, 4.218062400817871, 4.2873454093933105, 3.8435380458831787]}