{"step": [0, 30, 60, 90, 120, 150, 180, 210, 240, 270, 300, 330, 360, 390, 420, 450, 480, 510, 540, 570, 600, 630, 660, 690, 720, 750, 780, 810, 840, 870, 900, 930, 960, 990, 1020, 1050, 1080, 1110, 1140, 1170, 1200, 1230, 1260, 1290, 1320, 1350, 1380, 1410, 1440, 1470, 1499], "train": [2.309722582499186, 2.145617723464966, 1.760956048965454, 1.4163473049799602, 1.039985179901123, 0.808901826540629, 0.6335548857847849, 0.5596575538317362, 0.44363664587338764, 0.3766530950864156, 0.33703871071338654, 0.2992156346638997, 0.2626292258501053, 0.24199542899926504, 0.2433437705039978, 0.19448308646678925, 0.19667043288548788, 0.17631258567174277, 0.16576504210631052, 0.1526391382018725, 0.1523115634918213, 0.14335894087950388, 0.2600805660088857, 0.16278951366742453, 0.14389090736707053, 0.17520305265982947, 0.20402024189631143, 0.2871238092581431, 0.12721685071786246, 0.11475741863250732, 0.11542597785592079, 0.11275790135065715, 0.099429735292991, 0.14414184540510178, 0.11795366182923317, 0.12117731074492137, 0.11306023846069972, 0.11748274167378743, 0.09106113264958064, 0.10552331060171127, 0.11515412976344426, 0.10747143626213074, 0.12755229572455087, 0.0820466826359431, 0.08786284054319064, 0.10532498359680176, 0.14999491224686304, 0.11278816064198811, 0.08409153918425243, 0.0877695803840955, 0.09966650853554408], "ood_acc": [0.11000000685453415, 0.22200001776218414, 0.27800002694129944, 0.31700000166893005, 0.3140000104904175, 0.3700000047683716, 0.359000027179718, 0.38700002431869507, 0.37400001287460327, 0.3840000033378601, 0.3830000162124634, 0.3850000202655792, 0.3880000114440918, 0.4240000247955322, 0.4050000309944153, 0.40700000524520874, 0.3930000066757202, 0.3970000147819519, 0.4050000309944153, 0.41600000858306885, 0.40300002694129944, 0.406000018119812, 0.4140000343322754, 0.41200003027915955, 0.4130000174045563, 0.39400002360343933, 0.42900002002716064, 0.41700002551078796, 0.42900002002716064, 0.41200003027915955, 0.4130000174045563, 0.39900001883506775, 0.398000031709671, 0.40700000524520874, 0.4020000100135803, 0.4140000343322754, 0.37700000405311584, 0.3960000276565552, 0.35500001907348633, 0.40400001406669617, 0.41100001335144043, 0.39500001072883606, 0.3930000066757202, 0.3700000047683716, 0.3880000114440918, 0.4090000092983246, 0.4270000159740448, 0.37800002098083496, 0.3840000033378601, 0.40300002694129944, 0.3720000088214874], "ood_ce": [2.3041341304779053, 2.2171144485473633, 2.036027193069458, 1.8945668935775757, 1.9516682624816895, 1.9009816646575928, 2.1751487255096436, 1.949509859085083, 2.268983840942383, 2.123593330383301, 2.164834976196289, 2.3741276264190674, 2.2563748359680176, 2.389193058013916, 2.4595444202423096, 2.344449996948242, 2.698967456817627, 2.7164804935455322, 2.7546064853668213, 2.7448184490203857, 2.8168163299560547, 2.7328848838806152, 2.703859329223633, 2.7936158180236816, 2.9153201580047607, 3.501913070678711, 2.992844820022583, 2.903529167175293, 2.785525321960449, 2.9658875465393066, 3.0757925510406494, 3.515535354614258, 3.5396697521209717, 3.4522228240966797, 3.23508620262146, 3.5118556022644043, 3.411987781524658, 3.381288766860962, 3.5481183528900146, 3.3737518787384033, 3.5038959980010986, 3.6441450119018555, 3.3265187740325928, 3.295504093170166, 3.600358247756958, 3.991931915283203, 3.9655048847198486, 3.9090218544006348, 3.7559666633605957, 3.7780661582946777, 4.445954322814941]}