{"step": [0, 30, 60, 90, 120, 150, 180, 210, 240, 270, 300, 330, 360, 390, 420, 450, 480, 510, 540, 570, 600, 630, 660, 690, 720, 750, 780, 810, 840, 870, 900, 930, 960, 990, 1020, 1050, 1080, 1110, 1140, 1170, 1200, 1230, 1260, 1290, 1320, 1350, 1380, 1410, 1440, 1470, 1499], "train": [2.309722582499186, 2.146333932876587, 1.7691194613774617, 1.3985843261082966, 1.0620974898338318, 0.8048088351885477, 0.5957801739374796, 0.5217094719409943, 0.42090335488319397, 0.3675794154405594, 0.3139946063359578, 0.27179790039857227, 0.2345283478498459, 0.2594929238160451, 0.2078062742948532, 0.19853412608305612, 0.189814493060112, 0.15178902198870978, 0.1778082549571991, 0.13085191200176874, 0.18127272029717764, 0.1386425644159317, 0.12031047294537227, 0.1366353233655294, 0.12367881958683331, 0.12514751156171164, 0.1248851294318835, 0.09126659482717514, 0.11669675509134929, 0.12331862250963847, 0.14279246826966605, 0.09815310935179393, 0.1220219557483991, 0.12997602174679437, 0.10072450215617816, 0.09463036805391312, 0.08620643988251686, 0.06902609889705975, 0.12776885678370795, 0.07593379790584247, 0.37425945699214935, 0.13613170137008032, 0.15056144197781882, 0.12061635901530583, 0.1279139146208763, 0.08688594525059064, 0.09907702604929607, 0.07718257357676823, 0.08414050688346227, 0.05510581408937772, 0.08293429886301358], "ood_acc": [0.11000000685453415, 0.21700000762939453, 0.27400001883506775, 0.32100000977516174, 0.29200002551078796, 0.3450000286102295, 0.3620000183582306, 0.3790000081062317, 0.3750000298023224, 0.3500000238418579, 0.4140000343322754, 0.3840000033378601, 0.38700002431869507, 0.39900001883506775, 0.41100001335144043, 0.40700000524520874, 0.3920000195503235, 0.41200003027915955, 0.41200003027915955, 0.37800002098083496, 0.39900001883506775, 0.4130000174045563, 0.41700002551078796, 0.3960000276565552, 0.4020000100135803, 0.3970000147819519, 0.4270000159740448, 0.4320000112056732, 0.43300002813339233, 0.4310000240802765, 0.43400001525878906, 0.40700000524520874, 0.40400001406669617, 0.41200003027915955, 0.39900001883506775, 0.4240000247955322, 0.4050000309944153, 0.41700002551078796, 0.3960000276565552, 0.4050000309944153, 0.4150000214576721, 0.4140000343322754, 0.40300002694129944, 0.4000000059604645, 0.367000013589859, 0.41700002551078796, 0.4100000262260437, 0.4140000343322754, 0.41600000858306885, 0.42000001668930054, 0.4000000059604645], "ood_ce": [2.3041341304779053, 2.2181951999664307, 2.0436580181121826, 1.8776801824569702, 1.959913730621338, 1.894900918006897, 2.0604591369628906, 1.9632052183151245, 2.1195759773254395, 2.231900930404663, 2.078972816467285, 2.3562984466552734, 2.363234281539917, 2.4962892532348633, 2.453463315963745, 2.55678129196167, 2.7184109687805176, 2.7134926319122314, 2.6798605918884277, 2.988081932067871, 2.904433012008667, 2.4921562671661377, 2.5225703716278076, 2.9204912185668945, 2.7416110038757324, 2.8603036403656006, 2.66085147857666, 2.7323668003082275, 2.9793152809143066, 2.818070650100708, 2.7114994525909424, 2.8237075805664062, 2.9930484294891357, 2.8343758583068848, 2.9328596591949463, 2.9364280700683594, 3.3055293560028076, 3.339735269546509, 4.039726257324219, 3.138946056365967, 3.6950716972351074, 3.278308391571045, 3.468592643737793, 3.741398334503174, 3.6383872032165527, 2.8479180335998535, 3.167870044708252, 3.5237770080566406, 3.2796084880828857, 3.0089619159698486, 3.5391669273376465]}