{"step": [0, 30, 60, 90, 120, 150, 180, 210, 240, 270, 300, 330, 360, 390, 420, 450, 480, 510, 540, 570, 600, 630, 660, 690, 720, 750, 780, 810, 840, 870, 900, 930, 960, 990, 1020, 1050, 1080, 1110, 1140, 1170, 1200, 1230, 1260, 1290, 1320, 1350, 1380, 1410, 1440, 1470, 1499], "train": [2.2955477237701416, 2.044670581817627, 1.611554463704427, 1.1932570735613506, 0.913733184337616, 0.7832737366358439, 0.6310321986675262, 0.5336786905924479, 0.4637254973252614, 0.4072812745968501, 0.30235715707143146, 0.2987058758735657, 0.27736973762512207, 0.26421977082888287, 0.24969311555226645, 0.21353275825579962, 0.2076649616161982, 0.20453563332557678, 0.19567638635635376, 0.14570421477158865, 0.14593848586082458, 0.1493909408648809, 0.17156501362721124, 0.16152433305978775, 0.21220227579275766, 0.16649580001831055, 0.17315431932608286, 0.1241706411043803, 0.15156441926956177, 0.13205116987228394, 0.12492012480894725, 0.12122684468825658, 0.10789561520020167, 0.12786102294921875, 0.12292160342137019, 0.1297434481481711, 0.15264248102903366, 0.12487273663282394, 0.13812988748153052, 0.11554718141754468, 0.13711177309354147, 0.1358462522427241, 0.18501476446787515, 0.09925551215807597, 0.12763153264919916, 0.08769067873557408, 0.11773353815078735, 0.12222126374642055, 0.13540037969748178, 0.14282222340504327, 0.11772095163663228], "ood_acc": [0.08700000494718552, 0.23000000417232513, 0.2670000195503235, 0.2670000195503235, 0.33100003004074097, 0.3320000171661377, 0.3400000035762787, 0.38100001215934753, 0.35500001907348633, 0.3960000276565552, 0.36400002241134644, 0.3680000305175781, 0.398000031709671, 0.4180000126361847, 0.38700002431869507, 0.36500000953674316, 0.4020000100135803, 0.3850000202655792, 0.38200002908706665, 0.4190000295639038, 0.39400002360343933, 0.4240000247955322, 0.3960000276565552, 0.3970000147819519, 0.4010000228881836, 0.36900001764297485, 0.3790000081062317, 0.39000001549720764, 0.43400001525878906, 0.406000018119812, 0.3750000298023224, 0.38200002908706665, 0.39000001549720764, 0.3930000066757202, 0.4000000059604645, 0.3790000081062317, 0.3800000250339508, 0.40300002694129944, 0.3830000162124634, 0.3630000054836273, 0.3720000088214874, 0.3760000169277191, 0.38100001215934753, 0.406000018119812, 0.36900001764297485, 0.4180000126361847, 0.3930000066757202, 0.40300002694129944, 0.4000000059604645, 0.3580000102519989, 0.37800002098083496], "ood_ce": [2.309570789337158, 2.1718738079071045, 1.9694117307662964, 2.0496904850006104, 2.1432642936706543, 2.4160377979278564, 2.291243553161621, 2.1774003505706787, 2.302269458770752, 2.263777494430542, 2.5972743034362793, 2.7473721504211426, 2.590862512588501, 2.437438726425171, 2.7062628269195557, 2.958881139755249, 2.726588726043701, 2.91204833984375, 2.8158318996429443, 3.0693607330322266, 3.197030782699585, 2.837536334991455, 2.9373228549957275, 3.1412599086761475, 3.09281587600708, 3.1261565685272217, 3.1178717613220215, 3.0163066387176514, 3.0409317016601562, 3.075061321258545, 3.352740526199341, 3.4312775135040283, 3.6458051204681396, 3.737487554550171, 3.886139154434204, 3.915076971054077, 3.507047176361084, 3.4983222484588623, 3.9509387016296387, 3.899129867553711, 3.9436275959014893, 4.207308769226074, 3.44785737991333, 3.4765679836273193, 3.579751491546631, 3.353294610977173, 3.4308464527130127, 3.9135921001434326, 3.703089714050293, 3.793153762817383, 3.678983211517334]}