{"step": [0, 30, 60, 90, 120, 150, 180, 210, 240, 270, 300, 330, 360, 390, 420, 450, 480, 510, 540, 570, 600, 630, 660, 690, 720, 750, 780, 810, 840, 870, 900, 930, 960, 990, 1020, 1050, 1080, 1110, 1140, 1170, 1200, 1230, 1260, 1290, 1320, 1350, 1380, 1410, 1440, 1470, 1499], "train": [2.2990516821543374, 2.0491775274276733, 1.6494744618733723, 1.2486689885457356, 1.001538614432017, 0.753289262453715, 0.6005982657273611, 0.5363933444023132, 0.4623564879099528, 0.4166021744410197, 0.3661671131849289, 0.3098539312680562, 0.3050926725069682, 0.352602740128835, 0.2552855958541234, 0.24255128701527914, 0.23032509783903757, 0.23968207587798437, 0.20218211660782495, 0.21409457425276437, 0.2118348777294159, 0.16657124956448874, 0.3308691531419754, 0.1828832725683848, 0.12375372151533763, 0.12513662626345953, 0.1290712170302868, 0.1422480841477712, 0.12919515619675317, 0.12446627020835876, 0.11227736622095108, 0.0957311565677325, 0.13634503881136575, 0.16138670841852823, 0.13827558358510336, 0.15271792064110437, 0.1342781682809194, 0.12294583270947139, 0.09437804420789082, 0.08796331038077672, 0.10114546865224838, 0.14947515229384103, 0.13366166626413664, 0.1266142502427101, 0.09830386067430179, 0.19685294727484384, 0.11896125723918279, 0.1095782071352005, 0.13868466516335806, 0.12212443351745605, 0.09808552016814549], "ood_acc": [0.10000000149011612, 0.21800000965595245, 0.2600000202655792, 0.2639999985694885, 0.3410000205039978, 0.3500000238418579, 0.40400001406669617, 0.3790000081062317, 0.39000001549720764, 0.4140000343322754, 0.40400001406669617, 0.3970000147819519, 0.42500001192092896, 0.4400000274181366, 0.4130000174045563, 0.41600000858306885, 0.42000001668930054, 0.4150000214576721, 0.3960000276565552, 0.42900002002716064, 0.4220000207424164, 0.41200003027915955, 0.4230000078678131, 0.42100003361701965, 0.4010000228881836, 0.41600000858306885, 0.4360000193119049, 0.41700002551078796, 0.43300002813339233, 0.4150000214576721, 0.4220000207424164, 0.4130000174045563, 0.4190000295639038, 0.4150000214576721, 0.4130000174045563, 0.39500001072883606, 0.4090000092983246, 0.3960000276565552, 0.4050000309944153, 0.4280000329017639, 0.4140000343322754, 0.4320000112056732, 0.41700002551078796, 0.41200003027915955, 0.40400001406669617, 0.3800000250339508, 0.39100003242492676, 0.4020000100135803, 0.40400001406669617, 0.4020000100135803, 0.37800002098083496], "ood_ce": [2.3157217502593994, 2.17695689201355, 1.9962360858917236, 2.082240581512451, 2.2375621795654297, 2.1734697818756104, 2.0666685104370117, 2.1851019859313965, 2.500492811203003, 2.3013970851898193, 2.3859317302703857, 2.4279768466949463, 2.4747531414031982, 2.516376256942749, 2.546508312225342, 2.7643330097198486, 2.6358275413513184, 2.576892614364624, 2.543311357498169, 2.6329214572906494, 2.713163375854492, 2.961552619934082, 2.8613734245300293, 3.023221731185913, 3.2088356018066406, 3.1827871799468994, 2.914949417114258, 3.170109510421753, 3.1606829166412354, 3.4068520069122314, 3.476058006286621, 3.525771379470825, 3.3234610557556152, 2.916637897491455, 3.1187827587127686, 3.442054271697998, 3.180114984512329, 3.638866662979126, 3.213651418685913, 3.435842752456665, 3.3929941654205322, 3.637092113494873, 4.075339317321777, 4.116381645202637, 3.8311984539031982, 4.111093044281006, 4.704148769378662, 4.25642728805542, 4.391181468963623, 3.9125540256500244, 3.9450385570526123]}