{"step": [0, 30, 60, 90, 120, 150, 180, 210, 240, 270, 300, 330, 360, 390, 420, 450, 480, 510, 540, 570, 600, 630, 660, 690, 720, 750, 780, 810, 840, 870, 900, 930, 960, 990, 1020, 1050, 1080, 1110, 1140, 1170, 1200, 1230, 1260, 1290, 1320, 1350, 1380, 1410, 1440, 1470, 1499], "train": [2.2955477237701416, 2.0557560523351035, 1.6392051378885906, 1.2103034257888794, 0.9430782794952393, 0.8686504364013672, 0.6629965802033743, 0.5591834882895151, 0.5353944301605225, 0.403341884414355, 0.3437372297048569, 0.34801821907361347, 0.35967909296353656, 0.28022417426109314, 0.2645161251227061, 0.22716945161422095, 0.220099871357282, 0.2030819704135259, 0.2073646535476049, 0.17233224461476007, 0.13451615472634634, 0.19152302791674933, 0.15907027324040732, 0.22082084914048514, 0.19099387526512146, 0.1357728416721026, 0.10581614822149277, 0.11622972786426544, 0.15169172485669455, 0.13413580507040024, 0.14112100998560587, 0.13563034435113272, 0.10569509615500768, 0.1583059032758077, 0.1649964153766632, 0.10735592246055603, 0.16677182167768478, 0.11816198999683063, 0.1049101526538531, 0.14032777398824692, 0.1458664039770762, 0.14046926548083624, 0.112803199638923, 0.1993542785445849, 0.2018041250606378, 0.2557144562403361, 0.28950005769729614, 0.6241423139969507, 0.30954177925984067, 0.08223775029182434, 0.09942010293404262], "ood_acc": [0.08700000494718552, 0.2200000137090683, 0.24900001287460327, 0.2540000081062317, 0.31700000166893005, 0.3230000138282776, 0.32500001788139343, 0.3880000114440918, 0.3540000021457672, 0.3800000250339508, 0.36400002241134644, 0.3760000169277191, 0.367000013589859, 0.4270000159740448, 0.39000001549720764, 0.39500001072883606, 0.4150000214576721, 0.4050000309944153, 0.39000001549720764, 0.41700002551078796, 0.4020000100135803, 0.3960000276565552, 0.4240000247955322, 0.4180000126361847, 0.4090000092983246, 0.39000001549720764, 0.4180000126361847, 0.40400001406669617, 0.39000001549720764, 0.4190000295639038, 0.3850000202655792, 0.3970000147819519, 0.3880000114440918, 0.39400002360343933, 0.3890000283718109, 0.4100000262260437, 0.41100001335144043, 0.37700000405311584, 0.3850000202655792, 0.39100003242492676, 0.3970000147819519, 0.4140000343322754, 0.4050000309944153, 0.3970000147819519, 0.3760000169277191, 0.367000013589859, 0.3660000264644623, 0.367000013589859, 0.38700002431869507, 0.35500001907348633, 0.38100001215934753], "ood_ce": [2.309570789337158, 2.1779801845550537, 2.0069713592529297, 2.090196371078491, 2.2088747024536133, 2.4390761852264404, 2.3279402256011963, 2.1884796619415283, 2.3552069664001465, 2.2235026359558105, 2.5938167572021484, 2.5718488693237305, 2.5615248680114746, 2.540423631668091, 2.715315103530884, 2.655883312225342, 2.574167013168335, 2.6088767051696777, 2.8630082607269287, 2.8798887729644775, 2.867370843887329, 2.963642120361328, 2.780130386352539, 2.978198766708374, 2.7747294902801514, 2.9635584354400635, 3.023756504058838, 3.11993408203125, 3.0520269870758057, 3.0804028511047363, 3.732633113861084, 3.3612253665924072, 3.5824103355407715, 3.6541473865509033, 3.3173201084136963, 3.460249662399292, 3.4033403396606445, 2.9306604862213135, 3.1934938430786133, 3.3997113704681396, 3.507291793823242, 3.2613229751586914, 3.3130040168762207, 3.6732590198516846, 3.7009966373443604, 3.628051996231079, 3.3974997997283936, 3.625134229660034, 4.113621234893799, 4.655152797698975, 4.397759437561035]}