{"step": [0, 30, 60, 90, 120, 150, 180, 210, 240, 270, 300, 330, 360, 390, 420, 450, 480, 510, 540, 570, 600, 630, 660, 690, 720, 750, 780, 810, 840, 870, 900, 930, 960, 990, 1020, 1050, 1080, 1110, 1140, 1170, 1200, 1230, 1260, 1290, 1320, 1350, 1380, 1410, 1440, 1470, 1499], "train": [2.2955477237701416, 2.05518368879954, 1.6357967058817546, 1.207801918188731, 0.9379655321439108, 0.8421738346417745, 0.6726378997166952, 0.5520910223325094, 0.5009146432081858, 0.38098159432411194, 0.32049286365509033, 0.2908133914073308, 0.287448192636172, 0.29342682659626007, 0.2451366533835729, 0.2039617175857226, 0.20293613026539484, 0.20207649966080984, 0.19666402538617453, 0.16674658904472986, 0.1610754281282425, 0.20165866861740747, 0.15511547029018402, 0.17478488385677338, 0.13391704857349396, 0.1178801233569781, 0.14492427557706833, 0.14297670622666678, 0.10784437010685603, 0.07946083694696426, 0.13426050543785095, 0.14124324917793274, 0.1729681740204493, 0.1354685996969541, 0.09221988171339035, 0.1048741526901722, 0.19970730567971864, 0.9728801051775614, 0.12945279479026794, 0.14765002330144247, 0.11047561839222908, 0.11707927534977595, 0.1049736775457859, 0.10563219587008159, 0.14203954736391702, 0.09073720624049504, 0.10953228672345479, 0.07162858297427495, 0.1442378411690394, 0.08757014324267705, 0.09688118596871693], "ood_acc": [0.08700000494718552, 0.2200000137090683, 0.24900001287460327, 0.25600001215934753, 0.31800001859664917, 0.3330000042915344, 0.3320000171661377, 0.36100003123283386, 0.34800001978874207, 0.38200002908706665, 0.3790000081062317, 0.40700000524520874, 0.3850000202655792, 0.3880000114440918, 0.398000031709671, 0.38600000739097595, 0.40400001406669617, 0.3890000283718109, 0.36900001764297485, 0.4240000247955322, 0.3970000147819519, 0.4130000174045563, 0.41100001335144043, 0.3880000114440918, 0.40300002694129944, 0.4100000262260437, 0.4130000174045563, 0.3930000066757202, 0.39900001883506775, 0.3880000114440918, 0.37400001287460327, 0.40700000524520874, 0.38600000739097595, 0.3890000283718109, 0.40700000524520874, 0.3890000283718109, 0.3790000081062317, 0.41100001335144043, 0.39900001883506775, 0.3680000305175781, 0.38200002908706665, 0.3680000305175781, 0.3800000250339508, 0.3680000305175781, 0.38600000739097595, 0.39100003242492676, 0.36100003123283386, 0.3620000183582306, 0.37400001287460327, 0.36100003123283386, 0.36500000953674316], "ood_ce": [2.309570789337158, 2.1776344776153564, 2.003401756286621, 2.081843614578247, 2.1931867599487305, 2.366835117340088, 2.325225591659546, 2.1830554008483887, 2.3475072383880615, 2.3635900020599365, 2.4563567638397217, 2.556598663330078, 2.68511700630188, 2.4597268104553223, 2.6153457164764404, 2.9115443229675293, 2.684732675552368, 2.8437178134918213, 2.8982958793640137, 2.938427209854126, 3.035037040710449, 2.8518106937408447, 2.813964605331421, 2.9645283222198486, 2.8625619411468506, 3.1412768363952637, 3.1654322147369385, 2.9383199214935303, 3.4497005939483643, 3.595287799835205, 3.692758321762085, 3.6966285705566406, 3.277071237564087, 3.14737868309021, 3.380582332611084, 3.5218608379364014, 3.528837203979492, 3.5107829570770264, 3.6810734272003174, 4.312893867492676, 4.183970928192139, 4.176630973815918, 4.029252052307129, 4.2526679039001465, 3.674170732498169, 3.877042770385742, 4.088540077209473, 4.061336517333984, 4.368832111358643, 4.070736408233643, 4.433836936950684]}