{"step": [0, 30, 60, 90, 120, 150, 180, 210, 240, 270, 300, 330, 360, 390, 420, 450, 480, 510, 540, 570, 600, 630, 660, 690, 720, 750, 780, 810, 840, 870, 900, 930, 960, 990, 1020, 1050, 1080, 1110, 1140, 1170, 1200, 1230, 1260, 1290, 1320, 1350, 1380, 1410, 1440, 1470, 1499], "train": [2.3145358562469482, 2.1621289253234863, 1.7944671710332234, 1.3564754724502563, 1.0464824438095093, 0.8033061027526855, 0.6371745566527048, 0.5425917307535807, 0.4514166812102, 0.38479557633399963, 0.34262720743815106, 0.3238230496644974, 0.25124786297480267, 0.24980083604653677, 0.21286372343699136, 0.23391288022200266, 0.18279410898685455, 0.18538771818081537, 0.16904131323099136, 0.17304234703381857, 0.19906840225060782, 0.15288654218117395, 0.14160505185524622, 0.201266939441363, 0.15067731589078903, 0.1971019705136617, 0.13725761820872626, 0.11660147955020268, 0.12571555624405542, 0.13556826611359915, 0.11614751070737839, 0.1180579736828804, 0.12552538017431894, 0.12474708755811055, 0.11967411388953526, 0.12988664706548056, 0.12442023307085037, 0.1208040714263916, 0.10832016170024872, 0.14360186954339346, 0.13988731304804483, 0.08330499877532323, 0.1003419632713, 0.10424426446358363, 0.09843609233697255, 0.0984467441836993, 0.09846548239390056, 0.15413851290941238, 0.48972021540006, 0.2321672091881434, 0.12814211597045264], "ood_acc": [0.08700000494718552, 0.2160000056028366, 0.27800002694129944, 0.29200002551078796, 0.3370000123977661, 0.35600000619888306, 0.3400000035762787, 0.406000018119812, 0.40300002694129944, 0.39100003242492676, 0.3920000195503235, 0.42500001192092896, 0.4230000078678131, 0.39900001883506775, 0.39900001883506775, 0.4440000355243683, 0.42000001668930054, 0.44700002670288086, 0.4240000247955322, 0.43400001525878906, 0.3790000081062317, 0.43300002813339233, 0.4130000174045563, 0.41600000858306885, 0.44700002670288086, 0.38100001215934753, 0.4230000078678131, 0.4520000219345093, 0.45000001788139343, 0.44200003147125244, 0.4440000355243683, 0.41700002551078796, 0.445000022649765, 0.43300002813339233, 0.4320000112056732, 0.4480000138282776, 0.4180000126361847, 0.445000022649765, 0.4140000343322754, 0.4000000059604645, 0.406000018119812, 0.41100001335144043, 0.42100003361701965, 0.37300002574920654, 0.42100003361701965, 0.3930000066757202, 0.3830000162124634, 0.41200003027915955, 0.40300002694129944, 0.406000018119812, 0.4180000126361847], "ood_ce": [2.3092896938323975, 2.218430757522583, 2.0115139484405518, 1.9175275564193726, 2.0168795585632324, 2.08198618888855, 2.1661393642425537, 1.9909781217575073, 2.0399560928344727, 2.279247999191284, 2.2346768379211426, 2.1866776943206787, 2.4099667072296143, 2.7861459255218506, 2.676392078399658, 2.488250732421875, 2.43804669380188, 2.5033063888549805, 2.8335201740264893, 2.868964195251465, 3.3670480251312256, 2.5230586528778076, 2.990323781967163, 2.9912116527557373, 2.6388707160949707, 3.1163535118103027, 2.9730985164642334, 2.8513567447662354, 2.8338098526000977, 2.8792505264282227, 3.0063555240631104, 3.222574234008789, 3.1852705478668213, 3.272958993911743, 3.523435592651367, 3.1240832805633545, 3.2872397899627686, 3.112990379333496, 3.4530229568481445, 3.527782440185547, 3.316098690032959, 3.5138933658599854, 3.455379009246826, 4.063914775848389, 3.6452393531799316, 3.455923318862915, 3.8334829807281494, 3.653127431869507, 3.919867515563965, 3.1432502269744873, 3.6514768600463867]}