{"step": [0, 30, 60, 90, 120, 150, 180, 210, 240, 270, 300, 330, 360, 390, 420, 450, 480, 510, 540, 570, 600, 630, 660, 690, 720, 750, 780, 810, 840, 870, 900, 930, 960, 990, 1020, 1050, 1080, 1110, 1140, 1170, 1200, 1230, 1260, 1290, 1320, 1350, 1380, 1410, 1440, 1470, 1499], "train": [2.3100438912709556, 2.1146021684010825, 1.750434160232544, 1.333840807278951, 1.0055445233980815, 0.8101006150245667, 0.6663775344689687, 0.5939553578694662, 0.494302362203598, 0.4765378038088481, 0.42754169305165607, 0.3748580863078435, 0.40391427278518677, 0.31380194425582886, 0.29589739441871643, 0.2483198493719101, 0.24230153858661652, 0.2796094020207723, 0.19842741886774698, 0.19230766594409943, 0.17018043994903564, 0.18917199969291687, 0.18142214665810266, 0.16723706821600595, 0.15583371371030807, 0.13504369805256525, 0.14390530933936438, 0.14311272154251733, 0.17408602933088937, 0.11811393996079762, 0.13319317251443863, 0.14372432231903076, 0.14457867791255316, 0.15296027064323425, 0.12976407508055368, 0.10381196315089862, 0.09655524790287018, 0.13429647187391916, 0.12021813541650772, 0.15386236707369486, 0.107792762418588, 0.09999189898371696, 0.12583424399296442, 0.16192680100599924, 0.13091058284044266, 0.14482267697652182, 0.1199240970114867, 0.09573203325271606, 0.10914937655131023, 0.09006576985120773, 0.09287674476703008], "ood_acc": [0.07500000298023224, 0.23600001633167267, 0.2750000059604645, 0.26100000739097595, 0.2990000247955322, 0.36500000953674316, 0.3620000183582306, 0.40700000524520874, 0.39900001883506775, 0.3830000162124634, 0.4010000228881836, 0.43700000643730164, 0.3890000283718109, 0.42900002002716064, 0.4360000193119049, 0.4410000145435333, 0.4320000112056732, 0.43300002813339233, 0.4390000104904175, 0.44200003147125244, 0.4580000340938568, 0.445000022649765, 0.4490000307559967, 0.40300002694129944, 0.45100003480911255, 0.4300000071525574, 0.45600003004074097, 0.4570000171661377, 0.3970000147819519, 0.4480000138282776, 0.4520000219345093, 0.39500001072883606, 0.45900002121925354, 0.47600001096725464, 0.47700002789497375, 0.44300001859664917, 0.42500001192092896, 0.4520000219345093, 0.42000001668930054, 0.4190000295639038, 0.41700002551078796, 0.4150000214576721, 0.406000018119812, 0.38100001215934753, 0.42100003361701965, 0.4240000247955322, 0.4270000159740448, 0.4270000159740448, 0.445000022649765, 0.3970000147819519, 0.4300000071525574], "ood_ce": [2.309131383895874, 2.1762986183166504, 1.9606282711029053, 2.024334669113159, 2.172147035598755, 2.0939106941223145, 2.3332557678222656, 2.0831503868103027, 2.1170637607574463, 2.330819845199585, 2.3378257751464844, 2.274970531463623, 2.4204647541046143, 2.3432776927948, 2.54721999168396, 2.569441318511963, 2.5017428398132324, 2.556575059890747, 2.537297248840332, 2.604544162750244, 2.5899946689605713, 2.6453957557678223, 2.8336753845214844, 2.853630542755127, 2.6443722248077393, 2.917220115661621, 2.859731912612915, 2.8400051593780518, 2.9821996688842773, 2.771576166152954, 3.0974433422088623, 3.3097290992736816, 3.1421728134155273, 2.582174301147461, 2.9192376136779785, 2.7290899753570557, 3.2459802627563477, 3.0652036666870117, 2.9504480361938477, 3.2517876625061035, 3.23968243598938, 3.1640400886535645, 3.3149211406707764, 3.467764377593994, 3.0814249515533447, 3.5403378009796143, 3.108675479888916, 3.120595932006836, 3.094850778579712, 3.317753791809082, 3.6437571048736572]}