{"step": [0, 30, 60, 90, 120, 150, 180, 210, 240, 270, 300, 330, 360, 390, 420, 450, 480, 510, 540, 570, 600, 630, 660, 690, 720, 750, 780, 810, 840, 870, 900, 930, 960, 990, 1020, 1050, 1080, 1110, 1140, 1170, 1200, 1230, 1260, 1290, 1320, 1350, 1380, 1410, 1440, 1470, 1499], "train": [2.294736703236898, 2.116997559865316, 1.7455683946609497, 1.3531206846237183, 1.0273969372113545, 0.7933744390805563, 0.6358134945233663, 0.5528072416782379, 0.46121224761009216, 0.4242326219876607, 0.32877979179223377, 0.30696328977743786, 0.26157299677530926, 0.26339128613471985, 0.22477122892936072, 0.23551823198795319, 0.22327911605437598, 0.19945469498634338, 0.1864736502369245, 0.23510563870271048, 0.18452918777863184, 0.179038904607296, 0.15371694167455038, 0.18891780575116476, 0.17989878356456757, 0.12496684739987056, 0.1179118479291598, 0.09925445169210434, 0.10516721506913503, 0.1186036045352618, 0.11047222961982091, 0.1346691573659579, 0.09534833331902821, 0.09504965941111247, 0.07522305473685265, 0.08907170097033183, 0.06174559270342191, 0.12406464169422786, 0.38829108079274494, 0.15578429649273554, 0.11729633808135986, 0.11306033531824748, 0.14837658405303955, 0.08789076407750447, 0.1469937115907669, 0.13354515781005225, 0.1511730154355367, 0.10717674344778061, 0.13643842935562134, 0.14483952770630518, 0.07058746367692947], "ood_acc": [0.11900000274181366, 0.2200000137090683, 0.26900002360343933, 0.2990000247955322, 0.3240000009536743, 0.36400002241134644, 0.38100001215934753, 0.39000001549720764, 0.40400001406669617, 0.3800000250339508, 0.4140000343322754, 0.4100000262260437, 0.3930000066757202, 0.4270000159740448, 0.4100000262260437, 0.42500001192092896, 0.3930000066757202, 0.4240000247955322, 0.4440000355243683, 0.4360000193119049, 0.4150000214576721, 0.38100001215934753, 0.4390000104904175, 0.4360000193119049, 0.4130000174045563, 0.4310000240802765, 0.4190000295639038, 0.4230000078678131, 0.42500001192092896, 0.3930000066757202, 0.4190000295639038, 0.43700000643730164, 0.40700000524520874, 0.42000001668930054, 0.3930000066757202, 0.40800002217292786, 0.3960000276565552, 0.4190000295639038, 0.3880000114440918, 0.3800000250339508, 0.4010000228881836, 0.4130000174045563, 0.3970000147819519, 0.4140000343322754, 0.4150000214576721, 0.42100003361701965, 0.4000000059604645, 0.4020000100135803, 0.39000001549720764, 0.38100001215934753, 0.4010000228881836], "ood_ce": [2.3005263805389404, 2.206019639968872, 2.0350568294525146, 1.9766789674758911, 2.063079833984375, 1.9608062505722046, 1.9685848951339722, 2.0856425762176514, 2.00833797454834, 2.2144134044647217, 2.208430290222168, 2.1741816997528076, 2.458901882171631, 2.7015395164489746, 2.5116512775421143, 2.238158702850342, 2.609180212020874, 2.5497636795043945, 2.597318410873413, 2.652573347091675, 2.646855354309082, 2.7295966148376465, 2.498680591583252, 2.7487401962280273, 3.167614459991455, 2.6830294132232666, 3.0418903827667236, 3.1550211906433105, 2.97674822807312, 2.978163719177246, 2.966034173965454, 3.061108112335205, 3.2835426330566406, 3.3635668754577637, 3.0196244716644287, 3.321819543838501, 3.429145336151123, 3.351977586746216, 3.449950695037842, 2.8972129821777344, 3.1400179862976074, 3.5039937496185303, 3.5374560356140137, 3.6087193489074707, 3.4724559783935547, 3.3305246829986572, 3.728498935699463, 3.850053071975708, 3.4620168209075928, 3.305946111679077, 3.629889726638794]}