{"step": [0, 30, 60, 90, 120, 150, 180, 210, 240, 270, 300, 330, 360, 390, 420, 450, 480, 510, 540, 570, 600, 630, 660, 690, 720, 750, 780, 810, 840, 870, 900, 930, 960, 990, 1020, 1050, 1080, 1110, 1140, 1170, 1200, 1230, 1260, 1290, 1320, 1350, 1380, 1410, 1440, 1470, 1499], "train": [2.3100438912709556, 2.1064045429229736, 1.7198659976323445, 1.3091509342193604, 1.005928377310435, 0.7899515827496847, 0.6589669684569041, 0.5725592573483785, 0.5091003179550171, 0.4720594386259715, 0.42180103063583374, 0.3590722382068634, 0.30674337844053906, 0.3015429377555847, 0.2814708898464839, 0.27989281713962555, 0.24281547466913858, 0.22849774360656738, 0.1765316128730774, 0.1665577938159307, 0.16279135147730509, 0.28524323801199597, 0.16610653946797052, 0.1716148853302002, 0.15520360072453818, 0.19735196232795715, 0.14441511034965515, 0.17468881607055664, 0.12515276670455933, 0.10240138818820317, 0.13342955708503723, 0.1433751086393992, 0.16177023450533548, 0.13697624951601028, 0.13654487331708273, 0.10280942544341087, 0.11739181354641914, 0.12203106780846913, 0.13435739278793335, 0.17256527145703635, 0.14844816674788794, 0.15276706342895827, 0.13313433776299158, 0.13352266202370325, 0.15477801114320755, 0.12416659047206242, 0.1434269150098165, 0.31808868050575256, 0.32269524534543353, 0.11340080698331197, 0.07015080253283183], "ood_acc": [0.07500000298023224, 0.23600001633167267, 0.29600000381469727, 0.289000004529953, 0.3100000023841858, 0.34800001978874207, 0.3710000216960907, 0.40400001406669617, 0.40700000524520874, 0.39100003242492676, 0.39900001883506775, 0.40800002217292786, 0.41100001335144043, 0.398000031709671, 0.41200003027915955, 0.42600002884864807, 0.43400001525878906, 0.406000018119812, 0.44200003147125244, 0.4310000240802765, 0.42900002002716064, 0.4190000295639038, 0.42500001192092896, 0.42600002884864807, 0.4010000228881836, 0.4000000059604645, 0.4300000071525574, 0.42500001192092896, 0.41700002551078796, 0.406000018119812, 0.43300002813339233, 0.44200003147125244, 0.4310000240802765, 0.4540000259876251, 0.4440000355243683, 0.44300001859664917, 0.4350000321865082, 0.445000022649765, 0.4360000193119049, 0.4230000078678131, 0.44600000977516174, 0.42500001192092896, 0.42600002884864807, 0.39500001072883606, 0.4020000100135803, 0.40300002694129944, 0.4240000247955322, 0.44600000977516174, 0.3710000216960907, 0.41200003027915955, 0.39100003242492676], "ood_ce": [2.309131383895874, 2.172353982925415, 1.9436417818069458, 1.996810793876648, 2.1250295639038086, 2.0718419551849365, 2.404395580291748, 2.0929319858551025, 2.083505868911743, 2.33410906791687, 2.277214288711548, 2.40453839302063, 2.3309319019317627, 2.555492639541626, 2.5656824111938477, 2.3549718856811523, 2.42010235786438, 2.6544766426086426, 2.6005589962005615, 2.7773146629333496, 2.672003984451294, 2.8590168952941895, 2.582068920135498, 2.7567543983459473, 2.886902332305908, 2.841250419616699, 3.0382680892944336, 2.982043981552124, 3.0907366275787354, 3.333772897720337, 3.338059663772583, 3.191527843475342, 3.2544543743133545, 2.9291861057281494, 3.253575325012207, 3.0963950157165527, 3.235184669494629, 3.124525785446167, 3.3020498752593994, 3.6568496227264404, 3.109318494796753, 3.244378089904785, 3.1227378845214844, 3.3488543033599854, 3.573962926864624, 3.5644690990448, 3.419734239578247, 3.1877403259277344, 3.3607590198516846, 3.172645092010498, 3.99098539352417]}