{"step": [0, 30, 60, 90, 120, 150, 180, 210, 240, 270, 300, 330, 360, 390, 420, 450, 480, 510, 540, 570, 600, 630, 660, 690, 720, 750, 780, 810, 840, 870, 900, 930, 960, 990, 1020, 1050, 1080, 1110, 1140, 1170, 1200, 1230, 1260, 1290, 1320, 1350, 1380, 1410, 1440, 1470, 1499], "train": [2.289719343185425, 2.047067880630493, 1.6385577122370403, 1.2875864505767822, 0.9613000551859537, 0.7323858539263407, 0.6115476787090302, 0.48777737220128375, 0.41770293315251666, 0.36617495616277057, 0.36887015402317047, 0.3191695312658946, 0.2816919535398483, 0.24312297999858856, 0.24503902097543082, 0.20464805761973062, 0.19277187436819077, 0.19792854537566504, 0.18444326519966125, 0.1807400236527125, 0.15389191607634226, 0.13372773428757986, 0.183545949558417, 0.14905464152495065, 0.14051365604003271, 0.1320688376824061, 0.13999579101800919, 0.10357599208752315, 0.1097172349691391, 0.09951681147019069, 0.13955319424470267, 0.1125578060746193, 0.11928311238686244, 0.11349633584419887, 0.12445188810427983, 0.12380230178435643, 0.181526280939579, 0.09210994094610214, 0.10159837951262791, 0.1229902630050977, 0.09325566639502843, 0.07357805718978246, 0.12211854507525761, 0.19680784145991007, 0.586243117849032, 0.11340192953745525, 0.10342720647652943, 0.07287626589337985, 0.10416298856337865, 0.11184019595384598, 0.08002390712499619], "ood_acc": [0.1120000034570694, 0.2120000123977661, 0.2850000262260437, 0.29600000381469727, 0.3050000071525574, 0.35200002789497375, 0.3760000169277191, 0.38200002908706665, 0.36500000953674316, 0.42500001192092896, 0.4300000071525574, 0.4580000340938568, 0.41700002551078796, 0.43800002336502075, 0.4410000145435333, 0.43400001525878906, 0.42100003361701965, 0.40400001406669617, 0.4000000059604645, 0.43800002336502075, 0.4100000262260437, 0.4310000240802765, 0.4300000071525574, 0.3890000283718109, 0.4310000240802765, 0.4130000174045563, 0.4520000219345093, 0.4130000174045563, 0.4320000112056732, 0.41200003027915955, 0.43300002813339233, 0.43700000643730164, 0.41100001335144043, 0.40700000524520874, 0.4480000138282776, 0.4300000071525574, 0.42100003361701965, 0.4140000343322754, 0.41600000858306885, 0.4490000307559967, 0.4240000247955322, 0.43800002336502075, 0.4090000092983246, 0.41100001335144043, 0.4320000112056732, 0.4400000274181366, 0.4300000071525574, 0.44200003147125244, 0.43800002336502075, 0.4310000240802765, 0.3970000147819519], "ood_ce": [2.3007583618164062, 2.1638898849487305, 1.982854962348938, 1.987268328666687, 2.025228500366211, 2.0382983684539795, 2.054142713546753, 2.0006935596466064, 2.1566450595855713, 2.1430537700653076, 2.192854642868042, 2.338318347930908, 2.332942008972168, 2.423468828201294, 2.2500269412994385, 2.3239660263061523, 2.370818614959717, 2.6788320541381836, 2.75418758392334, 2.6590614318847656, 2.740281105041504, 2.739133834838867, 2.8049545288085938, 2.9272468090057373, 3.0861194133758545, 2.7940051555633545, 2.8678977489471436, 3.100043296813965, 3.381584405899048, 3.231346845626831, 3.0728962421417236, 2.8660478591918945, 3.040519952774048, 2.9351885318756104, 3.165212631225586, 3.2059385776519775, 3.162811040878296, 3.3116419315338135, 2.973918914794922, 3.0952558517456055, 2.8911614418029785, 2.7662622928619385, 3.7626261711120605, 3.0851755142211914, 3.2006373405456543, 3.594550132751465, 3.544607639312744, 3.4021964073181152, 3.384060859680176, 3.3265011310577393, 3.263312339782715]}