{"step": [0, 30, 60, 90, 120, 150, 180, 210, 240, 270, 300, 330, 360, 390, 420, 450, 480, 510, 540, 570, 600, 630, 660, 690, 720, 750, 780, 810, 840, 870, 900, 930, 960, 990, 1020, 1050, 1080, 1110, 1140, 1170, 1200, 1230, 1260, 1290, 1320, 1350, 1380, 1410, 1440, 1470, 1499], "train": [2.2955477237701416, 2.055610100428263, 1.6385808785756428, 1.2100165088971455, 0.9417052666346232, 0.8572244048118591, 0.6622223258018494, 0.5548326770464579, 0.5073010325431824, 0.4180133839448293, 0.32568245629469555, 0.28812924524148303, 0.27970760067303974, 0.27311698844035465, 0.24679288764794668, 0.2236768826842308, 0.22856085499127707, 0.18375748644272485, 0.2044239044189453, 0.2261899063984553, 0.16247516373793283, 0.18893935779730478, 0.20265278965234756, 0.14325240751107535, 0.15207074085871378, 0.14324750502904257, 0.1596394032239914, 0.13796951870123544, 0.20287624498208365, 0.14569171269734701, 0.18100398778915405, 0.1972056875626246, 0.22512457271416983, 0.12261960655450821, 0.13408210625251135, 0.19946311910947165, 0.15593970318635306, 0.15923254440228143, 0.1255121479431788, 0.1873681048552195, 0.19238311549027762, 0.10293767849604289, 0.08091941724220912, 0.07843159014979999, 0.07846599320570628, 0.09464935958385468, 0.10968690613905589, 0.06052832677960396, 0.3332977294921875, 0.10553758218884468, 0.09988588094711304], "ood_acc": [0.08700000494718552, 0.22100001573562622, 0.24900001287460327, 0.2540000081062317, 0.3160000145435333, 0.3230000138282776, 0.3290000259876251, 0.36900001764297485, 0.34700000286102295, 0.37400001287460327, 0.3840000033378601, 0.39500001072883606, 0.3800000250339508, 0.40700000524520874, 0.39400002360343933, 0.3830000162124634, 0.4150000214576721, 0.3970000147819519, 0.406000018119812, 0.4150000214576721, 0.3710000216960907, 0.4190000295639038, 0.3930000066757202, 0.4150000214576721, 0.40700000524520874, 0.41200003027915955, 0.41100001335144043, 0.4130000174045563, 0.398000031709671, 0.3720000088214874, 0.37800002098083496, 0.4130000174045563, 0.40800002217292786, 0.39500001072883606, 0.38200002908706665, 0.38100001215934753, 0.406000018119812, 0.3930000066757202, 0.3920000195503235, 0.34800001978874207, 0.36100003123283386, 0.3890000283718109, 0.3970000147819519, 0.41100001335144043, 0.3960000276565552, 0.38700002431869507, 0.3750000298023224, 0.3750000298023224, 0.36500000953674316, 0.37700000405311584, 0.39100003242492676], "ood_ce": [2.309570789337158, 2.1779091358184814, 2.005897045135498, 2.090980052947998, 2.207430362701416, 2.387622117996216, 2.353264331817627, 2.204622983932495, 2.3098957538604736, 2.4519846439361572, 2.4603755474090576, 2.6623551845550537, 2.7574589252471924, 2.451456308364868, 2.595653772354126, 2.965424060821533, 2.6304738521575928, 2.8776626586914062, 2.930928945541382, 2.7143497467041016, 3.3808987140655518, 3.149279832839966, 3.108065605163574, 3.094165802001953, 2.9637274742126465, 3.118671417236328, 3.0906686782836914, 3.0173392295837402, 3.1402370929718018, 3.4225292205810547, 3.6622538566589355, 3.4569544792175293, 3.619378089904785, 3.257096767425537, 3.592646837234497, 3.5727851390838623, 3.730954885482788, 3.5716185569763184, 3.5154569149017334, 3.4561355113983154, 3.786755084991455, 3.9202399253845215, 3.815274477005005, 4.344738960266113, 4.133732318878174, 4.145761013031006, 4.722039222717285, 4.1371917724609375, 4.572840213775635, 4.436002254486084, 4.142332553863525]}