{"step": [0, 30, 60, 90, 120, 150, 180, 210, 240, 270, 300, 330, 360, 390, 420, 450, 480, 510, 540, 570, 600, 630, 660, 690, 720, 750, 780, 810, 840, 870, 900, 930, 960, 990, 1020, 1050, 1080, 1110, 1140, 1170, 1200, 1230, 1260, 1290, 1320, 1350, 1380, 1410, 1440, 1470, 1499], "train": [2.294736703236898, 2.126484235127767, 1.7898645401000977, 1.3625551859537761, 1.0605827172597249, 0.8207730849583944, 0.674350788195928, 0.569139430920283, 0.45584578315416974, 0.44869401057561237, 0.3674119859933853, 0.3055619498093923, 0.2925173838933309, 0.26154715816179913, 0.2261964331070582, 0.233916237950325, 0.22785945236682892, 0.2896096309026082, 0.25779564678668976, 0.2432642380396525, 0.18236912041902542, 0.20626339316368103, 0.16877769430478415, 0.1490136757493019, 0.13258709758520126, 0.15575290222962698, 0.15695477277040482, 0.13538149744272232, 0.1381705105304718, 0.1650117834409078, 0.11924796799818675, 0.12462255358695984, 0.13052630548675856, 0.18209954599539438, 0.12494988739490509, 0.11873504767815272, 0.09887682149807613, 0.1262778416275978, 0.10707353055477142, 0.14059663315614065, 0.11322882274786632, 0.08502875392635663, 0.09285432721177737, 0.10176735743880272, 0.10981624200940132, 0.3155851364135742, 0.12812105690439543, 0.15636206914981207, 0.14097813020149866, 0.1059405729174614, 0.13577934602896372], "ood_acc": [0.11900000274181366, 0.2150000035762787, 0.23800000548362732, 0.2900000214576721, 0.3160000145435333, 0.35600000619888306, 0.36900001764297485, 0.3680000305175781, 0.3930000066757202, 0.3630000054836273, 0.40300002694129944, 0.4140000343322754, 0.39900001883506775, 0.41200003027915955, 0.4050000309944153, 0.40400001406669617, 0.40300002694129944, 0.41200003027915955, 0.4180000126361847, 0.39000001549720764, 0.42100003361701965, 0.4270000159740448, 0.4240000247955322, 0.43400001525878906, 0.4190000295639038, 0.4280000329017639, 0.4270000159740448, 0.3830000162124634, 0.42600002884864807, 0.3850000202655792, 0.4010000228881836, 0.37700000405311584, 0.38700002431869507, 0.41200003027915955, 0.406000018119812, 0.40800002217292786, 0.40300002694129944, 0.39000001549720764, 0.37800002098083496, 0.38700002431869507, 0.40300002694129944, 0.40300002694129944, 0.41600000858306885, 0.4220000207424164, 0.3620000183582306, 0.40300002694129944, 0.3790000081062317, 0.41700002551078796, 0.4050000309944153, 0.3880000114440918, 0.3830000162124634], "ood_ce": [2.3005263805389404, 2.2087900638580322, 2.048617362976074, 2.0108094215393066, 2.3186230659484863, 2.0693156719207764, 2.1180317401885986, 2.1020476818084717, 2.0649197101593018, 2.369279146194458, 2.185328960418701, 2.2843730449676514, 2.466146230697632, 2.4126904010772705, 2.4520978927612305, 2.4518320560455322, 2.6439805030822754, 2.376782178878784, 3.0228395462036133, 2.7994022369384766, 2.711737871170044, 2.9472362995147705, 2.962510347366333, 2.817718744277954, 2.9820802211761475, 3.01037859916687, 3.1646103858947754, 3.304835796356201, 3.0039432048797607, 3.554762125015259, 3.418027639389038, 3.5551769733428955, 3.7581868171691895, 3.784813165664673, 3.250647783279419, 3.263179063796997, 3.409721612930298, 3.4451005458831787, 3.59615159034729, 3.618342876434326, 3.789762258529663, 3.783534526824951, 3.722079277038574, 3.974921464920044, 3.978867530822754, 3.3925931453704834, 2.9480526447296143, 3.2254133224487305, 3.9860846996307373, 4.1609883308410645, 3.7535135746002197]}