{"step": [0, 30, 60, 90, 120, 150, 180, 210, 240, 270, 300, 330, 360, 390, 420, 450, 480, 510, 540, 570, 600, 630, 660, 690, 720, 750, 780, 810, 840, 870, 900, 930, 960, 990, 1020, 1050, 1080, 1110, 1140, 1170, 1200, 1230, 1260, 1290, 1320, 1350, 1380, 1410, 1440, 1470, 1499], "train": [2.3100438912709556, 2.11486808458964, 1.7528654336929321, 1.3368539015452068, 1.0058964888254802, 0.8136537671089172, 0.6675804456075033, 0.5949674546718597, 0.4825639526049296, 0.4590025047461192, 0.391626904408137, 0.36632026235262555, 0.33457298080126446, 0.3362307498852412, 0.2613797684510549, 0.2665299077828725, 0.2645399173100789, 0.25668824712435406, 0.1989868382612864, 0.20173639059066772, 0.18060601751009622, 0.18443943560123444, 0.14697523415088654, 0.14090253164370856, 0.2113267183303833, 0.15415681153535843, 0.1680568059285482, 0.16214760144551596, 0.2307289938131968, 0.1714300960302353, 0.13845556477705637, 0.16061522563298544, 0.10828019926945369, 0.1424668456117312, 0.11430193111300468, 0.1312688340743383, 0.13713176548480988, 0.15513008336226145, 0.12314570198456447, 0.11613807082176208, 0.13232931743065515, 0.12302108108997345, 0.1508769690990448, 0.15974731743335724, 0.115229032933712, 0.11998256047566731, 0.12586083884040514, 0.11661183834075928, 0.11045610904693604, 0.08196869989236195, 0.1310544560352961], "ood_acc": [0.07500000298023224, 0.2370000183582306, 0.2770000100135803, 0.2590000033378601, 0.30000001192092896, 0.3630000054836273, 0.35200002789497375, 0.4000000059604645, 0.40700000524520874, 0.3890000283718109, 0.4180000126361847, 0.406000018119812, 0.40700000524520874, 0.40700000524520874, 0.4320000112056732, 0.4090000092983246, 0.45100003480911255, 0.4050000309944153, 0.4480000138282776, 0.4230000078678131, 0.44300001859664917, 0.4220000207424164, 0.4620000123977661, 0.43700000643730164, 0.4520000219345093, 0.4240000247955322, 0.43400001525878906, 0.44700002670288086, 0.41100001335144043, 0.39500001072883606, 0.41700002551078796, 0.4350000321865082, 0.4490000307559967, 0.44300001859664917, 0.4100000262260437, 0.3920000195503235, 0.42900002002716064, 0.4220000207424164, 0.40700000524520874, 0.4180000126361847, 0.3880000114440918, 0.40400001406669617, 0.40700000524520874, 0.4190000295639038, 0.3960000276565552, 0.42500001192092896, 0.3800000250339508, 0.44200003147125244, 0.4320000112056732, 0.4390000104904175, 0.4230000078678131], "ood_ce": [2.309131383895874, 2.176440477371216, 1.9603065252304077, 2.0289113521575928, 2.195570707321167, 2.093240737915039, 2.349896192550659, 2.0758445262908936, 2.034550189971924, 2.3098390102386475, 2.293058395385742, 2.5562195777893066, 2.228546619415283, 2.6348893642425537, 2.553661346435547, 2.420144557952881, 2.600385904312134, 2.803729295730591, 2.465458393096924, 2.4919862747192383, 2.4157605171203613, 2.7850778102874756, 2.689202308654785, 2.930546283721924, 3.0497963428497314, 2.8203461170196533, 3.313828945159912, 3.1073436737060547, 3.093904495239258, 3.1844749450683594, 2.9014015197753906, 2.907322645187378, 3.1527981758117676, 3.1952638626098633, 3.213221549987793, 3.2595646381378174, 3.2057251930236816, 3.3102872371673584, 3.6264240741729736, 3.4242873191833496, 3.8485262393951416, 3.508416175842285, 3.7553770542144775, 4.008810043334961, 3.336491584777832, 3.2767364978790283, 3.8240103721618652, 3.0795223712921143, 2.996257781982422, 3.3513739109039307, 3.382884979248047]}