{"step": [0, 30, 60, 90, 120, 150, 180, 210, 240, 270, 300, 330, 360, 390, 420, 450, 480, 510, 540, 570, 600, 630, 660, 690, 720, 750, 780, 810, 840, 870, 900, 930, 960, 990, 1020, 1050, 1080, 1110, 1140, 1170, 1200, 1230, 1260, 1290, 1320, 1350, 1380, 1410, 1440, 1470, 1499], "train": [2.289719343185425, 2.0592361291249595, 1.6805131435394287, 1.2949897448221843, 0.994510293006897, 0.7685594161351522, 0.6607967913150787, 0.5558998783429464, 0.4389293392499288, 0.43376635511716205, 0.38136263688405353, 0.3592948913574219, 0.3050530105829239, 0.2935171077648799, 0.24808122714360556, 0.249174195031325, 0.2346483369668325, 0.19965404520432153, 0.17080305765072504, 0.17629277954498926, 0.22097346683343252, 0.23909315466880798, 0.181508868932724, 0.17108036080996195, 0.188416987657547, 0.17178142567475638, 0.14397250364224115, 0.11619249482949574, 0.12829437851905823, 0.13169445345799127, 0.10197463879982631, 0.1433419312040011, 0.1504602332909902, 0.1607277641693751, 0.1647780785957972, 0.11263772348562877, 0.14131789406140646, 0.1412411704659462, 0.09404429296652476, 0.0862132062514623, 0.11965640634298325, 0.09623211870590846, 0.11966897795597713, 0.1416778787970543, 0.08808844288190205, 0.07872651765743892, 0.1258133997519811, 0.08425211658080418, 0.12053590019543965, 0.10118765632311504, 0.12835431595643362], "ood_acc": [0.1120000034570694, 0.18800000846385956, 0.2770000100135803, 0.27900001406669617, 0.2990000247955322, 0.3410000205039978, 0.37300002574920654, 0.398000031709671, 0.36400002241134644, 0.4010000228881836, 0.4140000343322754, 0.4020000100135803, 0.41100001335144043, 0.4400000274181366, 0.42600002884864807, 0.42000001668930054, 0.43800002336502075, 0.39500001072883606, 0.41200003027915955, 0.4230000078678131, 0.4190000295639038, 0.4230000078678131, 0.42900002002716064, 0.38700002431869507, 0.4140000343322754, 0.4350000321865082, 0.40800002217292786, 0.40800002217292786, 0.4270000159740448, 0.4230000078678131, 0.42100003361701965, 0.40400001406669617, 0.42600002884864807, 0.4010000228881836, 0.42900002002716064, 0.43700000643730164, 0.3930000066757202, 0.4090000092983246, 0.40800002217292786, 0.4320000112056732, 0.39000001549720764, 0.39500001072883606, 0.41100001335144043, 0.38700002431869507, 0.4130000174045563, 0.4230000078678131, 0.40300002694129944, 0.4050000309944153, 0.4010000228881836, 0.406000018119812, 0.3840000033378601], "ood_ce": [2.3007583618164062, 2.1695425510406494, 1.99345064163208, 2.0706870555877686, 2.187608003616333, 2.144925832748413, 2.0479114055633545, 1.8865621089935303, 2.240703582763672, 2.1123006343841553, 2.075115203857422, 2.418789863586426, 2.272810697555542, 2.340073823928833, 2.3263168334960938, 2.526524305343628, 2.5396602153778076, 2.733569860458374, 2.5624256134033203, 2.674161195755005, 2.6391589641571045, 2.8658106327056885, 2.9493279457092285, 2.776536226272583, 2.92008113861084, 2.7978432178497314, 3.136186122894287, 3.146484613418579, 3.2257723808288574, 2.947526454925537, 2.9730772972106934, 3.205087423324585, 2.8192312717437744, 2.8887758255004883, 3.2495100498199463, 3.6488547325134277, 3.218569755554199, 3.3198907375335693, 3.339583396911621, 3.2804276943206787, 3.3373184204101562, 3.47344708442688, 3.5032827854156494, 3.3476336002349854, 3.5329885482788086, 3.4177863597869873, 3.8146779537200928, 3.5743789672851562, 3.732811450958252, 3.8644745349884033, 3.6875224113464355]}