{"step": [0, 30, 60, 90, 120, 150, 180, 210, 240, 270, 300, 330, 360, 390, 420, 450, 480, 510, 540, 570, 600, 630, 660, 690, 720, 750, 780, 810, 840, 870, 900, 930, 960, 990, 1020, 1050, 1080, 1110, 1140, 1170, 1200, 1230, 1260, 1290, 1320, 1350, 1380, 1410, 1440, 1470, 1499], "train": [2.309722582499186, 2.1607757409413657, 1.8030359347661336, 1.3640978733698528, 1.0657445987065632, 0.8091658353805542, 0.6481214761734009, 0.5724616448084513, 0.46215160687764484, 0.40363630652427673, 0.40455631415049237, 0.30099616944789886, 0.2622128129005432, 0.24473779400189719, 0.19914245108763376, 0.21920079986254373, 0.17847394943237305, 0.1831587553024292, 0.22257388134797415, 0.18660088380177817, 0.17370744049549103, 0.17123945554097494, 0.1335361326734225, 0.14097477992375693, 0.15993598600228628, 0.18694886565208435, 0.18536926805973053, 0.1299109955628713, 0.11578627427419026, 0.12796927988529205, 0.1482053597768148, 0.11376810570557912, 0.15386891613403955, 0.1013213520248731, 0.15532727042833963, 0.3110322256882985, 0.10544197758038838, 0.11680187036593755, 0.12818669031063715, 0.15777909259001413, 0.09166396409273148, 0.10053822646538417, 0.11793060600757599, 0.10929680118958156, 0.10331310580174129, 0.08695033565163612, 0.07556640356779099, 0.16211609542369843, 0.07309131945172946, 0.17254514495531717, 0.10894409815470378], "ood_acc": [0.11000000685453415, 0.2160000056028366, 0.26900002360343933, 0.26600000262260437, 0.2510000169277191, 0.3370000123977661, 0.3570000231266022, 0.37800002098083496, 0.3710000216960907, 0.40800002217292786, 0.38200002908706665, 0.38600000739097595, 0.3570000231266022, 0.4050000309944153, 0.38600000739097595, 0.3760000169277191, 0.38100001215934753, 0.39000001549720764, 0.3830000162124634, 0.3960000276565552, 0.41100001335144043, 0.39500001072883606, 0.39900001883506775, 0.39100003242492676, 0.3920000195503235, 0.3700000047683716, 0.38100001215934753, 0.39900001883506775, 0.4140000343322754, 0.406000018119812, 0.4350000321865082, 0.3790000081062317, 0.3970000147819519, 0.4000000059604645, 0.38700002431869507, 0.4220000207424164, 0.3840000033378601, 0.39400002360343933, 0.38100001215934753, 0.4130000174045563, 0.3830000162124634, 0.36500000953674316, 0.37700000405311584, 0.3630000054836273, 0.4190000295639038, 0.39400002360343933, 0.38200002908706665, 0.4050000309944153, 0.38600000739097595, 0.4050000309944153, 0.3890000283718109], "ood_ce": [2.3041341304779053, 2.223919153213501, 2.037395477294922, 2.005295515060425, 2.47682785987854, 2.1203150749206543, 2.3376781940460205, 2.0171384811401367, 2.3500397205352783, 2.231631278991699, 2.271688938140869, 2.3984134197235107, 2.649705648422241, 2.507246255874634, 2.6273951530456543, 2.682004451751709, 2.683720588684082, 3.020369529724121, 3.037128448486328, 2.954277992248535, 2.7518913745880127, 2.808988094329834, 2.6739895343780518, 2.9152307510375977, 3.0204241275787354, 3.2533841133117676, 2.8349955081939697, 3.118239402770996, 3.2622034549713135, 3.139343500137329, 2.8668160438537598, 3.390049934387207, 3.02657151222229, 3.020240068435669, 3.448397397994995, 2.6933274269104004, 2.89821720123291, 3.3209805488586426, 3.723012685775757, 3.5506627559661865, 3.66062593460083, 3.673107862472534, 3.4805877208709717, 3.7794766426086426, 3.4915719032287598, 3.6697189807891846, 4.136582851409912, 4.898580551147461, 3.6463472843170166, 4.095506191253662, 3.886701822280884]}