{"step": [0, 30, 60, 90, 120, 150, 180, 210, 240, 270, 300, 330, 360, 390, 420, 450, 480, 510, 540, 570, 600, 630, 660, 690, 720, 750, 780, 810, 840, 870, 900, 930, 960, 990, 1020, 1050, 1080, 1110, 1140, 1170, 1200, 1230, 1260, 1290, 1320, 1350, 1380, 1410, 1440, 1470, 1499], "train": [2.3145358562469482, 2.1613969802856445, 1.8096751769383748, 1.4143654505411785, 1.1235853830973308, 0.8612152735392252, 0.628087063630422, 0.5042033493518829, 0.42633865276972455, 0.37731418510278064, 0.32984856764475506, 0.2913295378287633, 0.23828762769699097, 0.22337513665358225, 0.19408760716517767, 0.2714010278383891, 0.2528486450513204, 0.18945584694544473, 0.15549984574317932, 0.19101488093535104, 0.1655767410993576, 0.17772333323955536, 0.16383090118567148, 0.14554079622030258, 0.14903850356737772, 0.12279275804758072, 0.12336388478676479, 0.1572478860616684, 0.11058258016904195, 0.09686677902936935, 0.09912125021219254, 0.10125767439603806, 0.11909431591629982, 0.1332367161909739, 0.10963541269302368, 0.13643858830134073, 0.08844722559054692, 0.09206698338190715, 0.0876639944811662, 0.09786029656728108, 0.07987019668022792, 0.09758916310966015, 0.09645595649878184, 0.08936236053705215, 0.0958318014939626, 0.08914974083503087, 0.08715677012999852, 0.17566627264022827, 0.08746704707543056, 0.11542562892039616, 0.06193172186613083], "ood_acc": [0.08700000494718552, 0.22300000488758087, 0.289000004529953, 0.31800001859664917, 0.359000027179718, 0.3800000250339508, 0.3760000169277191, 0.41700002551078796, 0.43700000643730164, 0.4000000059604645, 0.40700000524520874, 0.4090000092983246, 0.4190000295639038, 0.4140000343322754, 0.4240000247955322, 0.4280000329017639, 0.4310000240802765, 0.43700000643730164, 0.4310000240802765, 0.4520000219345093, 0.4360000193119049, 0.46000000834465027, 0.4320000112056732, 0.44300001859664917, 0.44300001859664917, 0.41200003027915955, 0.4400000274181366, 0.4620000123977661, 0.4300000071525574, 0.4350000321865082, 0.43300002813339233, 0.4280000329017639, 0.4180000126361847, 0.3970000147819519, 0.406000018119812, 0.4300000071525574, 0.41600000858306885, 0.3970000147819519, 0.4000000059604645, 0.41200003027915955, 0.4050000309944153, 0.4000000059604645, 0.4220000207424164, 0.41100001335144043, 0.40400001406669617, 0.3960000276565552, 0.38100001215934753, 0.359000027179718, 0.4130000174045563, 0.4130000174045563, 0.42900002002716064], "ood_ce": [2.3092896938323975, 2.2182817459106445, 2.0318214893341064, 1.8659272193908691, 1.8109071254730225, 1.8946373462677002, 1.8667569160461426, 1.890960454940796, 1.9113768339157104, 2.1099746227264404, 2.1374764442443848, 2.215365409851074, 2.3910694122314453, 2.4665517807006836, 2.593203067779541, 2.556640625, 2.4908931255340576, 2.4878170490264893, 2.550055503845215, 2.635572671890259, 2.595902681350708, 2.642587184906006, 2.5725104808807373, 2.4705421924591064, 2.9091384410858154, 3.0989034175872803, 2.952779531478882, 3.0015664100646973, 2.6502270698547363, 2.866626739501953, 2.9581940174102783, 3.0453460216522217, 2.9640681743621826, 3.186206817626953, 3.256842851638794, 2.9514825344085693, 3.028839349746704, 3.012023687362671, 3.1500070095062256, 3.436863899230957, 3.320408821105957, 3.4223227500915527, 3.198866844177246, 3.161160469055176, 2.9702374935150146, 3.374255895614624, 3.389723300933838, 3.5059027671813965, 3.167435884475708, 3.304687738418579, 3.2641422748565674]}