{"step": [0, 30, 60, 90, 120, 150, 180, 210, 240, 270, 300, 330, 360, 390, 420, 450, 480, 510, 540, 570, 600, 630, 660, 690, 720, 750, 780, 810, 840, 870, 900, 930, 960, 990, 1020, 1050, 1080, 1110, 1140, 1170, 1200, 1230, 1260, 1290, 1320, 1350, 1380, 1410, 1440, 1470, 1499], "train": [2.302424589792887, 2.0993494987487793, 1.734352747599284, 1.3537565469741821, 1.002725601196289, 0.7907845377922058, 0.6058165729045868, 0.5359015266100565, 0.45525631805260974, 0.40303584933280945, 0.3551580359538396, 0.307917187611262, 0.25811758637428284, 0.2647828757762909, 0.2890335371096929, 0.21010902523994446, 0.2255293677250544, 0.17002437760432562, 0.1722229520479838, 0.18410247564315796, 0.1607265075047811, 0.13083739330371222, 0.16908291975657144, 0.14182598516345024, 0.14088581750790277, 0.12817137936751047, 0.12430728226900101, 0.11238566040992737, 0.11129681020975113, 0.13589248061180115, 0.19507627685864767, 0.12153590718905131, 0.14671111603577933, 0.11398174117008845, 0.09748250991106033, 0.09292780235409737, 0.13076193009813628, 0.10403251151243846, 0.10861745476722717, 0.18513732155164084, 0.0898499737183253, 0.08639443914095561, 0.0820288360118866, 0.09270480771859486, 0.4411776562531789, 0.12305648624897003, 0.06296743204196294, 0.09278058012326558, 0.08927333106597264, 0.08333449065685272, 0.08354505896568298], "ood_acc": [0.11100000888109207, 0.27000001072883606, 0.3190000057220459, 0.36100003123283386, 0.36400002241134644, 0.3710000216960907, 0.3790000081062317, 0.4010000228881836, 0.4350000321865082, 0.41600000858306885, 0.4100000262260437, 0.42100003361701965, 0.43700000643730164, 0.44700002670288086, 0.44200003147125244, 0.42900002002716064, 0.4100000262260437, 0.4150000214576721, 0.38100001215934753, 0.41100001335144043, 0.42500001192092896, 0.4150000214576721, 0.3960000276565552, 0.42100003361701965, 0.4280000329017639, 0.4320000112056732, 0.4240000247955322, 0.4190000295639038, 0.41600000858306885, 0.43800002336502075, 0.3970000147819519, 0.4050000309944153, 0.4180000126361847, 0.4140000343322754, 0.406000018119812, 0.406000018119812, 0.4100000262260437, 0.41600000858306885, 0.41600000858306885, 0.3970000147819519, 0.37300002574920654, 0.4130000174045563, 0.4140000343322754, 0.4310000240802765, 0.4310000240802765, 0.3930000066757202, 0.37800002098083496, 0.38100001215934753, 0.40400001406669617, 0.39900001883506775, 0.41100001335144043], "ood_ce": [2.2975423336029053, 2.169724941253662, 1.9873851537704468, 1.7903656959533691, 1.7915393114089966, 1.8774745464324951, 1.9979534149169922, 2.0159289836883545, 2.0392274856567383, 2.2103378772735596, 2.2571284770965576, 2.2116453647613525, 2.2478229999542236, 2.410139799118042, 2.4342665672302246, 2.400070905685425, 2.6357691287994385, 2.4686408042907715, 2.975531578063965, 2.638909339904785, 2.675305128097534, 2.8567774295806885, 2.9843218326568604, 3.122040033340454, 2.809739828109741, 2.902359962463379, 2.9440436363220215, 2.9001476764678955, 3.1891355514526367, 3.165092945098877, 2.8939130306243896, 2.7992665767669678, 3.192108392715454, 3.293372392654419, 3.3115618228912354, 3.1097798347473145, 3.438558340072632, 3.720823049545288, 3.9368772506713867, 3.415724039077759, 3.248567819595337, 3.343926429748535, 3.3546855449676514, 3.3399012088775635, 3.731548547744751, 3.650815010070801, 3.780827283859253, 3.9122939109802246, 3.7795932292938232, 3.7890264987945557, 3.42777681350708]}