{"step": [0, 30, 60, 90, 120, 150, 180, 210, 240, 270, 300, 330, 360, 390, 420, 450, 480, 510, 540, 570, 600, 630, 660, 690, 720, 750, 780, 810, 840, 870, 900, 930, 960, 990, 1020, 1050, 1080, 1110, 1140, 1170, 1200, 1230, 1260, 1290, 1320, 1350, 1380, 1410, 1440, 1470, 1499], "train": [2.2990516821543374, 2.0553473234176636, 1.679455320040385, 1.2671494483947754, 1.047900954882304, 0.7979008555412292, 0.6488089064757029, 0.5774628221988678, 0.6825415889422098, 0.4197092403968175, 0.40241215626398724, 0.3432839016119639, 0.32948118448257446, 0.3093545436859131, 0.2691769152879715, 0.2704345832268397, 0.2149142175912857, 0.20797330141067505, 0.21998846779266992, 0.21555314461390176, 0.20727496345837912, 0.168903057773908, 0.18125983824332556, 0.1665139471491178, 0.18547599017620087, 0.15872599184513092, 0.12753975639740625, 0.16900775829950967, 0.16501492510239282, 0.14336256558696428, 0.11977300296227138, 0.11188879484931628, 0.12557034194469452, 0.11728183925151825, 0.14623228460550308, 0.20951355497042337, 0.14185405522584915, 0.1363672415415446, 0.1283887724081675, 0.11450895667076111, 0.09630631531278293, 0.12313217173020045, 0.14518785725037256, 0.1144444892803828, 0.08321752275029819, 0.0881310577193896, 0.13655719657739004, 0.16675967971483865, 0.11247514188289642, 0.12427069495121638, 0.09829944372177124], "ood_acc": [0.10000000149011612, 0.21800000965595245, 0.2590000033378601, 0.2510000169277191, 0.3500000238418579, 0.3490000069141388, 0.38100001215934753, 0.3930000066757202, 0.40800002217292786, 0.3920000195503235, 0.40300002694129944, 0.42000001668930054, 0.4090000092983246, 0.40800002217292786, 0.3930000066757202, 0.4320000112056732, 0.42500001192092896, 0.45000001788139343, 0.4280000329017639, 0.43300002813339233, 0.43400001525878906, 0.4400000274181366, 0.4280000329017639, 0.45100003480911255, 0.4400000274181366, 0.42100003361701965, 0.4050000309944153, 0.43800002336502075, 0.4190000295639038, 0.4230000078678131, 0.41600000858306885, 0.4300000071525574, 0.4350000321865082, 0.42600002884864807, 0.4280000329017639, 0.4220000207424164, 0.39900001883506775, 0.40300002694129944, 0.41600000858306885, 0.39000001549720764, 0.42100003361701965, 0.40800002217292786, 0.3920000195503235, 0.3710000216960907, 0.41100001335144043, 0.406000018119812, 0.39400002360343933, 0.38600000739097595, 0.3970000147819519, 0.3620000183582306, 0.3800000250339508], "ood_ce": [2.3157217502593994, 2.1803030967712402, 2.012788772583008, 2.131716012954712, 2.324465751647949, 2.1431398391723633, 2.1892178058624268, 2.2126410007476807, 2.3693246841430664, 2.4619529247283936, 2.8156378269195557, 2.557220220565796, 2.690328598022461, 2.5992088317871094, 2.524217367172241, 2.620591640472412, 2.4638891220092773, 2.609675645828247, 2.5534119606018066, 2.699138879776001, 3.019212484359741, 3.0873231887817383, 2.8652994632720947, 2.960298776626587, 2.8721790313720703, 2.700075626373291, 3.0619213581085205, 2.890700340270996, 2.8433761596679688, 3.260143280029297, 3.382524013519287, 3.1298539638519287, 3.327357292175293, 3.4487907886505127, 3.5046565532684326, 3.4902238845825195, 3.0957539081573486, 3.096083879470825, 3.3438057899475098, 3.1768546104431152, 3.272899866104126, 3.608680248260498, 3.6060328483581543, 3.443279266357422, 3.273848295211792, 3.5740199089050293, 4.076314926147461, 4.028594493865967, 3.802950382232666, 4.1185221672058105, 3.8979268074035645]}