{"step": [0, 30, 60, 90, 120, 150, 180, 210, 240, 270, 300, 330, 360, 390, 420, 450, 480, 510, 540, 570, 600, 630, 660, 690, 720, 750, 780, 810, 840, 870, 900, 930, 960, 990, 1020, 1050, 1080, 1110, 1140, 1170, 1200, 1230, 1260, 1290, 1320, 1350, 1380, 1410, 1440, 1470, 1499], "train": [2.289719343185425, 2.0602428913116455, 1.6825036605199177, 1.2990049521128337, 0.9967856009801229, 0.7891177932421366, 0.6554925441741943, 0.5363747775554657, 0.47147733966509503, 0.40218032399813336, 0.382421816388766, 0.3622017502784729, 0.3076142966747284, 0.26699545979499817, 0.28126207490762073, 0.2570292154947917, 0.23034393787384033, 0.21685164918502173, 0.18615037202835083, 0.17089812209208807, 0.19727187852064768, 0.2020741899808248, 0.1744420180718104, 0.15788128972053528, 0.13211158042152724, 0.11976618443926175, 0.14163405448198318, 0.1874444236358007, 0.1835829938451449, 0.16600412130355835, 0.12284714231888454, 0.17659159253040949, 0.11732381830612819, 0.14865622172753015, 0.13474991420904794, 0.1354787970582644, 0.18885127206643423, 0.10454710572957993, 0.15283231933911642, 0.129912868142128, 0.14861843983332315, 0.10516318182150523, 0.11067124952872594, 0.1224450021982193, 0.11189507693052292, 0.09103529403607051, 0.09836657096942265, 0.09433437138795853, 0.10169008374214172, 0.08129636943340302, 0.10562935968240102], "ood_acc": [0.1120000034570694, 0.18700000643730164, 0.28200000524520874, 0.27900001406669617, 0.29200002551078796, 0.34200000762939453, 0.38600000739097595, 0.38100001215934753, 0.35600000619888306, 0.4100000262260437, 0.42000001668930054, 0.406000018119812, 0.4100000262260437, 0.43700000643730164, 0.445000022649765, 0.4190000295639038, 0.4270000159740448, 0.406000018119812, 0.38100001215934753, 0.4100000262260437, 0.4310000240802765, 0.4280000329017639, 0.4220000207424164, 0.4050000309944153, 0.4230000078678131, 0.43700000643730164, 0.4310000240802765, 0.40800002217292786, 0.4190000295639038, 0.40400001406669617, 0.398000031709671, 0.42000001668930054, 0.3890000283718109, 0.3880000114440918, 0.3920000195503235, 0.4020000100135803, 0.3850000202655792, 0.4190000295639038, 0.41100001335144043, 0.38200002908706665, 0.406000018119812, 0.4020000100135803, 0.4020000100135803, 0.406000018119812, 0.4020000100135803, 0.398000031709671, 0.38200002908706665, 0.41200003027915955, 0.41100001335144043, 0.40400001406669617, 0.4000000059604645], "ood_ce": [2.3007583618164062, 2.1700186729431152, 1.994661569595337, 2.0639755725860596, 2.181001663208008, 2.115784168243408, 2.097579002380371, 1.963637351989746, 2.225956439971924, 2.0795392990112305, 2.183044910430908, 2.3841564655303955, 2.414639472961426, 2.507725715637207, 2.3840088844299316, 2.5114572048187256, 2.596444845199585, 2.74704909324646, 2.7753241062164307, 2.899488925933838, 2.8231360912323, 2.8768973350524902, 2.7240700721740723, 2.7592008113861084, 3.1039011478424072, 3.00457501411438, 2.9996936321258545, 3.5896973609924316, 3.13511061668396, 2.9625062942504883, 3.036802291870117, 3.4053361415863037, 3.2866263389587402, 3.5604424476623535, 3.7035961151123047, 3.529636859893799, 3.4422459602355957, 3.375929832458496, 3.135316848754883, 3.5188686847686768, 3.5344302654266357, 3.3233187198638916, 3.327798843383789, 3.0467677116394043, 3.5597360134124756, 3.8079020977020264, 3.6215291023254395, 3.224221706390381, 3.2605628967285156, 4.065208435058594, 3.921616315841675]}