{"step": [0, 30, 60, 90, 120, 150, 180, 210, 240, 270, 300, 330, 360, 390, 420, 450, 480, 510, 540, 570, 600, 630, 660, 690, 720, 750, 780, 810, 840, 870, 900, 930, 960, 990, 1020, 1050, 1080, 1110, 1140, 1170, 1200, 1230, 1260, 1290, 1320, 1350, 1380, 1410, 1440, 1470, 1499], "train": [2.3100438912709556, 2.1128212610880532, 1.7445810238520305, 1.3270221948623657, 1.0091145237286885, 0.8164078990618387, 0.6576664845148722, 0.590022087097168, 0.5070546567440033, 0.4723888436953227, 0.4211081266403198, 0.3632970054944356, 0.36892756819725037, 0.32851509253184, 0.26557991405328113, 0.282621110479037, 0.3075310190518697, 0.21332728366057077, 0.21804019312063852, 0.1775597482919693, 0.1541417439778646, 0.15125414232412973, 0.14041607081890106, 0.17223098874092102, 0.15710643927256265, 0.16922194510698318, 0.15424887339274088, 0.14580564200878143, 0.10978031406799953, 0.1596407095591227, 0.13903735081354776, 0.2212372620900472, 0.11715011298656464, 0.12942329049110413, 0.1369164139032364, 0.13966545959313711, 0.0947298879424731, 0.0946556031703949, 0.12532659123341242, 0.13287869344154993, 0.121182215710481, 0.12645030145843825, 0.189349335928758, 0.1468224972486496, 0.11421780039866765, 0.09061143547296524, 0.10107669606804848, 0.1215453992287318, 0.12664961069822311, 0.11383743584156036, 0.14099435756603876], "ood_acc": [0.07500000298023224, 0.2370000183582306, 0.28300002217292786, 0.26500001549720764, 0.2990000247955322, 0.3530000150203705, 0.3620000183582306, 0.4140000343322754, 0.398000031709671, 0.367000013589859, 0.4010000228881836, 0.4140000343322754, 0.39400002360343933, 0.43800002336502075, 0.4490000307559967, 0.4480000138282776, 0.4100000262260437, 0.4020000100135803, 0.44300001859664917, 0.4140000343322754, 0.45000001788139343, 0.4270000159740448, 0.445000022649765, 0.40300002694129944, 0.42600002884864807, 0.42000001668930054, 0.3830000162124634, 0.40300002694129944, 0.41600000858306885, 0.4190000295639038, 0.39500001072883606, 0.40400001406669617, 0.42100003361701965, 0.4360000193119049, 0.42100003361701965, 0.40700000524520874, 0.41600000858306885, 0.42600002884864807, 0.4090000092983246, 0.4130000174045563, 0.4020000100135803, 0.41200003027915955, 0.4150000214576721, 0.38200002908706665, 0.3930000066757202, 0.39500001072883606, 0.4190000295639038, 0.43400001525878906, 0.445000022649765, 0.4150000214576721, 0.39400002360343933], "ood_ce": [2.309131383895874, 2.1754567623138428, 1.9570250511169434, 2.0262889862060547, 2.1823415756225586, 2.1324260234832764, 2.3597679138183594, 2.0366475582122803, 2.020540475845337, 2.3515286445617676, 2.3197314739227295, 2.3908138275146484, 2.3725926876068115, 2.431877613067627, 2.5522654056549072, 2.2850921154022217, 2.530240774154663, 2.619229316711426, 2.5624072551727295, 2.6118714809417725, 2.5262742042541504, 2.8330981731414795, 2.504843235015869, 3.1938600540161133, 2.8865928649902344, 2.8214786052703857, 3.263711929321289, 2.944668769836426, 2.991508960723877, 3.3346877098083496, 3.0878255367279053, 3.1233651638031006, 3.2370855808258057, 3.2841715812683105, 3.2235684394836426, 3.2489006519317627, 3.0795416831970215, 3.4102399349212646, 3.2375519275665283, 3.1546175479888916, 3.4055347442626953, 3.253368377685547, 3.433410167694092, 3.3567867279052734, 3.3553826808929443, 3.594526529312134, 3.3817150592803955, 3.5130274295806885, 3.1939570903778076, 3.6018311977386475, 3.51312518119812]}