{"step": [0, 30, 60, 90, 120, 150, 180, 210, 240, 270, 300, 330, 360, 390, 420, 450, 480, 510, 540, 570, 600, 630, 660, 690, 720, 750, 780, 810, 840, 870, 900, 930, 960, 990, 1020, 1050, 1080, 1110, 1140, 1170, 1200, 1230, 1260, 1290, 1320, 1350, 1380, 1410, 1440, 1470, 1499], "train": [2.2955477237701416, 2.0478793382644653, 1.6059767405192058, 1.2125122547149658, 0.9300616979598999, 0.8078651825586954, 0.6233262022336324, 0.5481695334116617, 0.47562740246454877, 0.40718548993269604, 0.3293338119983673, 0.3142002522945404, 0.2975611637036006, 0.2614894509315491, 0.2343855102856954, 0.20976866781711578, 0.2170050044854482, 0.21223238110542297, 0.20960092544555664, 0.19631626705328623, 0.15984322627385458, 0.1253354474902153, 0.12331131597359975, 0.1409809390703837, 0.1425337294737498, 0.15675883988539377, 0.1601877510547638, 0.11123031626145045, 0.14751668522755304, 0.19397822519143423, 0.13024607300758362, 0.11719822138547897, 0.11809340491890907, 0.11604021489620209, 0.10523978620767593, 0.24615845332543054, 0.17990223815043768, 0.1025740255912145, 0.14398654798666635, 0.14563786486784616, 0.16220500816901526, 0.10306725402673085, 0.11866986751556396, 0.15111395716667175, 0.16494393100341162, 0.12147119144598643, 0.11615088333686192, 0.11379119753837585, 0.10710759957631429, 0.12552404403686523, 0.0889746720592181], "ood_acc": [0.08700000494718552, 0.23100000619888306, 0.26600000262260437, 0.26600000262260437, 0.3330000042915344, 0.3270000219345093, 0.33800002932548523, 0.3720000088214874, 0.3680000305175781, 0.3580000102519989, 0.37400001287460327, 0.3850000202655792, 0.39400002360343933, 0.4280000329017639, 0.42500001192092896, 0.398000031709671, 0.42100003361701965, 0.3930000066757202, 0.3840000033378601, 0.4230000078678131, 0.39900001883506775, 0.40800002217292786, 0.4230000078678131, 0.4150000214576721, 0.43700000643730164, 0.398000031709671, 0.41700002551078796, 0.4010000228881836, 0.42100003361701965, 0.4010000228881836, 0.4050000309944153, 0.406000018119812, 0.3970000147819519, 0.3850000202655792, 0.39400002360343933, 0.40400001406669617, 0.39900001883506775, 0.4140000343322754, 0.40400001406669617, 0.4130000174045563, 0.4140000343322754, 0.39400002360343933, 0.38700002431869507, 0.4010000228881836, 0.3750000298023224, 0.3930000066757202, 0.38100001215934753, 0.39400002360343933, 0.39000001549720764, 0.39900001883506775, 0.3880000114440918], "ood_ce": [2.309570789337158, 2.1734726428985596, 1.9831711053848267, 1.9893678426742554, 2.016216993331909, 2.2457196712493896, 2.2023415565490723, 2.0592620372772217, 2.1244375705718994, 2.3565258979797363, 2.569826126098633, 2.5061607360839844, 2.697486400604248, 2.377331018447876, 2.517801523208618, 2.7291154861450195, 2.550960063934326, 2.725466728210449, 2.750063180923462, 2.9137778282165527, 2.9495413303375244, 2.6170103549957275, 2.9331917762756348, 3.0278806686401367, 2.832822322845459, 2.974583148956299, 2.9156033992767334, 2.934892177581787, 3.258188247680664, 3.1940903663635254, 3.0621824264526367, 3.1979265213012695, 3.1314375400543213, 2.9146995544433594, 3.3596413135528564, 3.248969316482544, 3.425849676132202, 3.1878745555877686, 3.4760451316833496, 3.5447068214416504, 3.437534809112549, 3.434621572494507, 3.912400960922241, 3.748446226119995, 3.6441538333892822, 3.6690258979797363, 4.144972801208496, 4.41239595413208, 3.8844382762908936, 3.834740400314331, 4.173634052276611]}