{"step": [0, 30, 60, 90, 120, 150, 180, 210, 240, 270, 300, 330, 360, 390, 420, 450, 480, 510, 540, 570, 600, 630, 660, 690, 720, 750, 780, 810, 840, 870, 900, 930, 960, 990, 1020, 1050, 1080, 1110, 1140, 1170, 1200, 1230, 1260, 1290, 1320, 1350, 1380, 1410, 1440, 1470, 1499], "train": [2.294736703236898, 2.121018171310425, 1.7621434529622395, 1.3475454648335774, 1.0454472104708354, 0.8045167724291483, 0.6675621867179871, 0.5497750143210093, 0.4604225754737854, 0.4733566443125407, 0.3595748047033946, 0.32966909805933636, 0.3119265635808309, 0.27640120685100555, 0.24363322059313455, 0.25871823231379193, 0.2250127519170443, 0.21954238911469778, 0.21478628118832907, 0.19931460171937943, 0.17976112912098566, 0.18767690658569336, 0.1590671887000402, 0.1335515355070432, 0.12909147391716638, 0.1498804067571958, 0.1672959178686142, 0.1282606596748034, 0.09713309506575267, 0.1251613348722458, 0.13036863754192987, 0.12197673320770264, 0.1093191330631574, 0.12074065953493118, 0.11953558772802353, 0.07617093498508136, 0.09201536824305852, 0.17175946633021036, 0.14140206078688303, 0.1415840027232965, 0.16942019760608673, 0.12677490214506784, 0.16755315164724985, 0.17538589735825857, 0.09908389672636986, 0.08108166108528773, 0.08838828404744466, 0.1164907564719518, 0.09976030886173248, 0.11226826409498851, 0.10068646321694057], "ood_acc": [0.11900000274181366, 0.21900001168251038, 0.26200002431869507, 0.2900000214576721, 0.3270000219345093, 0.3540000021457672, 0.38600000739097595, 0.3800000250339508, 0.4010000228881836, 0.3710000216960907, 0.39400002360343933, 0.42000001668930054, 0.40800002217292786, 0.4270000159740448, 0.445000022649765, 0.43400001525878906, 0.43400001525878906, 0.4280000329017639, 0.4220000207424164, 0.398000031709671, 0.42000001668930054, 0.44200003147125244, 0.42900002002716064, 0.42600002884864807, 0.4150000214576721, 0.41600000858306885, 0.4280000329017639, 0.4000000059604645, 0.42000001668930054, 0.42500001192092896, 0.4050000309944153, 0.41600000858306885, 0.39100003242492676, 0.41100001335144043, 0.42000001668930054, 0.40300002694129944, 0.3920000195503235, 0.4350000321865082, 0.37400001287460327, 0.39100003242492676, 0.4140000343322754, 0.39400002360343933, 0.3840000033378601, 0.4000000059604645, 0.40800002217292786, 0.37300002574920654, 0.4130000174045563, 0.42100003361701965, 0.4350000321865082, 0.40300002694129944, 0.40300002694129944], "ood_ce": [2.3005263805389404, 2.2066988945007324, 2.0434563159942627, 2.0072691440582275, 2.139533281326294, 1.9553831815719604, 1.985164761543274, 2.022907018661499, 2.041294574737549, 2.3049581050872803, 2.317605972290039, 2.181424140930176, 2.25705885887146, 2.3790359497070312, 2.3378283977508545, 2.441861152648926, 2.6082704067230225, 2.570213794708252, 2.6114964485168457, 2.5807623863220215, 2.6896612644195557, 2.799931049346924, 3.0640485286712646, 2.931375741958618, 3.1019206047058105, 2.9773309230804443, 2.8755598068237305, 2.921210527420044, 2.837657928466797, 3.1325368881225586, 3.418048858642578, 3.366363763809204, 3.4617931842803955, 3.2893033027648926, 3.3453786373138428, 2.9848153591156006, 3.152785301208496, 2.9455485343933105, 3.1820459365844727, 3.0114476680755615, 3.0038819313049316, 3.237781047821045, 3.175786018371582, 3.3546416759490967, 3.3886048793792725, 3.3456406593322754, 3.424785614013672, 3.648294687271118, 3.348639726638794, 3.3546762466430664, 3.732438325881958]}