{"step": [0, 30, 60, 90, 120, 150, 180, 210, 240, 270, 300, 330, 360, 390, 420, 450, 480, 510, 540, 570, 600, 630, 660, 690, 720, 750, 780, 810, 840, 870, 900, 930, 960, 990, 1020, 1050, 1080, 1110, 1140, 1170, 1200, 1230, 1260, 1290, 1320, 1350, 1380, 1410, 1440, 1470, 1499], "train": [2.2990516821543374, 2.0543825229008994, 1.6787630716959636, 1.2665329376856487, 1.0439411600430806, 0.7715697884559631, 0.6744168599446615, 0.56429390112559, 0.48782333731651306, 0.4125143388907115, 0.3580996294816335, 0.3340458919604619, 0.34565381209055585, 0.3371172199646632, 0.26882511377334595, 0.27084727088610333, 0.2735968430836995, 0.2122037559747696, 0.18868131190538406, 0.1895280530055364, 0.18428905804951987, 0.178244449198246, 0.17359804610411325, 0.17321049918731055, 0.16209208965301514, 0.1772612283627192, 0.15313036243120828, 0.13272890945275626, 0.138119305173556, 0.16968242824077606, 0.1327971468369166, 0.1399556448062261, 0.15214592963457108, 0.12657610575358072, 0.2330505462984244, 0.1559635450442632, 0.16781014204025269, 0.10035558665792148, 0.09957386553287506, 0.10787387192249298, 0.11134457215666771, 0.10892101128896077, 0.12339553236961365, 0.09876035153865814, 0.15964186936616898, 0.11239660282929738, 0.11035081495841344, 0.11078342298666637, 0.12432157248258591, 0.18416536351044974, 0.08712907632191975], "ood_acc": [0.10000000149011612, 0.2160000056028366, 0.26200002431869507, 0.24800001084804535, 0.3410000205039978, 0.36100003123283386, 0.4010000228881836, 0.3790000081062317, 0.3830000162124634, 0.42000001668930054, 0.41700002551078796, 0.39900001883506775, 0.3840000033378601, 0.41100001335144043, 0.4010000228881836, 0.4230000078678131, 0.42500001192092896, 0.4300000071525574, 0.4310000240802765, 0.43400001525878906, 0.3970000147819519, 0.4220000207424164, 0.41600000858306885, 0.40400001406669617, 0.4190000295639038, 0.4000000059604645, 0.406000018119812, 0.43400001525878906, 0.4320000112056732, 0.40700000524520874, 0.42100003361701965, 0.4390000104904175, 0.4130000174045563, 0.4130000174045563, 0.4270000159740448, 0.4000000059604645, 0.43400001525878906, 0.4390000104904175, 0.4020000100135803, 0.42100003361701965, 0.40300002694129944, 0.40300002694129944, 0.40400001406669617, 0.42100003361701965, 0.3800000250339508, 0.38700002431869507, 0.41200003027915955, 0.4000000059604645, 0.38700002431869507, 0.3800000250339508, 0.3850000202655792], "ood_ce": [2.3157217502593994, 2.179934501647949, 2.012573003768921, 2.1350595951080322, 2.340679883956909, 2.074791431427002, 2.0731618404388428, 2.2024970054626465, 2.420973539352417, 2.375204563140869, 2.3638603687286377, 2.508361577987671, 2.7362375259399414, 2.5271074771881104, 2.484426259994507, 2.7331621646881104, 2.4029009342193604, 2.593841552734375, 2.7286880016326904, 2.9454777240753174, 3.1647188663482666, 3.130918264389038, 3.016622304916382, 2.862605094909668, 3.0193464756011963, 3.0917258262634277, 3.09132981300354, 2.8626856803894043, 2.893913745880127, 3.123913526535034, 2.9812512397766113, 3.1148831844329834, 3.0741422176361084, 3.2859268188476562, 3.7986505031585693, 2.8285796642303467, 3.09318470954895, 3.1395206451416016, 3.3466687202453613, 3.5157358646392822, 3.4158406257629395, 3.804600238800049, 3.9752578735351562, 3.6818714141845703, 3.7985613346099854, 3.442471742630005, 4.0111775398254395, 4.858862400054932, 4.444307327270508, 4.01581335067749, 3.896636724472046]}