{"step": [0, 30, 60, 90, 120, 150, 180, 210, 240, 270, 300, 330, 360, 390, 420, 450, 480, 510, 540, 570, 600, 630, 660, 690, 720, 750, 780, 810, 840, 870, 900, 930, 960, 990, 1020, 1050, 1080, 1110, 1140, 1170, 1200, 1230, 1260, 1290, 1320, 1350, 1380, 1410, 1440, 1470, 1499], "train": [2.294736703236898, 2.1213018894195557, 1.7642470598220825, 1.3492300907770793, 1.0466517408688862, 0.8020869890848795, 0.6755764385064443, 0.5603948334852854, 0.45734283328056335, 0.4646718502044678, 0.3578414171934128, 0.3366852601369222, 0.26766639451185864, 0.2501266400019328, 0.2442812422911326, 0.2258900006612142, 0.21189658840497336, 0.21165036658445993, 0.2118187720576922, 0.1958000361919403, 0.17783364901940027, 0.17827819287776947, 0.1998897542556127, 0.13841418673594794, 0.1416685531536738, 0.14735525598128638, 0.0939282551407814, 0.1610212524731954, 0.16247350722551346, 0.15324982007344565, 0.09881395970781644, 0.1380446453889211, 0.11395792911450069, 0.10901536295811336, 0.18198751409848532, 0.1954008142153422, 0.11637096107006073, 0.12223174422979355, 0.13208038111527762, 0.11056179056564967, 0.12710610032081604, 0.1888150523106257, 0.13740654041369757, 0.1136500711242358, 0.23529857397079468, 0.12440430372953415, 0.0798753375808398, 0.09134587893883388, 0.09043030130366485, 0.1084313119451205, 0.07944145053625107], "ood_acc": [0.11900000274181366, 0.2160000056028366, 0.2580000162124634, 0.2880000174045563, 0.3270000219345093, 0.3570000231266022, 0.38600000739097595, 0.3850000202655792, 0.40300002694129944, 0.3680000305175781, 0.4010000228881836, 0.4230000078678131, 0.40800002217292786, 0.41700002551078796, 0.43700000643730164, 0.42900002002716064, 0.406000018119812, 0.4320000112056732, 0.42600002884864807, 0.42500001192092896, 0.42000001668930054, 0.4050000309944153, 0.4350000321865082, 0.41600000858306885, 0.39100003242492676, 0.4280000329017639, 0.4050000309944153, 0.41100001335144043, 0.44200003147125244, 0.406000018119812, 0.4000000059604645, 0.3830000162124634, 0.39900001883506775, 0.42900002002716064, 0.43400001525878906, 0.40300002694129944, 0.4140000343322754, 0.41100001335144043, 0.40700000524520874, 0.4320000112056732, 0.4010000228881836, 0.4350000321865082, 0.4240000247955322, 0.42600002884864807, 0.40300002694129944, 0.4350000321865082, 0.4230000078678131, 0.40400001406669617, 0.39400002360343933, 0.4180000126361847, 0.40700000524520874], "ood_ce": [2.3005263805389404, 2.2067365646362305, 2.042001485824585, 2.0116994380950928, 2.1968400478363037, 1.9918757677078247, 2.033338785171509, 2.055813789367676, 2.0735974311828613, 2.3403871059417725, 2.3310797214508057, 2.174144983291626, 2.2952218055725098, 2.2310023307800293, 2.24916410446167, 2.351689338684082, 2.757990837097168, 2.5385303497314453, 2.8534023761749268, 2.6131982803344727, 2.5916740894317627, 2.511291980743408, 2.9460909366607666, 2.9933996200561523, 2.9825618267059326, 3.0988898277282715, 3.325936794281006, 3.4017531871795654, 2.8656036853790283, 2.739283800125122, 2.7990293502807617, 3.402240753173828, 3.421377658843994, 3.11641263961792, 3.1611788272857666, 3.196335792541504, 3.069671630859375, 3.1114799976348877, 3.339975595474243, 3.7069649696350098, 3.85793399810791, 3.449218511581421, 3.3981378078460693, 3.259019136428833, 3.1589386463165283, 2.724689245223999, 3.107332706451416, 3.599169969558716, 3.712188959121704, 3.7971341609954834, 3.913259983062744]}