{"step": [0, 30, 60, 90, 120, 150, 180, 210, 240, 270, 300, 330, 360, 390, 420, 450, 480, 510, 540, 570, 600, 630, 660, 690, 720, 750, 780, 810, 840, 870, 900, 930, 960, 990, 1020, 1050, 1080, 1110, 1140, 1170, 1200, 1230, 1260, 1290, 1320, 1350, 1380, 1410, 1440, 1470, 1499], "train": [2.2990516821543374, 2.0448673168818154, 1.6301313241322835, 1.2475179036458333, 0.9846053719520569, 0.7357078691323599, 0.6114688018957773, 0.5340808033943176, 0.4592539568742116, 0.39976104100545246, 0.36299096047878265, 0.3141612410545349, 0.3080888092517853, 0.3102079580227534, 0.2777610619862874, 0.2583232522010803, 0.2724374557534854, 0.21393063167730966, 0.23492377996444702, 0.19724903255701065, 0.2263858566681544, 0.19717736293872198, 0.2023944209019343, 0.16754034409920374, 0.13656706983844438, 0.14204174280166626, 0.13391750305891037, 0.11459550882379214, 0.09931566442052524, 0.1364902804295222, 0.12864962965250015, 0.11821632583936055, 0.2884638061126073, 0.1437692940235138, 0.13440407067537308, 0.12530421713987985, 0.1068390483657519, 0.14528171718120575, 0.16164800028006235, 0.13321534295876822, 0.06786551202336948, 0.20098095387220383, 0.07972585534056027, 0.09641725197434425, 0.1368696168065071, 0.10466438780228297, 0.6338964154322942, 0.28148546318213147, 0.20256256560484567, 0.09061367437243462, 0.08819029728571574], "ood_acc": [0.10000000149011612, 0.22300000488758087, 0.2630000114440918, 0.2750000059604645, 0.3530000150203705, 0.34800001978874207, 0.3800000250339508, 0.39500001072883606, 0.3960000276565552, 0.4000000059604645, 0.406000018119812, 0.39900001883506775, 0.4240000247955322, 0.41200003027915955, 0.42000001668930054, 0.4310000240802765, 0.4350000321865082, 0.4220000207424164, 0.39000001549720764, 0.4130000174045563, 0.4150000214576721, 0.44700002670288086, 0.4190000295639038, 0.42900002002716064, 0.41600000858306885, 0.44700002670288086, 0.45600003004074097, 0.46300002932548523, 0.4520000219345093, 0.4410000145435333, 0.4320000112056732, 0.42600002884864807, 0.4240000247955322, 0.4180000126361847, 0.41100001335144043, 0.39900001883506775, 0.4150000214576721, 0.39000001549720764, 0.40700000524520874, 0.4150000214576721, 0.4140000343322754, 0.40700000524520874, 0.4100000262260437, 0.4150000214576721, 0.398000031709671, 0.3920000195503235, 0.3960000276565552, 0.3800000250339508, 0.3710000216960907, 0.3830000162124634, 0.4000000059604645], "ood_ce": [2.3157217502593994, 2.1757311820983887, 1.978481650352478, 2.035559892654419, 2.1776621341705322, 2.1264944076538086, 2.088409900665283, 2.099520444869995, 2.2993509769439697, 2.393970251083374, 2.398374557495117, 2.4515273571014404, 2.439091444015503, 2.7168755531311035, 2.531939744949341, 2.5918338298797607, 2.741042137145996, 2.659237861633301, 2.8901267051696777, 2.855926036834717, 2.9519972801208496, 2.573960781097412, 2.7757816314697266, 3.017210006713867, 2.9043450355529785, 2.841186761856079, 3.0040574073791504, 2.9317924976348877, 2.9620416164398193, 3.1894025802612305, 3.5329947471618652, 3.8596272468566895, 3.4770350456237793, 3.108499526977539, 3.656689167022705, 3.7722537517547607, 3.6340749263763428, 3.521522045135498, 3.4894912242889404, 3.622100830078125, 3.2736475467681885, 3.676926374435425, 3.455828905105591, 4.0841193199157715, 3.8250937461853027, 3.768974781036377, 4.138549327850342, 4.2486371994018555, 4.1549530029296875, 4.135887145996094, 4.180428504943848]}