{"step": [0, 30, 60, 90, 120, 150, 180, 210, 240, 270, 300, 330, 360, 390, 420, 450, 480, 510, 540, 570, 600, 630, 660, 690, 720, 750, 780, 810, 840, 870, 900, 930, 960, 990, 1020, 1050, 1080, 1110, 1140, 1170, 1200, 1230, 1260, 1290, 1320, 1350, 1380, 1410, 1440, 1470, 1499], "train": [2.2955477237701416, 2.0550828774770102, 1.637978196144104, 1.2096286217371623, 0.9478788574536642, 0.8384090065956116, 0.6465012729167938, 0.5424120326836904, 0.49850673973560333, 0.39024094740549725, 0.33223798374334973, 0.3056282897790273, 0.29250159362951916, 0.2655774652957916, 0.29684606194496155, 0.2306121587753296, 0.24316329260667166, 0.22521328926086426, 0.1907448098063469, 0.1893585498134295, 0.15574033310015997, 0.14795762797196707, 0.16248097519079843, 0.1867033193508784, 0.12304573506116867, 0.12282102430860202, 0.18826057761907578, 0.1426500901579857, 0.39759449164072674, 0.173918550213178, 0.11348241070906322, 0.1379493847489357, 0.09730907281239827, 0.12640642747282982, 0.1391819715499878, 0.1408474991718928, 0.11357574909925461, 0.09931723276774089, 0.10885190218687057, 0.0977473109960556, 0.1371019333600998, 0.16753298540910086, 0.15080648784836134, 0.1154229963819186, 0.13992466032505035, 0.11626606186230977, 0.1576183239618937, 0.17721998691558838, 0.3693399503827095, 0.11118090276916821, 0.1721645692984263], "ood_acc": [0.08700000494718552, 0.22100001573562622, 0.24800001084804535, 0.2550000250339508, 0.31300002336502075, 0.32500001788139343, 0.32500001788139343, 0.3700000047683716, 0.35600000619888306, 0.40300002694129944, 0.3890000283718109, 0.3880000114440918, 0.3750000298023224, 0.4140000343322754, 0.38100001215934753, 0.41100001335144043, 0.40800002217292786, 0.39000001549720764, 0.3970000147819519, 0.42000001668930054, 0.4130000174045563, 0.4220000207424164, 0.3760000169277191, 0.39900001883506775, 0.39400002360343933, 0.39000001549720764, 0.4020000100135803, 0.41200003027915955, 0.4090000092983246, 0.3890000283718109, 0.39400002360343933, 0.40300002694129944, 0.4010000228881836, 0.3960000276565552, 0.39400002360343933, 0.3760000169277191, 0.3800000250339508, 0.3800000250339508, 0.3630000054836273, 0.3850000202655792, 0.4130000174045563, 0.39100003242492676, 0.4010000228881836, 0.38200002908706665, 0.3760000169277191, 0.39500001072883606, 0.3800000250339508, 0.38100001215934753, 0.38200002908706665, 0.3790000081062317, 0.39100003242492676], "ood_ce": [2.309570789337158, 2.1778321266174316, 2.006267786026001, 2.0934479236602783, 2.216647148132324, 2.364168882369995, 2.326568603515625, 2.183187484741211, 2.3225111961364746, 2.173957109451294, 2.521728515625, 2.6010470390319824, 2.7136266231536865, 2.554363489151001, 2.7905824184417725, 2.6384646892547607, 2.9114959239959717, 3.270785331726074, 2.9382853507995605, 2.833693027496338, 2.939840793609619, 3.1265673637390137, 3.3428540229797363, 3.1650137901306152, 3.0430068969726562, 3.4331142902374268, 3.3487186431884766, 2.94752836227417, 3.1928834915161133, 3.158334493637085, 3.675089120864868, 3.773939371109009, 3.384288787841797, 3.309199571609497, 3.488607406616211, 3.34975528717041, 3.5335257053375244, 3.7078890800476074, 3.6962473392486572, 3.5766329765319824, 3.7095437049865723, 3.5742874145507812, 3.3961644172668457, 3.6873579025268555, 4.325923919677734, 3.9966018199920654, 4.342043876647949, 4.010064125061035, 4.099174976348877, 4.284580230712891, 4.905251979827881]}