{"step": [0, 30, 60, 90, 120, 150, 180, 210, 240, 270, 300, 330, 360, 390, 420, 450, 480, 510, 540, 570, 600, 630, 660, 690, 720, 750, 780, 810, 840, 870, 900, 930, 960, 990, 1020, 1050, 1080, 1110, 1140, 1170, 1200, 1230, 1260, 1290, 1320, 1350, 1380, 1410, 1440, 1470, 1499], "train": [2.294736623764038, 2.1254045963287354, 1.7880179484685261, 1.3591878811518352, 1.0603050589561462, 0.817806621392568, 0.7046900788942972, 0.5694423715273539, 0.4558762808640798, 0.48020482063293457, 0.36388081312179565, 0.33636751274267834, 0.3068554252386093, 0.2220820039510727, 0.23601604998111725, 0.3077809015909831, 0.25407351553440094, 0.20996840794881186, 0.20153406262397766, 0.25624608993530273, 0.16390459736188254, 0.19407924016316733, 0.15507585803667703, 0.1676469991604487, 0.17307848234971365, 0.16463453571001688, 0.14520800362030664, 0.21616884072621664, 0.14826839417219162, 0.132856085896492, 0.14765328168869019, 0.10896901537974675, 0.1101925124724706, 0.08651430159807205, 0.10096344103415807, 0.08302855864167213, 0.10626119251052539, 0.18410572657982507, 0.15389946599801382, 0.13826346894105276, 0.09937627861897151, 0.11745614061752956, 0.11265002191066742, 0.12322993079821269, 0.11224841823180516, 0.08022904892762502, 0.15557333578666052, 0.12356246014436086, 0.12405320381124814, 0.13789129629731178, 0.12212796757618587], "ood_acc": [0.11900000274181366, 0.2150000035762787, 0.23900000751018524, 0.2850000262260437, 0.3140000104904175, 0.3530000150203705, 0.3750000298023224, 0.36100003123283386, 0.39500001072883606, 0.36100003123283386, 0.41200003027915955, 0.42900002002716064, 0.406000018119812, 0.4190000295639038, 0.4090000092983246, 0.4220000207424164, 0.4190000295639038, 0.4240000247955322, 0.4400000274181366, 0.4480000138282776, 0.4350000321865082, 0.42900002002716064, 0.43800002336502075, 0.4150000214576721, 0.4400000274181366, 0.4180000126361847, 0.4300000071525574, 0.42600002884864807, 0.42600002884864807, 0.4140000343322754, 0.42100003361701965, 0.39100003242492676, 0.4050000309944153, 0.41100001335144043, 0.4410000145435333, 0.4390000104904175, 0.4220000207424164, 0.39400002360343933, 0.3930000066757202, 0.4020000100135803, 0.41700002551078796, 0.4230000078678131, 0.42600002884864807, 0.4000000059604645, 0.39900001883506775, 0.4020000100135803, 0.4180000126361847, 0.4090000092983246, 0.41700002551078796, 0.42900002002716064, 0.4350000321865082], "ood_ce": [2.3005263805389404, 2.208256244659424, 2.047356367111206, 2.012347459793091, 2.324575424194336, 2.0698294639587402, 2.121741771697998, 2.12100887298584, 2.0426321029663086, 2.3620824813842773, 2.183851480484009, 2.3175048828125, 2.3993430137634277, 2.5409605503082275, 2.431448459625244, 2.411745548248291, 2.644524097442627, 2.585242748260498, 2.5632946491241455, 2.7556018829345703, 2.444718599319458, 2.6965749263763428, 2.749116897583008, 2.9542853832244873, 2.9264473915100098, 2.9068000316619873, 2.9206316471099854, 3.0315866470336914, 3.065889596939087, 2.8282289505004883, 2.822068691253662, 3.007023334503174, 3.1477248668670654, 2.974842071533203, 3.2728207111358643, 3.7686781883239746, 3.6369316577911377, 3.531423330307007, 3.6964802742004395, 3.339160919189453, 3.1889126300811768, 3.618518829345703, 3.6224443912506104, 3.720052480697632, 3.7998650074005127, 3.6202621459960938, 3.8164546489715576, 3.5880939960479736, 3.3791403770446777, 3.9085004329681396, 3.480854034423828]}