{"step": [0, 30, 60, 90, 120, 150, 180, 210, 240, 270, 300, 330, 360, 390, 420, 450, 480, 510, 540, 570, 600, 630, 660, 690, 720, 750, 780, 810, 840, 870, 900, 930, 960, 990, 1020, 1050, 1080, 1110, 1140, 1170, 1200, 1230, 1260, 1290, 1320, 1350, 1380, 1410, 1440, 1470, 1499], "train": [2.2955477237701416, 2.041196346282959, 1.6033400297164917, 1.289943257967631, 0.9481632709503174, 0.7506888012091318, 0.5759524405002594, 0.4871570865313212, 0.419951265056928, 0.3555360535780589, 0.29789945979913074, 0.2512988398472468, 0.2689683238665263, 0.238633265097936, 0.21392312894264856, 0.17953164875507355, 0.17254034181435904, 0.16117256631453833, 0.1785857304930687, 0.16897702713807425, 0.14961563299099603, 0.17551836371421814, 0.1622067540884018, 0.11405222117900848, 0.15728846937417984, 0.11278044432401657, 0.10984881967306137, 0.0965412048002084, 0.15373394389947256, 0.13291622946659723, 0.1296494553486506, 0.11242533723513286, 0.09979930520057678, 0.10430311659971873, 0.07130305965741475, 0.1329140986005465, 0.10323909173409145, 0.13494832317034403, 0.13111351430416107, 0.12482930968205135, 0.13444679230451584, 0.07193725928664207, 0.11103582382202148, 0.19187932709852853, 0.10339625924825668, 0.07708998583257198, 0.07758685573935509, 0.14744334916273752, 0.09337508678436279, 0.10258302589257558, 0.06348229323824246], "ood_acc": [0.08700000494718552, 0.2330000102519989, 0.2850000262260437, 0.26600000262260437, 0.34200000762939453, 0.3680000305175781, 0.36900001764297485, 0.39400002360343933, 0.3840000033378601, 0.3840000033378601, 0.37700000405311584, 0.37700000405311584, 0.39500001072883606, 0.40800002217292786, 0.40400001406669617, 0.38200002908706665, 0.41100001335144043, 0.39400002360343933, 0.38100001215934753, 0.3960000276565552, 0.4220000207424164, 0.39400002360343933, 0.4000000059604645, 0.3930000066757202, 0.4130000174045563, 0.3880000114440918, 0.41200003027915955, 0.40400001406669617, 0.38700002431869507, 0.42000001668930054, 0.4150000214576721, 0.4150000214576721, 0.39000001549720764, 0.39000001549720764, 0.40700000524520874, 0.38100001215934753, 0.3850000202655792, 0.3660000264644623, 0.359000027179718, 0.37800002098083496, 0.398000031709671, 0.38100001215934753, 0.3840000033378601, 0.3720000088214874, 0.40700000524520874, 0.3970000147819519, 0.40300002694129944, 0.39100003242492676, 0.39100003242492676, 0.3790000081062317, 0.39500001072883606], "ood_ce": [2.309570789337158, 2.1690051555633545, 1.9711546897888184, 1.9191069602966309, 1.8790004253387451, 1.9431066513061523, 2.0042245388031006, 2.0580458641052246, 2.1556906700134277, 2.2215347290039062, 2.444206476211548, 2.5139362812042236, 2.7506895065307617, 2.4574851989746094, 2.5908443927764893, 2.6961116790771484, 2.785719156265259, 2.6654303073883057, 2.8298966884613037, 2.7313780784606934, 2.937288761138916, 3.2097134590148926, 2.85257625579834, 2.8915200233459473, 2.891913890838623, 3.3628015518188477, 2.9715311527252197, 3.4030447006225586, 3.1789464950561523, 3.034047842025757, 3.1871843338012695, 3.2251439094543457, 3.138725757598877, 3.1539483070373535, 3.467104196548462, 3.8977229595184326, 3.5232255458831787, 3.6982359886169434, 3.588803291320801, 3.624368906021118, 3.356166362762451, 3.2756967544555664, 3.6094915866851807, 3.8123812675476074, 3.825601816177368, 3.6813762187957764, 3.9907302856445312, 3.597301721572876, 4.146934509277344, 4.552478790283203, 4.356085777282715]}