{"step": [0, 30, 60, 90, 120, 150, 180, 210, 240, 270, 300, 330, 360, 390, 420, 450, 480, 510, 540, 570, 600, 630, 660, 690, 720, 750, 780, 810, 840, 870, 900, 930, 960, 990, 1020, 1050, 1080, 1110, 1140, 1170, 1200, 1230, 1260, 1290, 1320, 1350, 1380, 1410, 1440, 1470, 1499], "train": [2.3100438912709556, 2.1096444129943848, 1.7112218936284382, 1.3639916976292927, 1.0427446762720745, 0.822320302327474, 0.6130868395169576, 0.557110995054245, 0.4577719072500865, 0.42368001242478687, 0.39681442578633624, 0.3321307400862376, 0.3026784261067708, 0.2782098054885864, 0.2672351151704788, 0.225163996219635, 0.21361985802650452, 0.19320707023143768, 0.16973301768302917, 0.15962992360194525, 0.14487011233965555, 0.16699610153834024, 0.1578521728515625, 0.13879342873891196, 0.12384369224309921, 0.1353699117898941, 0.09918384999036789, 0.12124666074911754, 0.1213328888018926, 0.09397294869025548, 0.08157110462586085, 0.11730791380008061, 0.11443868651986122, 0.09539622813463211, 0.17177491883436838, 0.08850126216808955, 0.09916090468565623, 0.1312424192825953, 0.0747784972190857, 0.10037233307957649, 0.0938942829767863, 0.1279082472125689, 0.11137509966890018, 0.08944713821013768, 0.09323143710692723, 0.07476703139642875, 0.09035966793696086, 0.06453223216036956, 0.10659625381231308, 0.09467362115780513, 0.12072600424289703], "ood_acc": [0.07500000298023224, 0.23200000822544098, 0.28700000047683716, 0.3140000104904175, 0.3440000116825104, 0.39900001883506775, 0.3960000276565552, 0.4320000112056732, 0.4350000321865082, 0.4140000343322754, 0.44300001859664917, 0.4480000138282776, 0.4490000307559967, 0.43700000643730164, 0.43400001525878906, 0.4490000307559967, 0.42900002002716064, 0.4230000078678131, 0.42900002002716064, 0.43400001525878906, 0.44600000977516174, 0.4130000174045563, 0.44300001859664917, 0.406000018119812, 0.4350000321865082, 0.44700002670288086, 0.4220000207424164, 0.40800002217292786, 0.42600002884864807, 0.41100001335144043, 0.43700000643730164, 0.45000001788139343, 0.42600002884864807, 0.44300001859664917, 0.367000013589859, 0.44300001859664917, 0.4280000329017639, 0.445000022649765, 0.4400000274181366, 0.4360000193119049, 0.41600000858306885, 0.4360000193119049, 0.4190000295639038, 0.44200003147125244, 0.4000000059604645, 0.41600000858306885, 0.4400000274181366, 0.4150000214576721, 0.42100003361701965, 0.4000000059604645, 0.3850000202655792], "ood_ce": [2.309131383895874, 2.1808605194091797, 1.97190523147583, 1.8709170818328857, 1.856412649154663, 1.744452714920044, 2.0069363117218018, 1.913222312927246, 1.8651942014694214, 2.1105425357818604, 2.0960426330566406, 2.159609794616699, 2.112705707550049, 2.2632265090942383, 2.3186657428741455, 2.2808899879455566, 2.551433801651001, 2.520437002182007, 2.627389430999756, 2.5934560298919678, 2.639310836791992, 3.01446795463562, 2.6170928478240967, 2.8809287548065186, 2.6681251525878906, 2.868161201477051, 2.988905191421509, 3.0630946159362793, 2.8845417499542236, 3.3070311546325684, 3.1169798374176025, 3.350691080093384, 3.2881875038146973, 2.893728017807007, 3.096132516860962, 2.780611038208008, 3.2262096405029297, 3.261976718902588, 3.216885805130005, 3.2067177295684814, 2.9031004905700684, 3.311344623565674, 3.5907955169677734, 3.4085543155670166, 3.1977365016937256, 3.244429111480713, 3.3018219470977783, 3.1612112522125244, 3.47564697265625, 4.051313400268555, 3.7494022846221924]}