{"step": [0, 30, 60, 90, 120, 150, 180, 210, 240, 270, 300, 330, 360, 390, 420, 450, 480, 510, 540, 570, 600, 630, 660, 690, 720, 750, 780, 810, 840, 870, 900, 930, 960, 990, 1020, 1050, 1080, 1110, 1140, 1170, 1200, 1230, 1260, 1290, 1320, 1350, 1380, 1410, 1440, 1470, 1499], "train": [2.2955477237701416, 2.052571455637614, 1.6278172334035237, 1.2034758925437927, 0.9365219275156657, 0.8188005089759827, 0.6522284348805746, 0.5579628348350525, 0.48318033417065936, 0.4223137895266215, 0.3417838364839554, 0.3113688826560974, 0.28136081496874493, 0.2639766236146291, 0.2558550238609314, 0.23632663488388062, 0.2587430477142334, 0.19851156075795492, 0.1953414579232534, 0.19161604841550192, 0.14964254200458527, 0.17827754219373068, 0.15633932004372278, 0.13544239600499472, 0.14250127722819647, 0.1378850465019544, 0.16033638517061868, 0.19076803823312125, 0.11978481461604436, 0.13047132889429727, 0.16089587658643723, 0.1719125434756279, 0.14287603398164114, 0.14677099883556366, 0.11824332922697067, 0.12417675058046977, 0.09813067565361659, 0.1023670881986618, 0.0995688463250796, 0.11181889474391937, 0.11421641210714976, 0.12249169747034709, 0.13383898884058, 0.14673561851183572, 0.18214548379182816, 0.18206715832153955, 0.16675983369350433, 0.10881858070691426, 0.09649597108364105, 0.12099264313777287, 0.10207490871349971], "ood_acc": [0.08700000494718552, 0.22600001096725464, 0.25200000405311584, 0.2600000202655792, 0.3230000138282776, 0.3270000219345093, 0.32600000500679016, 0.3680000305175781, 0.36900001764297485, 0.3920000195503235, 0.36400002241134644, 0.4230000078678131, 0.3960000276565552, 0.40700000524520874, 0.38100001215934753, 0.3830000162124634, 0.4090000092983246, 0.38100001215934753, 0.39500001072883606, 0.4100000262260437, 0.3840000033378601, 0.4050000309944153, 0.39400002360343933, 0.39900001883506775, 0.3760000169277191, 0.40800002217292786, 0.4050000309944153, 0.3850000202655792, 0.42000001668930054, 0.4360000193119049, 0.3920000195503235, 0.3830000162124634, 0.4100000262260437, 0.38600000739097595, 0.3960000276565552, 0.39400002360343933, 0.3890000283718109, 0.3880000114440918, 0.3840000033378601, 0.3620000183582306, 0.40800002217292786, 0.3890000283718109, 0.3800000250339508, 0.3710000216960907, 0.36400002241134644, 0.38700002431869507, 0.3400000035762787, 0.39000001549720764, 0.3680000305175781, 0.37400001287460327, 0.3830000162124634], "ood_ce": [2.309570789337158, 2.1764001846313477, 1.9946194887161255, 2.08195161819458, 2.197269916534424, 2.3698549270629883, 2.3498449325561523, 2.2337889671325684, 2.347982883453369, 2.2841222286224365, 2.6850643157958984, 2.6284921169281006, 3.0256781578063965, 2.5168569087982178, 2.6559083461761475, 2.8541910648345947, 2.82849383354187, 2.725443124771118, 2.690716505050659, 2.898547410964966, 3.258636713027954, 3.090327262878418, 2.993061065673828, 3.1845033168792725, 3.2258641719818115, 3.3846442699432373, 3.2378273010253906, 3.50439453125, 3.057939291000366, 3.3229286670684814, 3.692750930786133, 3.2684853076934814, 3.1205239295959473, 3.4671881198883057, 3.4033825397491455, 3.662851095199585, 3.6906986236572266, 3.721975326538086, 3.908564805984497, 3.686943292617798, 3.506927728652954, 3.978512763977051, 4.031694412231445, 4.128515243530273, 3.6186578273773193, 3.5487165451049805, 3.466580867767334, 3.195568323135376, 4.39390230178833, 4.833303928375244, 3.938528299331665]}