{"step": [0, 30, 60, 90, 120, 150, 180, 210, 240, 270, 300, 330, 360, 390, 420, 450, 480, 510, 540, 570, 600, 630, 660, 690, 720, 750, 780, 810, 840, 870, 900, 930, 960, 990, 1020, 1050, 1080, 1110, 1140, 1170, 1200, 1230, 1260, 1290, 1320, 1350, 1380, 1410, 1440, 1470, 1499], "train": [2.294736703236898, 2.12618088722229, 1.7891790866851807, 1.361838976542155, 1.0597985585530598, 0.8180525104204813, 0.7031950950622559, 0.5667230387528738, 0.4575745662053426, 0.4469876289367676, 0.37612197796503705, 0.3107347736756007, 0.30365200837453205, 0.26927852630615234, 0.2456686645746231, 0.22701306889454523, 0.2353011022011439, 0.18274390945831934, 0.17559019476175308, 0.19475935896237692, 0.1814908335606257, 0.17083036402861276, 0.16266571978727976, 0.12778028845787048, 0.14845120906829834, 0.18813197314739227, 0.10436253746350606, 0.19442751506964365, 0.1717282086610794, 0.14777073015769324, 0.13887593150138855, 0.18650017927090326, 0.143250601987044, 0.1080274482568105, 0.10480752711494763, 0.10035185764233272, 0.11045897131164868, 0.1249915137887001, 0.1363356610139211, 0.13240322470664978, 0.125622828801473, 0.0883639504512151, 0.2872293492158254, 0.12328432500362396, 0.13096323609352112, 0.1499043529232343, 0.0955591971675555, 0.12652442107597986, 0.14568122724692026, 0.14769639323155084, 0.11255720257759094], "ood_acc": [0.11900000274181366, 0.21400001645088196, 0.23900000751018524, 0.2900000214576721, 0.3140000104904175, 0.35200002789497375, 0.3680000305175781, 0.3680000305175781, 0.406000018119812, 0.3580000102519989, 0.39900001883506775, 0.41200003027915955, 0.3970000147819519, 0.4350000321865082, 0.4220000207424164, 0.4180000126361847, 0.40700000524520874, 0.4150000214576721, 0.4090000092983246, 0.4100000262260437, 0.4020000100135803, 0.41100001335144043, 0.4130000174045563, 0.3880000114440918, 0.4020000100135803, 0.41200003027915955, 0.42000001668930054, 0.40700000524520874, 0.4280000329017639, 0.3880000114440918, 0.4310000240802765, 0.39500001072883606, 0.4190000295639038, 0.4140000343322754, 0.42500001192092896, 0.4240000247955322, 0.39900001883506775, 0.38600000739097595, 0.3710000216960907, 0.39000001549720764, 0.398000031709671, 0.3840000033378601, 0.39400002360343933, 0.3960000276565552, 0.3660000264644623, 0.39100003242492676, 0.4000000059604645, 0.4010000228881836, 0.3850000202655792, 0.3920000195503235, 0.38700002431869507], "ood_ce": [2.3005263805389404, 2.208545446395874, 2.0486485958099365, 2.0116541385650635, 2.31789231300354, 2.067995548248291, 2.0878803730010986, 2.148022174835205, 2.0474159717559814, 2.3210127353668213, 2.228482961654663, 2.2199974060058594, 2.4277422428131104, 2.288086414337158, 2.230715274810791, 2.3657782077789307, 2.599700450897217, 2.563037872314453, 2.7355430126190186, 2.673856496810913, 2.6411521434783936, 2.748129367828369, 3.0434813499450684, 3.3383560180664062, 3.1132278442382812, 2.9997615814208984, 2.9440624713897705, 3.2096827030181885, 2.947838306427002, 2.8673293590545654, 2.992750644683838, 3.487915277481079, 2.9392850399017334, 2.9860873222351074, 2.8810231685638428, 2.811099052429199, 3.3938498497009277, 3.2818005084991455, 3.3603992462158203, 3.264681816101074, 3.459606647491455, 3.6638450622558594, 3.711333990097046, 3.8130717277526855, 3.749161720275879, 3.5093348026275635, 3.6624155044555664, 3.5820870399475098, 4.069530010223389, 3.6138367652893066, 3.8547346591949463]}