{"step": [0, 30, 60, 90, 120, 150, 180, 210, 240, 270, 300, 330, 360, 390, 420, 450, 480, 510, 540, 570, 600, 630, 660, 690, 720, 750, 780, 810, 840, 870, 900, 930, 960, 990, 1020, 1050, 1080, 1110, 1140, 1170, 1200, 1230, 1260, 1290, 1320, 1350, 1380, 1410, 1440, 1470, 1499], "train": [2.289719343185425, 2.058685302734375, 1.677264889081319, 1.2960971196492512, 0.9950171709060669, 0.7590885559717814, 0.6853252450625101, 0.52906400958697, 0.4649110933144887, 0.4079444805781047, 0.38944535454114276, 0.3401904006799062, 0.30852458874384564, 0.26091600954532623, 0.22956377764542898, 0.2343756208817164, 0.23781624933083853, 0.22560977439085642, 0.1874206910530726, 0.18529285987218222, 0.1478277842203776, 0.2602258125940959, 0.20171633859475455, 0.17780311902364096, 0.14980100840330124, 0.158501627544562, 0.16119787593682608, 0.12771905461947122, 0.12182430426279704, 0.11159373819828033, 0.13221048067013422, 0.1066599612434705, 0.10077581057945888, 0.15054094046354294, 0.11180294553438823, 0.1706403245528539, 0.1294589415192604, 0.11605249842007954, 0.2616824184854825, 0.11222347368796666, 0.11161848405996959, 0.0831926241517067, 0.07402238870660464, 0.12272503723700841, 0.3109339078267415, 0.1340088744958242, 0.1123470589518547, 0.13954915354649225, 0.10417827218770981, 0.08947515984376271, 0.13196492195129395], "ood_acc": [0.1120000034570694, 0.18700000643730164, 0.2840000092983246, 0.27900001406669617, 0.29100000858306885, 0.33800002932548523, 0.3930000066757202, 0.37300002574920654, 0.3720000088214874, 0.4190000295639038, 0.4180000126361847, 0.42900002002716064, 0.3960000276565552, 0.43400001525878906, 0.4400000274181366, 0.44200003147125244, 0.4180000126361847, 0.4230000078678131, 0.41700002551078796, 0.4190000295639038, 0.4310000240802765, 0.43300002813339233, 0.4050000309944153, 0.4240000247955322, 0.4520000219345093, 0.4620000123977661, 0.4350000321865082, 0.4190000295639038, 0.4280000329017639, 0.41200003027915955, 0.4140000343322754, 0.43300002813339233, 0.40700000524520874, 0.41600000858306885, 0.43700000643730164, 0.42500001192092896, 0.4050000309944153, 0.41200003027915955, 0.4230000078678131, 0.44700002670288086, 0.39500001072883606, 0.41100001335144043, 0.4180000126361847, 0.42900002002716064, 0.35500001907348633, 0.3890000283718109, 0.39900001883506775, 0.4000000059604645, 0.4130000174045563, 0.41100001335144043, 0.3920000195503235], "ood_ce": [2.3007583618164062, 2.169595956802368, 1.9927817583084106, 2.0609047412872314, 2.1922097206115723, 2.1493310928344727, 2.107870578765869, 1.9458532333374023, 2.2672204971313477, 2.1664979457855225, 2.0162065029144287, 2.4431111812591553, 2.2743587493896484, 2.2692787647247314, 2.327925682067871, 2.419529438018799, 2.3298799991607666, 2.596522331237793, 2.4418227672576904, 2.6701018810272217, 2.7604644298553467, 2.7186694145202637, 2.872420310974121, 2.5878283977508545, 2.448753595352173, 2.706430196762085, 3.289048433303833, 3.0218138694763184, 3.0745606422424316, 2.9446043968200684, 2.95320987701416, 3.0732545852661133, 3.012061357498169, 2.9650492668151855, 2.9532582759857178, 3.036638021469116, 3.1098828315734863, 3.013413190841675, 2.9505960941314697, 2.945422887802124, 3.0002567768096924, 2.8717730045318604, 3.0466372966766357, 2.9900002479553223, 3.8618357181549072, 2.7661540508270264, 3.3740217685699463, 3.3885843753814697, 3.7027671337127686, 3.6209616661071777, 3.4709370136260986]}