{"step": [0, 30, 60, 90, 120, 150, 180, 210, 240, 270, 300, 330, 360, 390, 420, 450, 480, 510, 540, 570, 600, 630, 660, 690, 720, 750, 780, 810, 840, 870, 900, 930, 960, 990, 1020, 1050, 1080, 1110, 1140, 1170, 1200, 1230, 1260, 1290, 1320, 1350, 1380, 1410, 1440, 1470, 1499], "train": [2.2955477237701416, 2.0479705333709717, 1.6362433036168416, 1.3411852916081746, 0.9802225033442179, 0.7477508087952932, 0.5923212071259817, 0.4785044590632121, 0.41410045325756073, 0.36166444917519885, 0.33012965818246204, 0.2436981995900472, 0.23524637520313263, 0.25503961741924286, 0.22062788407007852, 0.2017547239859899, 0.19472193469603857, 0.24443896114826202, 0.19485188027222952, 0.16743465512990952, 0.12194940696159999, 0.17380642145872116, 0.23738737404346466, 0.20300729076067606, 0.1483859916528066, 0.12069565802812576, 0.10613187029957771, 0.10411124924818675, 0.09300889323155086, 0.11210428426663081, 0.10797942181428273, 0.08985693752765656, 0.1962753360470136, 0.15106270710627237, 0.09933480620384216, 0.17263268927733103, 0.08939661582310994, 0.11019900565346082, 0.17862868557373682, 0.10095284134149551, 0.06453638647993405, 0.10419627279043198, 0.09859896327058475, 0.08659481505552928, 0.14623034497102103, 0.08694405357042949, 0.14956389864285788, 0.08211013302206993, 0.07686780393123627, 0.08731250961621602, 0.19622398912906647], "ood_acc": [0.08700000494718552, 0.23100000619888306, 0.2880000174045563, 0.2680000066757202, 0.33400002121925354, 0.367000013589859, 0.37700000405311584, 0.4050000309944153, 0.3790000081062317, 0.4010000228881836, 0.398000031709671, 0.3930000066757202, 0.3830000162124634, 0.39500001072883606, 0.3800000250339508, 0.3880000114440918, 0.39000001549720764, 0.4010000228881836, 0.3880000114440918, 0.40700000524520874, 0.42500001192092896, 0.4000000059604645, 0.39100003242492676, 0.4010000228881836, 0.40400001406669617, 0.39500001072883606, 0.42000001668930054, 0.39900001883506775, 0.40400001406669617, 0.3920000195503235, 0.38600000739097595, 0.39400002360343933, 0.40700000524520874, 0.3890000283718109, 0.38200002908706665, 0.36000001430511475, 0.38600000739097595, 0.3720000088214874, 0.3750000298023224, 0.3880000114440918, 0.40300002694129944, 0.3960000276565552, 0.39400002360343933, 0.39000001549720764, 0.3620000183582306, 0.40400001406669617, 0.3750000298023224, 0.38700002431869507, 0.3960000276565552, 0.38200002908706665, 0.39000001549720764], "ood_ce": [2.309570789337158, 2.173069715499878, 1.983298420906067, 1.9360783100128174, 1.844344973564148, 1.9007368087768555, 1.9844138622283936, 1.9486703872680664, 2.0475027561187744, 2.1222445964813232, 2.2840306758880615, 2.3832802772521973, 2.535336971282959, 2.507533550262451, 2.5744307041168213, 2.630897283554077, 2.575533628463745, 2.58940052986145, 2.8042023181915283, 2.6499297618865967, 2.610255241394043, 2.9381580352783203, 3.0852015018463135, 3.322524070739746, 2.7599194049835205, 2.9579944610595703, 2.9891085624694824, 2.9511704444885254, 3.0464725494384766, 3.5896472930908203, 3.691483497619629, 3.437140464782715, 3.2716002464294434, 3.929305076599121, 3.9297711849212646, 3.7456536293029785, 3.9053876399993896, 3.7481532096862793, 3.7277708053588867, 3.4296045303344727, 3.2789559364318848, 3.709134817123413, 3.618340015411377, 3.551959991455078, 3.8296618461608887, 3.8272640705108643, 3.7219197750091553, 3.5907347202301025, 4.012697696685791, 3.874746084213257, 3.9195876121520996]}