{"step": [0, 30, 60, 90, 120, 150, 180, 210, 240, 270, 300, 330, 360, 390, 420, 450, 480, 510, 540, 570, 600, 630, 660, 690, 720, 750, 780, 810, 840, 870, 900, 930, 960, 990, 1020, 1050, 1080, 1110, 1140, 1170, 1200, 1230, 1260, 1290, 1320, 1350, 1380, 1410, 1440, 1470, 1499], "train": [2.294736703236898, 2.1220667362213135, 1.774143894513448, 1.352430780728658, 1.0561599135398865, 0.8066553274790446, 0.7008564670880636, 0.575241376956304, 0.5080994665622711, 0.4345042109489441, 0.3738140066464742, 0.3355504522720973, 0.29969864586989087, 0.27081529796123505, 0.2503148814042409, 0.2199751933415731, 0.22477202862501144, 0.18863628804683685, 0.18269775807857513, 0.21825591226418814, 0.16990976780653, 0.16673856476942697, 0.18487993876139322, 0.1406801144282023, 0.13335750748713812, 0.14096125215291977, 0.14955699692169824, 0.1283154860138893, 0.12658715744813284, 0.13579984630147615, 0.14807096868753433, 0.11205149069428444, 0.10410802563031514, 0.10844775165120761, 0.12342839563886325, 0.11392992734909058, 0.11378231768806775, 0.15095873177051544, 0.10663738598426183, 0.15433099120855331, 0.23903530339399973, 0.13111851861079535, 0.15271454056104025, 0.23780720432599387, 0.12737462172905603, 0.11131584644317627, 0.18357915431261063, 0.10901911556720734, 0.11548001319169998, 0.06980859426160653, 0.0879082977771759], "ood_acc": [0.11900000274181366, 0.21700000762939453, 0.24400001764297485, 0.2850000262260437, 0.31200000643730164, 0.359000027179718, 0.3750000298023224, 0.37400001287460327, 0.39100003242492676, 0.367000013589859, 0.4140000343322754, 0.41600000858306885, 0.3930000066757202, 0.4180000126361847, 0.3850000202655792, 0.43300002813339233, 0.3930000066757202, 0.4240000247955322, 0.41200003027915955, 0.4230000078678131, 0.4280000329017639, 0.4360000193119049, 0.43400001525878906, 0.40400001406669617, 0.3830000162124634, 0.39100003242492676, 0.39500001072883606, 0.3930000066757202, 0.3800000250339508, 0.39400002360343933, 0.3850000202655792, 0.4020000100135803, 0.38200002908706665, 0.42600002884864807, 0.42000001668930054, 0.4220000207424164, 0.38200002908706665, 0.4280000329017639, 0.4010000228881836, 0.3890000283718109, 0.41200003027915955, 0.40800002217292786, 0.4150000214576721, 0.3830000162124634, 0.39400002360343933, 0.41100001335144043, 0.3920000195503235, 0.42100003361701965, 0.3750000298023224, 0.4190000295639038, 0.40800002217292786], "ood_ce": [2.3005263805389404, 2.2069084644317627, 2.042353868484497, 2.021976947784424, 2.294346332550049, 2.030670404434204, 2.126551628112793, 2.125822067260742, 2.1315088272094727, 2.2460572719573975, 2.191056966781616, 2.224424123764038, 2.499737501144409, 2.4482762813568115, 2.4165537357330322, 2.357363700866699, 2.7531394958496094, 2.6300034523010254, 2.568042039871216, 2.669053792953491, 2.6106245517730713, 2.6002187728881836, 2.9194583892822266, 3.086637020111084, 3.231473445892334, 3.0520734786987305, 3.2584924697875977, 3.0871667861938477, 3.4619901180267334, 3.383037805557251, 3.4876372814178467, 3.1958329677581787, 3.4631259441375732, 3.2528421878814697, 3.2630507946014404, 3.2482750415802, 3.2779297828674316, 3.390561819076538, 3.401409864425659, 3.305725574493408, 3.285709857940674, 3.710052967071533, 3.4945642948150635, 3.2890849113464355, 2.9291722774505615, 3.084074020385742, 3.5307602882385254, 3.120149612426758, 3.5423145294189453, 3.4135830402374268, 3.8037264347076416]}