{"step": [0, 30, 60, 90, 120, 150, 180, 210, 240, 270, 300, 330, 360, 390, 420, 450, 480, 510, 540, 570, 600, 630, 660, 690, 720, 750, 780, 810, 840, 870, 900, 930, 960, 990, 1020, 1050, 1080, 1110, 1140, 1170, 1200, 1230, 1260, 1290, 1320, 1350, 1380, 1410, 1440, 1470, 1499], "train": [2.2955477237701416, 2.0480414628982544, 1.610074758529663, 1.2030649185180664, 0.9247977534929911, 0.7977862358093262, 0.63033593694369, 0.5754598279794058, 0.4615141252676646, 0.39436983068784076, 0.3289150844017665, 0.284791832168897, 0.279481699069341, 0.26475303371747333, 0.2516414523124695, 0.22002337872982025, 0.22357094784577689, 0.22226521372795105, 0.19045481582482657, 0.1665636251370112, 0.16200865805149078, 0.18202967445055643, 0.17026705046494803, 0.13126477599143982, 0.18572143713633218, 0.17234851916631064, 0.12192028512557347, 0.13450469573338827, 0.1476366991798083, 0.14971269915501276, 0.11343648036321004, 0.12034923086563747, 0.17368513345718384, 0.15564963718255362, 0.15737445652484894, 0.17101978262265524, 0.09033563733100891, 0.12406847129265468, 0.11331909149885178, 0.16997329394022623, 0.10521928096810977, 0.1227962722380956, 0.11466587831576665, 0.1852370798587799, 0.17946806301673254, 0.12312628577152888, 0.13814124216636023, 0.11270999908447266, 0.21211173633734384, 0.08360160142183304, 0.11612252642711003], "ood_acc": [0.08700000494718552, 0.23200000822544098, 0.26600000262260437, 0.2680000066757202, 0.33000001311302185, 0.32600000500679016, 0.34700000286102295, 0.37300002574920654, 0.35600000619888306, 0.3890000283718109, 0.3660000264644623, 0.38600000739097595, 0.4000000059604645, 0.41600000858306885, 0.38200002908706665, 0.3960000276565552, 0.40700000524520874, 0.4190000295639038, 0.37700000405311584, 0.3920000195503235, 0.4050000309944153, 0.3790000081062317, 0.39500001072883606, 0.39900001883506775, 0.39900001883506775, 0.37400001287460327, 0.4000000059604645, 0.4140000343322754, 0.3790000081062317, 0.3840000033378601, 0.38200002908706665, 0.3930000066757202, 0.3790000081062317, 0.3850000202655792, 0.4050000309944153, 0.37800002098083496, 0.38700002431869507, 0.39100003242492676, 0.37300002574920654, 0.3960000276565552, 0.40300002694129944, 0.4000000059604645, 0.3750000298023224, 0.37300002574920654, 0.3710000216960907, 0.3750000298023224, 0.38600000739097595, 0.38700002431869507, 0.3800000250339508, 0.3920000195503235, 0.37400001287460327], "ood_ce": [2.309570789337158, 2.173509359359741, 1.9808236360549927, 2.0214245319366455, 2.0969552993774414, 2.338029384613037, 2.21167254447937, 2.1337532997131348, 2.2370529174804688, 2.270813465118408, 2.6168034076690674, 2.6135191917419434, 2.7871625423431396, 2.3908145427703857, 2.827458143234253, 2.6140220165252686, 2.576719045639038, 2.6038870811462402, 3.101327896118164, 3.184246778488159, 3.1753921508789062, 2.9698164463043213, 2.672067642211914, 2.7943735122680664, 3.0385563373565674, 3.2785439491271973, 3.2082202434539795, 3.0491104125976562, 3.144015312194824, 3.217841625213623, 3.64692759513855, 3.5387117862701416, 3.135953664779663, 2.967633008956909, 3.4715116024017334, 3.7568159103393555, 3.86466383934021, 3.940610408782959, 3.695587635040283, 3.7526142597198486, 3.5693538188934326, 3.976743459701538, 4.084193229675293, 4.0909857749938965, 4.332787036895752, 3.8969924449920654, 3.926851987838745, 3.9715936183929443, 4.285531520843506, 4.0521559715271, 4.137656211853027]}