{"step": [0, 30, 60, 90, 120, 150, 180, 210, 240, 270, 300, 330, 360, 390, 420, 450, 480, 510, 540, 570, 600, 630, 660, 690, 720, 750, 780, 810, 840, 870, 900, 930, 960, 990, 1020, 1050, 1080, 1110, 1140, 1170, 1200, 1230, 1260, 1290, 1320, 1350, 1380, 1410, 1440, 1470, 1499], "train": [2.302424510320028, 2.0930216312408447, 1.7347385088602703, 1.3344141244888306, 0.9947343071301779, 0.812909742196401, 0.6725884974002838, 0.5623526374499003, 0.5050579905509949, 0.4446946283181508, 0.38419321676095325, 0.3539466957251231, 0.30773121615250904, 0.2825943281253179, 0.26369860271612805, 0.26052118837833405, 0.2509067952632904, 0.2010992392897606, 0.20100315908590952, 0.37757209440072376, 0.2599351207415263, 0.18756140768527985, 0.19158188005288443, 0.1621849611401558, 0.14219635725021362, 0.19835328807433447, 0.18462003270785013, 0.11333133280277252, 0.15903517603874207, 0.15859968215227127, 0.11082845677932103, 0.18226357301076254, 0.13648267835378647, 0.16416387259960175, 0.11784680684407552, 0.13932533065478006, 0.12912183751662573, 0.16150498390197754, 0.14712821195522943, 0.16300793240467706, 0.34202592074871063, 0.1181081955631574, 0.12560146301984787, 0.11754953116178513, 0.08490491037567456, 0.06751524284482002, 0.06434345617890358, 0.1619337908923626, 0.11962706719835599, 0.12093752870957057, 0.13128313173850378], "ood_acc": [0.11100000888109207, 0.24400001764297485, 0.29600000381469727, 0.34300002455711365, 0.33100003004074097, 0.328000009059906, 0.3530000150203705, 0.3790000081062317, 0.40400001406669617, 0.40700000524520874, 0.40300002694129944, 0.42900002002716064, 0.4140000343322754, 0.39400002360343933, 0.4180000126361847, 0.42000001668930054, 0.40700000524520874, 0.4390000104904175, 0.406000018119812, 0.398000031709671, 0.4300000071525574, 0.3920000195503235, 0.39000001549720764, 0.4010000228881836, 0.40400001406669617, 0.41600000858306885, 0.3840000033378601, 0.4000000059604645, 0.40400001406669617, 0.4270000159740448, 0.38700002431869507, 0.4000000059604645, 0.41700002551078796, 0.40400001406669617, 0.40300002694129944, 0.37700000405311584, 0.4180000126361847, 0.40400001406669617, 0.39500001072883606, 0.40800002217292786, 0.3840000033378601, 0.4050000309944153, 0.4100000262260437, 0.3700000047683716, 0.39500001072883606, 0.39900001883506775, 0.39500001072883606, 0.3620000183582306, 0.39500001072883606, 0.38200002908706665, 0.39000001549720764], "ood_ce": [2.2975423336029053, 2.1605021953582764, 1.9720039367675781, 1.837751865386963, 2.01891827583313, 2.081850051879883, 2.2805988788604736, 2.1420044898986816, 2.3359262943267822, 2.2881650924682617, 2.347249746322632, 2.2806522846221924, 2.41729736328125, 2.5820040702819824, 2.473956346511841, 2.6774649620056152, 2.846015691757202, 2.7600553035736084, 2.8809075355529785, 2.9308831691741943, 2.743466854095459, 3.0487842559814453, 3.0081398487091064, 3.1939311027526855, 3.392472743988037, 3.0587868690490723, 3.154844284057617, 2.8641231060028076, 3.041073799133301, 3.1520681381225586, 3.45090913772583, 3.1998183727264404, 2.862550973892212, 3.214440107345581, 3.2391252517700195, 3.3372676372528076, 3.2707626819610596, 3.4417874813079834, 3.4283337593078613, 3.424647808074951, 3.7239983081817627, 3.864112377166748, 3.4553582668304443, 3.5928750038146973, 3.1581196784973145, 3.8629677295684814, 4.983473300933838, 3.823176383972168, 3.47244930267334, 4.064449787139893, 3.834127426147461]}