{"step": [0, 30, 60, 90, 120, 150, 180, 210, 240, 270, 300, 330, 360, 390, 420, 450, 480, 510, 540, 570, 600, 630, 660, 690, 720, 750, 780, 810, 840, 870, 900, 930, 960, 990, 1020, 1050, 1080, 1110, 1140, 1170, 1200, 1230, 1260, 1290, 1320, 1350, 1380, 1410, 1440, 1470, 1499], "train": [2.2990516821543374, 2.0556489626566568, 1.6813137928644817, 1.268213113149007, 1.048722783724467, 0.7912452220916748, 0.7671384811401367, 0.5558280348777771, 0.49230629205703735, 0.4476907054583232, 0.3732480853796005, 0.34006255368391675, 0.30205776790777844, 0.3246033489704132, 0.281671275695165, 0.2750997294982274, 0.22960205376148224, 0.24298005551099777, 0.19430926938851675, 0.23190268874168396, 0.18545424938201904, 0.19285476704438528, 0.1940999577442805, 0.17519817998011908, 0.24554140865802765, 0.2359906087319056, 0.1515901138385137, 0.12074585258960724, 0.1193904181321462, 0.15075723578532538, 0.1536332219839096, 0.16068391253550848, 0.1460076446334521, 0.1267632618546486, 0.1332224135597547, 0.20462704946597418, 0.14013654490311941, 0.13931476324796677, 0.12516683836778006, 0.09118954340616862, 0.11080979183316231, 0.12657484163840613, 0.23040400445461273, 0.13382308930158615, 0.16516176362832388, 0.15096217890580496, 0.11043438067038854, 0.18340668082237244, 0.12391133606433868, 0.08234280347824097, 0.12983001271883646], "ood_acc": [0.10000000149011612, 0.2200000137090683, 0.2600000202655792, 0.2510000169277191, 0.34700000286102295, 0.36500000953674316, 0.39000001549720764, 0.3830000162124634, 0.4000000059604645, 0.3930000066757202, 0.406000018119812, 0.398000031709671, 0.3890000283718109, 0.3960000276565552, 0.4270000159740448, 0.4310000240802765, 0.4140000343322754, 0.42600002884864807, 0.4480000138282776, 0.4360000193119049, 0.42000001668930054, 0.4310000240802765, 0.41100001335144043, 0.40300002694129944, 0.39000001549720764, 0.3930000066757202, 0.42500001192092896, 0.445000022649765, 0.42100003361701965, 0.42100003361701965, 0.4220000207424164, 0.4100000262260437, 0.4320000112056732, 0.4390000104904175, 0.43700000643730164, 0.4270000159740448, 0.4000000059604645, 0.406000018119812, 0.41700002551078796, 0.40700000524520874, 0.40800002217292786, 0.40400001406669617, 0.36500000953674316, 0.4230000078678131, 0.398000031709671, 0.398000031709671, 0.3920000195503235, 0.38700002431869507, 0.39500001072883606, 0.40300002694129944, 0.40800002217292786], "ood_ce": [2.3157217502593994, 2.180433511734009, 2.0142171382904053, 2.1274917125701904, 2.319126605987549, 2.094216823577881, 2.0890626907348633, 2.173452377319336, 2.3711190223693848, 2.3669185638427734, 2.3677027225494385, 2.4638020992279053, 2.6538476943969727, 2.6826765537261963, 2.4995665550231934, 2.525979995727539, 2.817582607269287, 2.7281017303466797, 2.688748836517334, 2.625061273574829, 2.856377124786377, 3.2671079635620117, 3.4021518230438232, 3.9360382556915283, 4.289437294006348, 3.2685179710388184, 2.719289541244507, 3.200718879699707, 3.754988193511963, 3.8676862716674805, 3.962653398513794, 3.6578640937805176, 3.6146106719970703, 4.037285327911377, 4.058406352996826, 3.708397150039673, 3.6059155464172363, 3.80434513092041, 3.825629234313965, 3.8841683864593506, 3.7437915802001953, 3.9476141929626465, 4.381613254547119, 3.533846139907837, 3.471724033355713, 4.495720863342285, 4.303082466125488, 3.9285173416137695, 3.671017646789551, 3.6959140300750732, 4.440412521362305]}