{"step": [0, 30, 60, 90, 120, 150, 180, 210, 240, 270, 300, 330, 360, 390, 420, 450, 480, 510, 540, 570, 600, 630, 660, 690, 720, 750, 780, 810, 840, 870, 900, 930, 960, 990, 1020, 1050, 1080, 1110, 1140, 1170, 1200, 1230, 1260, 1290, 1320, 1350, 1380, 1410, 1440, 1470, 1499], "train": [2.3100438912709556, 2.1057775020599365, 1.7066816091537476, 1.310019572575887, 1.0085376898447673, 0.7957827647527059, 0.6621053119500478, 0.5615012943744659, 0.4793316125869751, 0.4572693705558777, 0.4504673679669698, 0.3626058101654053, 0.3464119682709376, 0.3209707538286845, 0.2783505966265996, 0.27921318511168164, 0.23928500215212503, 0.2149165372053782, 0.19573061168193817, 0.1847470502058665, 0.17172276973724365, 0.17813586195309958, 0.15160414824883142, 0.16461612284183502, 0.17455249528090158, 0.1422594611843427, 0.16918118298053741, 0.164750208457311, 0.12241058796644211, 0.13088799268007278, 0.1565317908922831, 0.11709604909022649, 0.11192442725102107, 0.12605506430069605, 0.10682230194409688, 0.10161265979210536, 0.1127336248755455, 0.11244617154200871, 0.1176739012201627, 0.11973253885904948, 0.12952433278163275, 0.1209426720937093, 0.10153749336798985, 0.31114504237969715, 0.10142451152205467, 0.07678946231802304, 0.0871319267898798, 0.09150070448716481, 0.06805884093046188, 0.08152830104033153, 0.0797302673260371], "ood_acc": [0.07500000298023224, 0.23500001430511475, 0.2880000174045563, 0.2990000247955322, 0.328000009059906, 0.3720000088214874, 0.3800000250339508, 0.4130000174045563, 0.40700000524520874, 0.38700002431869507, 0.4240000247955322, 0.4140000343322754, 0.4180000126361847, 0.42100003361701965, 0.4130000174045563, 0.4390000104904175, 0.42000001668930054, 0.41600000858306885, 0.4490000307559967, 0.4390000104904175, 0.43800002336502075, 0.41200003027915955, 0.4240000247955322, 0.4310000240802765, 0.44300001859664917, 0.40800002217292786, 0.4270000159740448, 0.40300002694129944, 0.4180000126361847, 0.4280000329017639, 0.4310000240802765, 0.41100001335144043, 0.4050000309944153, 0.4440000355243683, 0.44200003147125244, 0.4000000059604645, 0.42100003361701965, 0.4190000295639038, 0.4280000329017639, 0.3960000276565552, 0.4220000207424164, 0.44700002670288086, 0.39400002360343933, 0.4090000092983246, 0.3960000276565552, 0.41100001335144043, 0.3930000066757202, 0.40700000524520874, 0.4230000078678131, 0.44700002670288086, 0.4270000159740448], "ood_ce": [2.309131383895874, 2.172807216644287, 1.953110933303833, 1.934012532234192, 1.9873814582824707, 1.95344877243042, 2.230794668197632, 1.9688929319381714, 2.021141767501831, 2.386916160583496, 2.2785918712615967, 2.5383777618408203, 2.42173171043396, 2.4098124504089355, 2.619736433029175, 2.418734312057495, 2.5206167697906494, 2.6033918857574463, 2.509432792663574, 2.4987564086914062, 2.9116930961608887, 3.068626880645752, 2.8854057788848877, 3.081587791442871, 2.877868175506592, 3.078596591949463, 3.0550012588500977, 2.9337515830993652, 2.865562677383423, 3.1765730381011963, 3.18878436088562, 3.213359832763672, 3.3452014923095703, 3.305422067642212, 3.116056442260742, 3.3000028133392334, 3.4905614852905273, 3.3950533866882324, 3.1260969638824463, 3.178666830062866, 3.367976427078247, 3.2255802154541016, 3.46126127243042, 3.4483819007873535, 3.4881513118743896, 3.5194320678710938, 3.7488081455230713, 3.4736080169677734, 3.3567404747009277, 3.836266279220581, 3.7536139488220215]}