{"step": [0, 30, 60, 90, 120, 150, 180, 210, 240, 270, 300, 330, 360, 390, 420, 450, 480, 510, 540, 570, 600, 630, 660, 690, 720, 750, 780, 810, 840, 870, 900, 930, 960, 990, 1020, 1050, 1080, 1110, 1140, 1170, 1200, 1230, 1260, 1290, 1320, 1350, 1380, 1410, 1440, 1470, 1499], "train": [2.309722582499186, 2.153031269709269, 1.7750275532404582, 1.348781665166219, 1.0268734494845073, 0.9298475384712219, 0.6552373468875885, 0.5544712841510773, 0.47003620862960815, 0.3916839410861333, 0.36382746199766797, 0.3243725448846817, 0.2719784080982208, 0.2540108362833659, 0.2333229035139084, 0.24714933335781097, 0.2056250274181366, 0.1816891978184382, 0.16156530380249023, 0.16340933740139008, 0.2631838023662567, 0.13831875224908194, 0.124663345515728, 0.12183028211196263, 0.19887584447860718, 0.15754178166389465, 0.14677978058656058, 0.15604043006896973, 0.1286130646864573, 0.13470293829838434, 0.10863285139203072, 0.13006617625554404, 0.13827616721391678, 0.11094040920337041, 0.13072067871689796, 0.13406157493591309, 0.10122725864251454, 0.20264537384112677, 0.23460198442141214, 0.1351419265071551, 0.13321367899576822, 0.19420285522937775, 0.10114055996139844, 0.10908893247445424, 0.16670764982700348, 0.09754752367734909, 0.08873122185468674, 0.1319817155599594, 0.11046656469504039, 0.126179667810599, 0.2363604654868444], "ood_acc": [0.11000000685453415, 0.21900001168251038, 0.27400001883506775, 0.27400001883506775, 0.27300000190734863, 0.33400002121925354, 0.3370000123977661, 0.41200003027915955, 0.3700000047683716, 0.359000027179718, 0.39900001883506775, 0.42000001668930054, 0.40700000524520874, 0.40300002694129944, 0.38700002431869507, 0.41600000858306885, 0.398000031709671, 0.40800002217292786, 0.39900001883506775, 0.40300002694129944, 0.4010000228881836, 0.40400001406669617, 0.40700000524520874, 0.38700002431869507, 0.3920000195503235, 0.39500001072883606, 0.4150000214576721, 0.4220000207424164, 0.42100003361701965, 0.38600000739097595, 0.37700000405311584, 0.4130000174045563, 0.4150000214576721, 0.39400002360343933, 0.36500000953674316, 0.4100000262260437, 0.3850000202655792, 0.3890000283718109, 0.36500000953674316, 0.4000000059604645, 0.43300002813339233, 0.40800002217292786, 0.3920000195503235, 0.4020000100135803, 0.39500001072883606, 0.38600000739097595, 0.3790000081062317, 0.36000001430511475, 0.38700002431869507, 0.3580000102519989, 0.4000000059604645], "ood_ce": [2.3041341304779053, 2.2192223072052, 2.0355660915374756, 2.0022857189178467, 2.271497964859009, 2.1149678230285645, 2.307497262954712, 1.9717117547988892, 2.2961604595184326, 2.368135452270508, 2.159097194671631, 2.299287796020508, 2.3015339374542236, 2.4407131671905518, 2.5292744636535645, 2.6082775592803955, 2.5160906314849854, 2.550560474395752, 2.6987485885620117, 2.666351556777954, 2.754702568054199, 2.535903215408325, 2.7997934818267822, 2.782071590423584, 2.9343514442443848, 3.436262369155884, 2.849142074584961, 2.7150940895080566, 2.8816633224487305, 3.047330856323242, 2.6906983852386475, 2.890321731567383, 3.265476942062378, 3.5127921104431152, 2.9737634658813477, 2.74824595451355, 3.1070356369018555, 3.513887643814087, 3.4137182235717773, 3.00219464302063, 3.0903851985931396, 3.78300142288208, 3.711344003677368, 3.8134782314300537, 3.625638008117676, 4.2397613525390625, 4.273720741271973, 3.9560635089874268, 3.655101776123047, 4.1280059814453125, 3.7627153396606445]}