{"step": [0, 30, 60, 90, 120, 150, 180, 210, 240, 270, 300, 330, 360, 390, 420, 450, 480, 510, 540, 570, 600, 630, 660, 690, 720, 750, 780, 810, 840, 870, 900, 930, 960, 990, 1020, 1050, 1080, 1110, 1140, 1170, 1200, 1230, 1260, 1290, 1320, 1350, 1380, 1410, 1440, 1470, 1499], "train": [2.2990516821543374, 2.0489782889684043, 1.64749542872111, 1.2521486282348633, 1.0009085337320964, 0.7540700236956278, 0.6305917700131735, 0.5531912545363108, 0.44815154870351154, 0.40972193082173664, 0.35152096052964527, 0.32763731976350147, 0.31756319602330524, 0.3317941029866536, 0.2627273847659429, 0.24325555562973022, 0.253548264503479, 0.18052820612986883, 0.2277465413014094, 0.3487322876850764, 0.21287707736094794, 0.24367024501164755, 0.24647554755210876, 0.1829973558584849, 0.20931653181711832, 0.15649195263783136, 0.11804607758919398, 0.12123081212242444, 0.12480455761154492, 0.1899360567331314, 0.1281109501918157, 0.16238084932168326, 0.13018740465243658, 0.1202998658021291, 0.1515422835946083, 0.13804956525564194, 0.13397220770517984, 0.09902888039747874, 0.11371862391630809, 0.09673149635394414, 0.11632206042607625, 0.13469512263933817, 0.10463766256968181, 0.10003112256526947, 0.1439362516005834, 0.07617570956548055, 0.10203219205141068, 0.12621595213810602, 0.11486722280581792, 0.13337156300743422, 0.10517532130082448], "ood_acc": [0.10000000149011612, 0.21900001168251038, 0.2600000202655792, 0.2639999985694885, 0.33900001645088196, 0.35600000619888306, 0.4000000059604645, 0.3830000162124634, 0.40400001406669617, 0.40700000524520874, 0.406000018119812, 0.3880000114440918, 0.39500001072883606, 0.41200003027915955, 0.42000001668930054, 0.4180000126361847, 0.4350000321865082, 0.42600002884864807, 0.40400001406669617, 0.4270000159740448, 0.4390000104904175, 0.4320000112056732, 0.4270000159740448, 0.42500001192092896, 0.43400001525878906, 0.3970000147819519, 0.4130000174045563, 0.41100001335144043, 0.40300002694129944, 0.39500001072883606, 0.43400001525878906, 0.4100000262260437, 0.4020000100135803, 0.4090000092983246, 0.4020000100135803, 0.41700002551078796, 0.3930000066757202, 0.40800002217292786, 0.3920000195503235, 0.3840000033378601, 0.40800002217292786, 0.3960000276565552, 0.41100001335144043, 0.41100001335144043, 0.40800002217292786, 0.43300002813339233, 0.4020000100135803, 0.3830000162124634, 0.4130000174045563, 0.3850000202655792, 0.4020000100135803], "ood_ce": [2.3157217502593994, 2.1773698329925537, 1.9984958171844482, 2.0640065670013428, 2.1924774646759033, 2.1201672554016113, 2.0276060104370117, 2.1299569606781006, 2.3053014278411865, 2.3943889141082764, 2.3861289024353027, 2.466827869415283, 2.5503129959106445, 2.5056509971618652, 2.4455087184906006, 2.443039655685425, 2.389918327331543, 2.729809284210205, 2.8142142295837402, 2.675452470779419, 2.5799014568328857, 2.7452232837677, 2.9039087295532227, 2.893040657043457, 2.716019630432129, 2.896043300628662, 2.9682095050811768, 3.0894064903259277, 3.1828930377960205, 2.836721658706665, 3.036902904510498, 3.2715609073638916, 3.1226589679718018, 4.078787803649902, 3.9798853397369385, 3.5535402297973633, 3.651834487915039, 3.7556769847869873, 3.6355457305908203, 3.329888343811035, 4.0803141593933105, 4.26389217376709, 3.648510456085205, 3.940514326095581, 4.17047643661499, 4.780946254730225, 4.237346649169922, 4.397150039672852, 4.104018211364746, 4.1437530517578125, 4.6290602684021]}