{"step": [0, 30, 60, 90, 120, 150, 180, 210, 240, 270, 300, 330, 360, 390, 420, 450, 480, 510, 540, 570, 600, 630, 660, 690, 720, 750, 780, 810, 840, 870, 900, 930, 960, 990, 1020, 1050, 1080, 1110, 1140, 1170, 1200, 1230, 1260, 1290, 1320, 1350, 1380, 1410, 1440, 1470, 1499], "train": [2.289719343185425, 2.0530831813812256, 1.6547132730484009, 1.2840213378270466, 0.9725024302800497, 0.7331211666266123, 0.6842244466145834, 0.5325175027052561, 0.4508076210816701, 0.39583087464173633, 0.41110597054163617, 0.3611147503058116, 0.29106978078683216, 0.2562820116678874, 0.25612680117289227, 0.20973395804564157, 0.23673099279403687, 0.22776381174723306, 0.17475749055544534, 0.18128413210312525, 0.18170279761155447, 0.14141369611024857, 0.1524171382188797, 0.22078014413515726, 0.1497636685768763, 0.13781508803367615, 0.1534492795666059, 0.17075657844543457, 0.1058230275909106, 0.1258951649069786, 0.1841204116741816, 0.12964213639497757, 0.11489686121543248, 0.12557497372229895, 0.11235058059295018, 0.11327411234378815, 0.10616059352954228, 0.12947810937960944, 0.12272668878237407, 0.1653839498758316, 0.14801707367102304, 0.10900108267863591, 0.07977525020639102, 0.10912476976712544, 0.14244698733091354, 0.10605822751919429, 0.07737036297718684, 0.09776618207494418, 0.18208204209804535, 0.10310734808444977, 0.10057727495829265], "ood_acc": [0.1120000034570694, 0.20000000298023224, 0.289000004529953, 0.28700000047683716, 0.2980000078678131, 0.3400000035762787, 0.3830000162124634, 0.3840000033378601, 0.367000013589859, 0.43700000643730164, 0.43800002336502075, 0.42000001668930054, 0.4310000240802765, 0.4320000112056732, 0.445000022649765, 0.4390000104904175, 0.39900001883506775, 0.41100001335144043, 0.38600000739097595, 0.4350000321865082, 0.4520000219345093, 0.42600002884864807, 0.43800002336502075, 0.41200003027915955, 0.4300000071525574, 0.4230000078678131, 0.4090000092983246, 0.4440000355243683, 0.4190000295639038, 0.4220000207424164, 0.44200003147125244, 0.4190000295639038, 0.38100001215934753, 0.3920000195503235, 0.39100003242492676, 0.41100001335144043, 0.40400001406669617, 0.3960000276565552, 0.3970000147819519, 0.4180000126361847, 0.39400002360343933, 0.4100000262260437, 0.3960000276565552, 0.37800002098083496, 0.38100001215934753, 0.40800002217292786, 0.38100001215934753, 0.42600002884864807, 0.3790000081062317, 0.4020000100135803, 0.4100000262260437], "ood_ce": [2.3007583618164062, 2.166578531265259, 1.9874802827835083, 2.0318892002105713, 2.1357553005218506, 2.135005235671997, 2.097931146621704, 2.0097544193267822, 2.1741678714752197, 2.0607078075408936, 2.20481014251709, 2.359778642654419, 2.3368782997131348, 2.352872610092163, 2.295511245727539, 2.2332544326782227, 2.6648266315460205, 2.9487712383270264, 2.8170526027679443, 2.6954641342163086, 2.680436134338379, 2.8295810222625732, 2.6624488830566406, 2.9051895141601562, 3.001589775085449, 2.705303430557251, 2.75163197517395, 2.9728691577911377, 2.7277333736419678, 2.923082113265991, 2.80098295211792, 3.192424774169922, 2.933058023452759, 3.043926239013672, 2.933549165725708, 3.2793540954589844, 3.27681565284729, 3.1918561458587646, 3.4483063220977783, 3.3360958099365234, 3.568100690841675, 3.1857175827026367, 3.5918467044830322, 3.6778311729431152, 3.801044225692749, 3.4740116596221924, 3.7858755588531494, 3.7852516174316406, 3.9969096183776855, 3.41874623298645, 3.7300543785095215]}