{"step": [0, 30, 60, 90, 120, 150, 180, 210, 240, 270, 300, 330, 360, 390, 420, 450, 480, 510, 540, 570, 600, 630, 660, 690, 720, 750, 780, 810, 840, 870, 900, 930, 960, 990, 1020, 1050, 1080, 1110, 1140, 1170, 1200, 1230, 1260, 1290, 1320, 1350, 1380, 1410, 1440, 1470, 1499], "train": [2.3145358562469482, 2.162721792856852, 1.8010975122451782, 1.3639822403589885, 1.0440040628115337, 0.7991652290026346, 0.6678749918937683, 0.5397193630536398, 0.4599546988805135, 0.37531115611394245, 0.34948866069316864, 0.3391536275545756, 0.286782239874204, 0.2536210318406423, 0.25454629957675934, 0.217155950764815, 0.2313635895649592, 0.17628400524457297, 0.1962341864903768, 0.19179241359233856, 0.1503094732761383, 0.14090309788783392, 0.1635990689198176, 0.14773216843605042, 0.13721482207377753, 0.1593560054898262, 0.15660789608955383, 0.18480847279230753, 0.15936288485924402, 0.12161649266878764, 0.13800611595312753, 0.2237070376674334, 0.2855955312649409, 0.13487465679645538, 0.10356877744197845, 0.09655169149239858, 0.11511908968289693, 0.14409404744704565, 0.07437789191802342, 0.09444498270750046, 0.11277571320533752, 0.08651712288459142, 0.08045931657155354, 0.09601888184746106, 0.07954308018088341, 0.1766785035530726, 0.1692203829685847, 0.10953604926665624, 0.09931309272845586, 0.08377279962102573, 0.10242173820734024], "ood_acc": [0.08700000494718552, 0.2120000123977661, 0.27000001072883606, 0.2900000214576721, 0.31200000643730164, 0.3570000231266022, 0.3330000042915344, 0.39500001072883606, 0.39900001883506775, 0.3880000114440918, 0.3920000195503235, 0.42100003361701965, 0.42100003361701965, 0.40700000524520874, 0.40700000524520874, 0.4310000240802765, 0.4230000078678131, 0.4310000240802765, 0.42100003361701965, 0.3930000066757202, 0.42100003361701965, 0.4310000240802765, 0.42000001668930054, 0.40800002217292786, 0.4150000214576721, 0.40700000524520874, 0.4320000112056732, 0.41700002551078796, 0.4320000112056732, 0.3890000283718109, 0.42100003361701965, 0.367000013589859, 0.42500001192092896, 0.3850000202655792, 0.3930000066757202, 0.406000018119812, 0.4240000247955322, 0.42000001668930054, 0.42600002884864807, 0.4190000295639038, 0.4100000262260437, 0.4130000174045563, 0.4130000174045563, 0.3920000195503235, 0.43700000643730164, 0.4000000059604645, 0.4100000262260437, 0.40800002217292786, 0.3890000283718109, 0.4050000309944153, 0.40400001406669617], "ood_ce": [2.3092896938323975, 2.218996524810791, 2.006699562072754, 1.9410326480865479, 2.1833269596099854, 2.235610246658325, 2.2872884273529053, 2.015087842941284, 2.06840181350708, 2.3223676681518555, 2.3092076778411865, 2.1270108222961426, 2.3875932693481445, 2.7010717391967773, 2.602526903152466, 2.5024876594543457, 2.693793773651123, 2.502645254135132, 2.794689178466797, 2.7203245162963867, 2.7973275184631348, 2.9119911193847656, 2.964456558227539, 3.0662899017333984, 3.18190598487854, 3.259460210800171, 3.0229437351226807, 3.277954578399658, 3.2523837089538574, 3.0699336528778076, 3.384312629699707, 3.1701550483703613, 2.5425050258636475, 2.736145496368408, 2.9054219722747803, 3.1624979972839355, 3.3679087162017822, 3.5071353912353516, 2.9115121364593506, 3.1495072841644287, 3.357363700866699, 3.4552359580993652, 3.8000285625457764, 3.7654833793640137, 3.0928549766540527, 3.577610969543457, 3.6137170791625977, 3.9360005855560303, 3.924625873565674, 3.866473913192749, 3.7222933769226074]}