{"step": [0, 30, 60, 90, 120, 150, 180, 210, 240, 270, 300, 330, 360, 390, 420, 450, 480, 510, 540, 570, 600, 630, 660, 690, 720, 750, 780, 810, 840, 870, 900, 930, 960, 990, 1020, 1050, 1080, 1110, 1140, 1170, 1200, 1230, 1260, 1290, 1320, 1350, 1380, 1410, 1440, 1470, 1499], "train": [2.294736703236898, 2.1182571252187095, 1.7505641380945842, 1.3477089007695515, 1.028607686360677, 0.8108486334482828, 0.6361479560534159, 0.5485704044500986, 0.47077469031016034, 0.43946439027786255, 0.35686053335666656, 0.30808016657829285, 0.28656137486298877, 0.28991442918777466, 0.23072855174541473, 0.20554682612419128, 0.19607939819494882, 0.21598144869009653, 0.17635387430588403, 0.17709610362847647, 0.16385471324125925, 0.20684956014156342, 0.14039543519417444, 0.14587525526682535, 0.14908569554487863, 0.1383192390203476, 0.13265948742628098, 0.13647405803203583, 0.134219100077947, 0.10392830769220988, 0.11294989412029584, 0.13542184482018152, 0.13033411651849747, 0.15613134702046713, 0.17301824937264124, 0.21103459099928537, 0.1541401967406273, 0.14112122108538946, 0.24687617272138596, 0.23777979612350464, 0.15436937908331552, 0.11037661383549373, 0.10565435886383057, 0.09564963976542155, 0.24289981524149576, 0.09801357984542847, 0.08469806611537933, 0.12753662715355554, 0.11857614417870839, 0.2918778633077939, 0.07065915688872337], "ood_acc": [0.11900000274181366, 0.21800000965595245, 0.26500001549720764, 0.29100000858306885, 0.33000001311302185, 0.3570000231266022, 0.3930000066757202, 0.3890000283718109, 0.4090000092983246, 0.3830000162124634, 0.3960000276565552, 0.4150000214576721, 0.4150000214576721, 0.44700002670288086, 0.4190000295639038, 0.41700002551078796, 0.42100003361701965, 0.42600002884864807, 0.42100003361701965, 0.4410000145435333, 0.43800002336502075, 0.42600002884864807, 0.41600000858306885, 0.4410000145435333, 0.4090000092983246, 0.3960000276565552, 0.4270000159740448, 0.4230000078678131, 0.4100000262260437, 0.3960000276565552, 0.39400002360343933, 0.4020000100135803, 0.35500001907348633, 0.3960000276565552, 0.40400001406669617, 0.3970000147819519, 0.40800002217292786, 0.39100003242492676, 0.40700000524520874, 0.3920000195503235, 0.3960000276565552, 0.3960000276565552, 0.4050000309944153, 0.4050000309944153, 0.38100001215934753, 0.398000031709671, 0.4050000309944153, 0.4000000059604645, 0.40700000524520874, 0.4010000228881836, 0.4360000193119049], "ood_ce": [2.3005263805389404, 2.2060136795043945, 2.037742853164673, 1.997628092765808, 2.1158447265625, 1.993587613105774, 1.982285737991333, 2.0965261459350586, 2.0017101764678955, 2.2290587425231934, 2.2838690280914307, 2.2018349170684814, 2.3861684799194336, 2.398319721221924, 2.309856653213501, 2.4914913177490234, 2.7130932807922363, 2.871703624725342, 2.622598648071289, 2.605031967163086, 2.7877235412597656, 2.7763171195983887, 2.860189199447632, 2.9742345809936523, 3.0294575691223145, 2.8309214115142822, 2.718820095062256, 3.12992262840271, 3.13262939453125, 3.1297390460968018, 3.0273187160491943, 3.16452693939209, 3.330474615097046, 3.1600732803344727, 3.1531288623809814, 3.492671251296997, 3.447970151901245, 3.4801673889160156, 3.311934232711792, 3.66351318359375, 3.19419527053833, 3.4820427894592285, 3.718797206878662, 3.967327833175659, 3.612548828125, 3.6911144256591797, 3.9944570064544678, 3.6692631244659424, 3.9862897396087646, 4.0331130027771, 3.8559987545013428]}