{"step": [0, 30, 60, 90, 120, 150, 180, 210, 240, 270, 300, 330, 360, 390, 420, 450, 480, 510, 540, 570, 600, 630, 660, 690, 720, 750, 780, 810, 840, 870, 900, 930, 960, 990, 1020, 1050, 1080, 1110, 1140, 1170, 1200, 1230, 1260, 1290, 1320, 1350, 1380, 1410, 1440, 1470, 1499], "train": [2.309722582499186, 2.1493133703867593, 1.7682658036549885, 1.3411402304967244, 1.020004411538442, 0.7917550206184387, 0.6178994675477346, 0.5436832507451376, 0.46218228340148926, 0.3931115965048472, 0.34240519007047016, 0.31655003130435944, 0.2526944776376088, 0.2572245051463445, 0.2351772685845693, 0.2631105234225591, 0.24716792007287344, 0.18650108824173608, 0.16443088153998056, 0.1533295065164566, 0.17930755019187927, 0.18092002967993417, 0.17931699256102243, 0.19999448458353677, 0.14427142590284348, 0.13835043211778006, 0.14961273223161697, 0.12492747356494267, 0.11545330534378688, 0.13127574821313223, 0.13138786454995474, 0.1293126344680786, 0.13411820183197656, 0.18822801858186722, 0.15277882168690363, 0.11197470376888911, 0.16756987075010935, 0.24246572951475778, 0.15695827702681223, 0.08414068321386974, 0.09739216417074203, 0.0821201540529728, 0.08963554600874583, 0.08310057719548543, 0.1408278321226438, 0.08187563965717952, 0.07619633773962657, 0.09007234871387482, 0.07413670296470325, 0.10593097408612569, 0.10484092434247334], "ood_acc": [0.11000000685453415, 0.22200001776218414, 0.2800000011920929, 0.27300000190734863, 0.2600000202655792, 0.3270000219345093, 0.3330000042915344, 0.38100001215934753, 0.3710000216960907, 0.3840000033378601, 0.3890000283718109, 0.3850000202655792, 0.3970000147819519, 0.38600000739097595, 0.4050000309944153, 0.3850000202655792, 0.3680000305175781, 0.4010000228881836, 0.40400001406669617, 0.4010000228881836, 0.4230000078678131, 0.398000031709671, 0.36900001764297485, 0.41700002551078796, 0.3960000276565552, 0.39400002360343933, 0.3680000305175781, 0.40400001406669617, 0.4220000207424164, 0.39400002360343933, 0.41700002551078796, 0.398000031709671, 0.4360000193119049, 0.3970000147819519, 0.39500001072883606, 0.4320000112056732, 0.39400002360343933, 0.40300002694129944, 0.34300002455711365, 0.40800002217292786, 0.41200003027915955, 0.4020000100135803, 0.3800000250339508, 0.37700000405311584, 0.3930000066757202, 0.39500001072883606, 0.367000013589859, 0.35600000619888306, 0.3880000114440918, 0.3930000066757202, 0.3750000298023224], "ood_ce": [2.3041341304779053, 2.2173104286193848, 2.0261855125427246, 2.0119614601135254, 2.3613555431365967, 2.2165119647979736, 2.3713645935058594, 2.0745575428009033, 2.32352876663208, 2.318885564804077, 2.246035099029541, 2.427957057952881, 2.4059839248657227, 2.744846820831299, 2.60477876663208, 2.651761293411255, 2.8066070079803467, 2.600639820098877, 2.6381235122680664, 2.7967617511749268, 2.7148425579071045, 3.0310566425323486, 2.9858412742614746, 2.7029547691345215, 2.990544080734253, 3.2817206382751465, 3.2325918674468994, 2.813326358795166, 2.9306581020355225, 3.1275277137756348, 2.9482927322387695, 3.2854907512664795, 3.259103536605835, 3.4889843463897705, 3.151177167892456, 3.1803386211395264, 3.536374568939209, 3.238095998764038, 3.5321567058563232, 2.959378957748413, 3.675415277481079, 4.000901699066162, 3.725111246109009, 3.8744850158691406, 3.8475899696350098, 3.5719738006591797, 3.9173851013183594, 4.175813674926758, 4.31859016418457, 4.000659465789795, 4.280364513397217]}