{"step": [0, 30, 60, 90, 120, 150, 180, 210, 240, 270, 300, 330, 360, 390, 420, 450, 480, 510, 540, 570, 600, 630, 660, 690, 720, 750, 780, 810, 840, 870, 900, 930, 960, 990, 1020, 1050, 1080, 1110, 1140, 1170, 1200, 1230, 1260, 1290, 1320, 1350, 1380, 1410, 1440, 1470, 1499], "train": [2.3145358562469482, 2.1663424173990884, 1.8067432641983032, 1.3659591674804688, 1.0498652060826619, 0.8034207224845886, 0.6424101094404856, 0.5460428694883982, 0.45227424303690594, 0.39224598308404285, 0.3392736663420995, 0.3057568073272705, 0.27632221579551697, 0.25224368274211884, 0.21750467518965402, 0.20423064629236856, 0.21448668837547302, 0.2047434796889623, 0.1900910586118698, 0.17851185301939645, 0.15734058121840158, 0.1697936331232389, 0.17876521746317545, 0.15954522788524628, 0.12214339524507523, 0.1211462418238322, 0.11651834100484848, 0.12558718274037042, 0.18597979346911112, 0.13717944423357645, 0.08341268946727116, 0.12092217803001404, 0.3382153809070587, 0.13382830222447714, 0.10818473249673843, 0.08286457508802414, 0.1345885992050171, 0.12724974751472473, 0.09901673843463261, 0.12079539149999619, 0.10010778655608495, 0.11330544948577881, 0.07796412706375122, 0.10888630151748657, 0.07159942016005516, 0.13199497014284134, 0.0980660542845726, 0.10811414321263631, 0.17006293932596842, 0.12172778695821762, 0.14105177422364554], "ood_acc": [0.08700000494718552, 0.21300001442432404, 0.2710000276565552, 0.28200000524520874, 0.3160000145435333, 0.3580000102519989, 0.34800001978874207, 0.4000000059604645, 0.4150000214576721, 0.3960000276565552, 0.42000001668930054, 0.4300000071525574, 0.43300002813339233, 0.42500001192092896, 0.43300002813339233, 0.4690000116825104, 0.42500001192092896, 0.4320000112056732, 0.42600002884864807, 0.445000022649765, 0.4480000138282776, 0.43800002336502075, 0.4410000145435333, 0.41600000858306885, 0.44200003147125244, 0.44600000977516174, 0.43800002336502075, 0.40300002694129944, 0.4240000247955322, 0.4410000145435333, 0.41200003027915955, 0.43300002813339233, 0.3500000238418579, 0.4100000262260437, 0.4020000100135803, 0.4150000214576721, 0.42900002002716064, 0.40700000524520874, 0.4230000078678131, 0.3970000147819519, 0.4280000329017639, 0.40700000524520874, 0.4180000126361847, 0.4190000295639038, 0.4270000159740448, 0.41100001335144043, 0.4400000274181366, 0.4140000343322754, 0.44300001859664917, 0.4090000092983246, 0.42000001668930054], "ood_ce": [2.3092896938323975, 2.221235752105713, 2.014800548553467, 1.9507858753204346, 2.129939317703247, 2.150573492050171, 2.1641714572906494, 1.9568500518798828, 1.9592771530151367, 2.184830665588379, 2.1644129753112793, 2.0983972549438477, 2.3242106437683105, 2.667909622192383, 2.6376209259033203, 2.4395620822906494, 2.5105295181274414, 2.541062116622925, 2.4976298809051514, 2.7157227993011475, 2.9244699478149414, 2.998659133911133, 2.6676268577575684, 3.183948516845703, 2.8728601932525635, 2.8451051712036133, 2.972567081451416, 2.8894543647766113, 3.2800557613372803, 2.8988611698150635, 2.815506935119629, 2.915825128555298, 3.584643602371216, 2.7306644916534424, 3.0327343940734863, 3.0602829456329346, 3.3551290035247803, 3.5445332527160645, 3.0450801849365234, 3.289163827896118, 3.1818203926086426, 3.6171889305114746, 3.383145332336426, 3.713182210922241, 3.701547622680664, 3.748305320739746, 3.2771718502044678, 3.416929006576538, 3.5419700145721436, 3.5553503036499023, 3.455793857574463]}