{"step": [0, 30, 60, 90, 120, 150, 180, 210, 240, 270, 300, 330, 360, 390, 420, 450, 480, 510, 540, 570, 600, 630, 660, 690, 720, 750, 780, 810, 840, 870, 900, 930, 960, 990, 1020, 1050, 1080, 1110, 1140, 1170, 1200, 1230, 1260, 1290, 1320, 1350, 1380, 1410, 1440, 1470, 1499], "train": [2.302424589792887, 2.098121245702108, 1.7353142897288005, 1.4001182317733765, 1.0222770770390828, 0.82000199953715, 0.6469817360242208, 0.5458017190297445, 0.46587546666463214, 0.3883395294348399, 0.3861396312713623, 0.4010148247083028, 0.3196646918853124, 0.29894156754016876, 0.29240646461645764, 0.278920258084933, 0.2426150937875112, 0.27492313583691913, 0.19193625946839651, 0.23124960064888, 0.20335601270198822, 0.17180697619915009, 0.19297568996747336, 0.33244993289311725, 0.11058315138022105, 0.1092564898232619, 0.1353605886300405, 0.13432146112124124, 0.12058268984158833, 0.09606282413005829, 0.15595329056183496, 0.12094807873169582, 0.11302425960699718, 0.1233141968647639, 0.13500285893678665, 0.20222587386767069, 0.12188068777322769, 0.10434731841087341, 0.0976332426071167, 0.0917184054851532, 0.1383144830663999, 0.1204820101459821, 0.13931093364953995, 0.11623055239518483, 0.07314558078845342, 0.14760143558184305, 0.14778017004330954, 0.12464140852292378, 0.17015125850836435, 0.190027746061484, 0.14835420747598013], "ood_acc": [0.11100000888109207, 0.27400001883506775, 0.3160000145435333, 0.3540000021457672, 0.3760000169277191, 0.3490000069141388, 0.35500001907348633, 0.41600000858306885, 0.42100003361701965, 0.4130000174045563, 0.43300002813339233, 0.4240000247955322, 0.4310000240802765, 0.41700002551078796, 0.4090000092983246, 0.41700002551078796, 0.4180000126361847, 0.40700000524520874, 0.41700002551078796, 0.42500001192092896, 0.42100003361701965, 0.4090000092983246, 0.41700002551078796, 0.36900001764297485, 0.4020000100135803, 0.4090000092983246, 0.39100003242492676, 0.3880000114440918, 0.4300000071525574, 0.40800002217292786, 0.40800002217292786, 0.4220000207424164, 0.41700002551078796, 0.42900002002716064, 0.42500001192092896, 0.4000000059604645, 0.4230000078678131, 0.4190000295639038, 0.39100003242492676, 0.4020000100135803, 0.37700000405311584, 0.406000018119812, 0.3840000033378601, 0.3840000033378601, 0.3800000250339508, 0.3840000033378601, 0.3620000183582306, 0.38700002431869507, 0.4140000343322754, 0.37300002574920654, 0.3680000305175781], "ood_ce": [2.2975423336029053, 2.1685385704040527, 1.980721116065979, 1.8008899688720703, 1.8827037811279297, 2.023486614227295, 2.1378607749938965, 2.0638251304626465, 2.228440523147583, 2.348041534423828, 2.3557229042053223, 2.498295307159424, 2.5169665813446045, 2.543964385986328, 2.653167724609375, 2.633249282836914, 2.7224414348602295, 2.702359676361084, 2.8409934043884277, 3.0830047130584717, 2.7565419673919678, 2.9392473697662354, 2.719578266143799, 3.0693631172180176, 3.0073509216308594, 3.286036729812622, 3.273465633392334, 3.0882439613342285, 3.0093436241149902, 3.4137990474700928, 3.475759744644165, 3.327885150909424, 3.4301235675811768, 3.284290313720703, 3.2669780254364014, 3.359818696975708, 3.194434881210327, 3.3605382442474365, 3.8002068996429443, 4.0683393478393555, 3.8269214630126953, 3.1969261169433594, 3.706831932067871, 3.778984546661377, 3.9942071437835693, 3.9511804580688477, 3.9460201263427734, 3.9810750484466553, 4.295890808105469, 4.356842517852783, 3.5453991889953613]}