{"step": [0, 30, 60, 90, 120, 150, 180, 210, 240, 270, 300, 330, 360, 390, 420, 450, 480, 510, 540, 570, 600, 630, 660, 690, 720, 750, 780, 810, 840, 870, 900, 930, 960, 990, 1020, 1050, 1080, 1110, 1140, 1170, 1200, 1230, 1260, 1290, 1320, 1350, 1380, 1410, 1440, 1470, 1499], "train": [2.289719343185425, 2.059361775716146, 1.6793907086054485, 1.296490470568339, 0.9966151118278503, 0.7664573987325033, 0.6625171105066935, 0.5423237383365631, 0.48898884654045105, 0.4341854453086853, 0.39139309525489807, 0.38476739327112836, 0.30572959780693054, 0.26602140069007874, 0.20635018249352774, 0.22697757681210837, 0.2075236737728119, 0.2188713625073433, 0.1882059946656227, 0.1710157444079717, 0.18662796169519424, 0.1789460132519404, 0.1866603891054789, 0.17953751236200333, 0.17123964180548987, 0.21445286770661673, 0.14233481884002686, 0.16647436718146005, 0.119561734298865, 0.15945960581302643, 0.13538879404465357, 0.1025034710764885, 0.12656467904647192, 0.13647058109442392, 0.11741724113623302, 0.10829236606756847, 0.09483914822340012, 0.08672585090001424, 0.09699924041827519, 0.10365504026412964, 0.12954899917046228, 0.09624825914700826, 0.0925142044822375, 0.12001517663399379, 0.17079899460077286, 0.16784279545148215, 0.11908351381619771, 0.12378384172916412, 0.0984121710062027, 0.08652080595493317, 0.10462524990240733], "ood_acc": [0.1120000034570694, 0.18900001049041748, 0.28300002217292786, 0.2750000059604645, 0.29100000858306885, 0.3370000123977661, 0.3830000162124634, 0.3890000283718109, 0.3370000123977661, 0.4280000329017639, 0.4320000112056732, 0.4140000343322754, 0.40700000524520874, 0.4520000219345093, 0.4390000104904175, 0.42600002884864807, 0.4140000343322754, 0.4140000343322754, 0.4220000207424164, 0.40800002217292786, 0.42000001668930054, 0.4180000126361847, 0.4130000174045563, 0.39500001072883606, 0.4050000309944153, 0.40300002694129944, 0.4150000214576721, 0.4280000329017639, 0.4280000329017639, 0.40300002694129944, 0.4140000343322754, 0.39400002360343933, 0.3890000283718109, 0.41200003027915955, 0.4000000059604645, 0.4230000078678131, 0.4010000228881836, 0.3930000066757202, 0.39100003242492676, 0.406000018119812, 0.40300002694129944, 0.3880000114440918, 0.39100003242492676, 0.3700000047683716, 0.37800002098083496, 0.3450000286102295, 0.37300002574920654, 0.3840000033378601, 0.3710000216960907, 0.42000001668930054, 0.38200002908706665], "ood_ce": [2.3007583618164062, 2.1697821617126465, 1.993699550628662, 2.062835216522217, 2.1895880699157715, 2.139219284057617, 2.0466132164001465, 1.8819975852966309, 2.353024482727051, 2.1314074993133545, 2.0223889350891113, 2.341937780380249, 2.220730781555176, 2.3516876697540283, 2.2595629692077637, 2.5305325984954834, 2.4625864028930664, 2.7084779739379883, 2.611335039138794, 2.8533084392547607, 2.902472496032715, 2.723956823348999, 2.701336145401001, 2.7420480251312256, 2.8962583541870117, 3.0630204677581787, 3.1586830615997314, 3.097580909729004, 3.0112996101379395, 3.0848910808563232, 3.0639488697052, 2.9976489543914795, 3.0874736309051514, 3.073655605316162, 3.2551169395446777, 3.438244104385376, 3.663144111633301, 3.444398880004883, 3.3868608474731445, 3.6625664234161377, 3.8009767532348633, 3.1899471282958984, 4.143643856048584, 3.7291622161865234, 3.325082540512085, 3.3059418201446533, 3.6119086742401123, 3.6931774616241455, 4.10374116897583, 3.5939524173736572, 3.905510187149048]}