{"step": [0, 30, 60, 90, 120, 150, 180, 210, 240, 270, 300, 330, 360, 390, 420, 450, 480, 510, 540, 570, 600, 630, 660, 690, 720, 750, 780, 810, 840, 870, 900, 930, 960, 990, 1020, 1050, 1080, 1110, 1140, 1170, 1200, 1230, 1260, 1290, 1320, 1350, 1380, 1410, 1440, 1470, 1499], "train": [2.3100438912709556, 2.113646984100342, 1.7482271591822307, 1.332211931546529, 1.0092671116193135, 0.8160804708798727, 0.6647984981536865, 0.5937862793604533, 0.48932836453119916, 0.47368793686230976, 0.4740329583485921, 0.36091876526673633, 0.3681752284367879, 0.3189232548077901, 0.28938983877499896, 0.2768816401561101, 0.28317898511886597, 0.22908005118370056, 0.18708384037017822, 0.18322106699148813, 0.19478667279084524, 0.17131907244523367, 0.15362950911124548, 0.1312966967622439, 0.15719333042701086, 0.1473225255807241, 0.1298028901219368, 0.13245860487222672, 0.1211059441169103, 0.11395705491304398, 0.10557121535142262, 0.1210193286339442, 0.11006734023491542, 0.12867741038401923, 0.11452226340770721, 0.17793913433949152, 0.10799504816532135, 0.12803811704119047, 0.15927676856517792, 0.13980699827273688, 0.11501243462165196, 0.1842705731590589, 0.18448995302120844, 0.17427977919578552, 0.12230694542328517, 0.11328706641991933, 0.1074078306555748, 0.08429199581344922, 0.0991817582398653, 0.11723439147075017, 0.09233878056208293], "ood_acc": [0.07500000298023224, 0.23600001633167267, 0.2770000100135803, 0.2630000114440918, 0.2970000207424164, 0.36100003123283386, 0.35100001096725464, 0.3890000283718109, 0.40300002694129944, 0.3890000283718109, 0.3930000066757202, 0.41200003027915955, 0.42600002884864807, 0.4440000355243683, 0.41700002551078796, 0.41100001335144043, 0.4440000355243683, 0.4400000274181366, 0.4230000078678131, 0.4620000123977661, 0.406000018119812, 0.4130000174045563, 0.42100003361701965, 0.4400000274181366, 0.43700000643730164, 0.4180000126361847, 0.4320000112056732, 0.4400000274181366, 0.43700000643730164, 0.44600000977516174, 0.4440000355243683, 0.4280000329017639, 0.43800002336502075, 0.445000022649765, 0.4230000078678131, 0.42600002884864807, 0.4300000071525574, 0.44700002670288086, 0.43800002336502075, 0.4570000171661377, 0.398000031709671, 0.38100001215934753, 0.4180000126361847, 0.398000031709671, 0.4050000309944153, 0.43300002813339233, 0.43400001525878906, 0.4300000071525574, 0.42500001192092896, 0.45000001788139343, 0.445000022649765], "ood_ce": [2.309131383895874, 2.1760244369506836, 1.9589110612869263, 2.026691436767578, 2.1906983852386475, 2.1126914024353027, 2.39190673828125, 2.106879472732544, 2.0587947368621826, 2.276320457458496, 2.491008996963501, 2.4303908348083496, 2.2523717880249023, 2.27691650390625, 2.6193950176239014, 2.355048418045044, 2.49692702293396, 2.5356109142303467, 2.4651849269866943, 2.4281997680664062, 2.776634693145752, 2.659292697906494, 2.537914752960205, 2.685621738433838, 3.0921053886413574, 2.6985416412353516, 2.803515672683716, 2.9787185192108154, 2.630751132965088, 2.9506168365478516, 3.16139554977417, 3.1612918376922607, 2.9284913539886475, 3.1508307456970215, 3.300069570541382, 3.7579004764556885, 3.1088309288024902, 3.226574420928955, 3.7476842403411865, 3.194810152053833, 3.4949159622192383, 3.3698067665100098, 3.539682388305664, 2.8496294021606445, 2.7363650798797607, 3.0282912254333496, 2.9252357482910156, 3.1613497734069824, 3.6817679405212402, 3.7960808277130127, 3.670883893966675]}