{"step": [0, 30, 60, 90, 120, 150, 180, 210, 240, 270, 300, 330, 360, 390, 420, 450, 480, 510, 540, 570, 600, 630, 660, 690, 720, 750, 780, 810, 840, 870, 900, 930, 960, 990, 1020, 1050, 1080, 1110, 1140, 1170, 1200, 1230, 1260, 1290, 1320, 1350, 1380, 1410, 1440, 1470, 1499], "train": [2.3100438912709556, 2.1142383416493735, 1.7529499530792236, 1.3346925973892212, 1.005888005097707, 0.8177823424339294, 0.6682921846707662, 0.5952884952227274, 0.48890212178230286, 0.4717816412448883, 0.39994805057843524, 0.383999228477478, 0.40092597405115765, 0.3073905408382416, 0.28366054594516754, 0.26769288380940753, 0.2440559814373652, 0.2668324410915375, 0.21755793939034143, 0.1957451601823171, 0.16498872141043344, 0.19997739295164743, 0.17079579830169678, 0.2245823641618093, 0.24265602231025696, 0.21733400722344717, 0.13855434705813727, 0.1459884891907374, 0.12838240712881088, 0.19156581660111746, 0.14844592660665512, 0.11541212101777394, 0.22996693352858225, 0.25254536668459576, 0.13541575272878012, 0.1168781965970993, 0.11953520774841309, 0.10898900032043457, 0.12993949155012766, 0.13128348191579184, 0.117574376364549, 0.10802863662441571, 0.11373755087455113, 0.11225160211324692, 0.09794056663910548, 0.1358811060587565, 0.31330229093631107, 0.1420039882262548, 0.12476198623577754, 0.14028503249088922, 0.10597310215234756], "ood_acc": [0.07500000298023224, 0.23600001633167267, 0.2770000100135803, 0.2580000162124634, 0.29100000858306885, 0.36400002241134644, 0.35200002789497375, 0.3800000250339508, 0.4020000100135803, 0.38100001215934753, 0.38700002431869507, 0.3960000276565552, 0.41100001335144043, 0.4150000214576721, 0.42500001192092896, 0.43400001525878906, 0.4240000247955322, 0.43700000643730164, 0.3970000147819519, 0.44200003147125244, 0.43400001525878906, 0.4270000159740448, 0.445000022649765, 0.4320000112056732, 0.4440000355243683, 0.4300000071525574, 0.445000022649765, 0.4400000274181366, 0.43800002336502075, 0.4320000112056732, 0.43300002813339233, 0.4350000321865082, 0.4270000159740448, 0.4220000207424164, 0.4020000100135803, 0.4150000214576721, 0.4180000126361847, 0.45000001788139343, 0.4270000159740448, 0.4570000171661377, 0.3930000066757202, 0.37400001287460327, 0.406000018119812, 0.367000013589859, 0.3960000276565552, 0.3880000114440918, 0.4240000247955322, 0.3920000195503235, 0.4150000214576721, 0.3790000081062317, 0.3830000162124634], "ood_ce": [2.309131383895874, 2.1762144565582275, 1.960204839706421, 2.0278210639953613, 2.2145214080810547, 2.0786149501800537, 2.357314109802246, 2.1328682899475098, 2.0555965900421143, 2.2096312046051025, 2.320016384124756, 2.5886542797088623, 2.442239284515381, 2.6001839637756348, 2.4859564304351807, 2.358811855316162, 2.640061855316162, 2.383371591567993, 2.6250431537628174, 2.6640803813934326, 2.6685431003570557, 2.7112154960632324, 2.6396377086639404, 2.623856782913208, 2.769732713699341, 2.6880381107330322, 2.808698892593384, 3.1917848587036133, 2.739553451538086, 2.9767353534698486, 3.2521884441375732, 3.2855029106140137, 3.3017492294311523, 3.282390594482422, 3.2619640827178955, 3.2116847038269043, 3.3920910358428955, 3.0749378204345703, 3.3475165367126465, 2.7489988803863525, 3.5685274600982666, 3.5937366485595703, 3.617849111557007, 3.957246780395508, 4.096407413482666, 3.5882742404937744, 3.376887321472168, 3.4260308742523193, 3.53515362739563, 3.8511595726013184, 3.7476484775543213]}