{"step": [0, 30, 60, 90, 120, 150, 180, 210, 240, 270, 300, 330, 360, 390, 420, 450, 480, 510, 540, 570, 600, 630, 660, 690, 720, 750, 780, 810, 840, 870, 900, 930, 960, 990, 1020, 1050, 1080, 1110, 1140, 1170, 1200, 1230, 1260, 1290, 1320, 1350, 1380, 1410, 1440, 1470, 1499], "train": [2.2990516821543374, 2.0550036827723184, 1.6771245002746582, 1.2655720710754395, 1.044013778368632, 0.7931106885274252, 0.6470772127310435, 0.5693853994210561, 0.5258037249247233, 0.4105679194132487, 0.35281717280546826, 0.3082314332326253, 0.31939445932706195, 0.29338351885477704, 0.2418315807978312, 0.2683788339296977, 0.22684042900800705, 0.23229640225569406, 0.2079756980141004, 0.20291475703318915, 0.15584010382493338, 0.15943807860215506, 0.3372030109167099, 0.19459102551142374, 0.22071291009585062, 0.1438895563284556, 0.13282401859760284, 0.12002717579404514, 0.1299570749203364, 0.13655270636081696, 0.12861688435077667, 0.15947386622428894, 0.110721239199241, 0.16698800772428513, 0.11947449296712875, 0.19417300323645273, 0.4445973336696625, 0.11152142410477002, 0.10709748417139053, 0.11781004071235657, 0.13077042996883392, 0.12828916559616724, 0.14610118170579275, 0.22323541343212128, 0.12379450847705205, 0.11242384711901347, 0.21092885732650757, 0.2452912504474322, 0.11553473273913066, 0.09961834301551183, 0.08154793332020442], "ood_acc": [0.10000000149011612, 0.21800000965595245, 0.2590000033378601, 0.2540000081062317, 0.3460000157356262, 0.34700000286102295, 0.37700000405311584, 0.3970000147819519, 0.4020000100135803, 0.4020000100135803, 0.4130000174045563, 0.4050000309944153, 0.4020000100135803, 0.4100000262260437, 0.39400002360343933, 0.4300000071525574, 0.40400001406669617, 0.4150000214576721, 0.43800002336502075, 0.4090000092983246, 0.43800002336502075, 0.4480000138282776, 0.4010000228881836, 0.4190000295639038, 0.43300002813339233, 0.43800002336502075, 0.4220000207424164, 0.406000018119812, 0.44700002670288086, 0.4190000295639038, 0.41200003027915955, 0.4270000159740448, 0.42900002002716064, 0.4090000092983246, 0.39500001072883606, 0.38700002431869507, 0.39000001549720764, 0.4180000126361847, 0.4180000126361847, 0.41100001335144043, 0.38100001215934753, 0.37400001287460327, 0.41100001335144043, 0.3850000202655792, 0.39900001883506775, 0.398000031709671, 0.3800000250339508, 0.398000031709671, 0.4000000059604645, 0.38600000739097595, 0.3960000276565552], "ood_ce": [2.3157217502593994, 2.1802961826324463, 2.012096643447876, 2.126049757003784, 2.3071343898773193, 2.1466727256774902, 2.151191473007202, 2.169482707977295, 2.4087610244750977, 2.2958614826202393, 2.5786657333374023, 2.5472514629364014, 2.5440516471862793, 2.6761536598205566, 2.6932449340820312, 2.551333427429199, 2.509547472000122, 2.8142969608306885, 2.7545323371887207, 2.7151944637298584, 2.4485912322998047, 2.4836201667785645, 2.7774319648742676, 3.144838571548462, 2.9597153663635254, 2.7546708583831787, 3.2476937770843506, 3.51369047164917, 3.1112780570983887, 3.148782253265381, 3.386626958847046, 3.2287657260894775, 3.3419153690338135, 3.4405200481414795, 3.6477208137512207, 4.543888568878174, 3.5329627990722656, 2.9677374362945557, 3.5044655799865723, 3.759575605392456, 3.5599560737609863, 3.3767249584198, 3.6447842121124268, 4.1418867111206055, 3.659456253051758, 3.955707311630249, 4.19098424911499, 4.905679225921631, 3.714712142944336, 3.6933484077453613, 4.209944725036621]}