{"step": [0, 30, 60, 90, 120, 150, 180, 210, 240, 270, 300, 330, 360, 390, 420, 450, 480, 510, 540, 570, 600, 630, 660, 690, 720, 750, 780, 810, 840, 870, 900, 930, 960, 990, 1020, 1050, 1080, 1110, 1140, 1170, 1200, 1230, 1260, 1290, 1320, 1350, 1380, 1410, 1440, 1470, 1499], "train": [2.294736703236898, 2.120506683985392, 1.7577201128005981, 1.4059485991795857, 1.0588841835657756, 0.8139940102895101, 0.6433909932772318, 0.5460730691750845, 0.46915396054585773, 0.4351182778676351, 0.36642247438430786, 0.31656410296758014, 0.320049911737442, 0.28435176114241284, 0.25728094577789307, 0.2403563658396403, 0.24400645991166434, 0.2921653389930725, 0.23610163231690726, 0.17715784907341003, 0.2395270218451818, 0.1887365331252416, 0.18734341859817505, 0.1402153273423513, 0.19194303452968597, 0.12692647675673166, 0.15747389197349548, 0.11871159821748734, 0.1476656844218572, 0.1408178061246872, 0.11790948361158371, 0.12736025204261145, 0.1619581033786138, 0.1740973417957624, 0.12378911922375362, 0.12125165512164433, 0.10629286430776119, 0.1213839923342069, 0.11961422612269719, 0.16911292572816214, 0.11474565168221791, 0.09409961104393005, 0.14206358045339584, 0.15333406875530878, 0.15001603215932846, 0.16540748129288355, 0.09897567083438237, 0.10473788902163506, 0.12898326168457666, 0.12447981784741084, 0.08028936137755711], "ood_acc": [0.11900000274181366, 0.21800000965595245, 0.27300000190734863, 0.3100000023841858, 0.3240000009536743, 0.3620000183582306, 0.37700000405311584, 0.3970000147819519, 0.3970000147819519, 0.37400001287460327, 0.40400001406669617, 0.4150000214576721, 0.38700002431869507, 0.4150000214576721, 0.39000001549720764, 0.41600000858306885, 0.4020000100135803, 0.42100003361701965, 0.4270000159740448, 0.39900001883506775, 0.41700002551078796, 0.42500001192092896, 0.4360000193119049, 0.42100003361701965, 0.4180000126361847, 0.4400000274181366, 0.4220000207424164, 0.4180000126361847, 0.38600000739097595, 0.4240000247955322, 0.4190000295639038, 0.41700002551078796, 0.3700000047683716, 0.3970000147819519, 0.40400001406669617, 0.41100001335144043, 0.3920000195503235, 0.3960000276565552, 0.3840000033378601, 0.398000031709671, 0.3850000202655792, 0.406000018119812, 0.37700000405311584, 0.4050000309944153, 0.3960000276565552, 0.4100000262260437, 0.40400001406669617, 0.3840000033378601, 0.3890000283718109, 0.4280000329017639, 0.42900002002716064], "ood_ce": [2.3005263805389404, 2.210706949234009, 2.037539482116699, 1.9592039585113525, 2.059154987335205, 2.0210912227630615, 1.9883941411972046, 2.057407855987549, 1.9676377773284912, 2.3339216709136963, 2.2302486896514893, 2.1198296546936035, 2.5635762214660645, 2.5890820026397705, 2.4355974197387695, 2.499069929122925, 2.873044967651367, 2.806636333465576, 2.779547691345215, 2.794981002807617, 3.0026535987854004, 2.733994960784912, 2.889888286590576, 2.9658195972442627, 2.8679778575897217, 2.857398271560669, 3.0424861907958984, 3.3046958446502686, 3.41245698928833, 3.3281726837158203, 3.102360486984253, 3.1263599395751953, 3.145630359649658, 2.8657302856445312, 3.1531693935394287, 3.2688069343566895, 3.5617494583129883, 3.461036443710327, 3.5668258666992188, 3.5082104206085205, 3.605907678604126, 3.3576066493988037, 4.0924506187438965, 4.088932037353516, 3.9841091632843018, 3.885138511657715, 3.9360368251800537, 3.5696961879730225, 3.722435235977173, 3.8274807929992676, 3.6213152408599854]}