{"step": [0, 30, 60, 90, 120, 150, 180, 210, 240, 270, 300, 330, 360, 390, 420, 450, 480, 510, 540, 570, 600, 630, 660, 690, 720, 750, 780, 810, 840, 870, 900, 930, 960, 990, 1020, 1050, 1080, 1110, 1140, 1170, 1200, 1230, 1260, 1290, 1320, 1350, 1380, 1410, 1440, 1470, 1499], "train": [2.289719343185425, 2.047243356704712, 1.6423049370447795, 1.3092602888743083, 0.9747729897499084, 0.7618195017178854, 0.5864879091580709, 0.4972596764564514, 0.4168342848618825, 0.3623431672652562, 0.33275560041268665, 0.3065875917673111, 0.2574315716822942, 0.22789437572161356, 0.2234103282292684, 0.18885235985120138, 0.18574649095535278, 0.22817735622326532, 0.17763138314088187, 0.20280014723539352, 0.15817376226186752, 0.13035831103722254, 0.15070110807816187, 0.16807644565900168, 0.13625286519527435, 0.16026366502046585, 0.1302157292763392, 0.09605169296264648, 0.19862294693787894, 0.12330615768829982, 0.1179015835126241, 0.09361711516976357, 0.23378064731756845, 0.10966662565867107, 0.06684216236074765, 0.07535902534921964, 0.10781080275774002, 0.14532559861739477, 0.10771264880895615, 0.11600926518440247, 0.12108740210533142, 0.10153557608524959, 0.08150434866547585, 0.08476939052343369, 0.0724317729473114, 0.36013779044151306, 0.11976534376541774, 0.12127606570720673, 0.1109089528520902, 0.125028428932031, 0.13880247126022974], "ood_acc": [0.1120000034570694, 0.23000000417232513, 0.27900001406669617, 0.2970000207424164, 0.31700000166893005, 0.3500000238418579, 0.39400002360343933, 0.38600000739097595, 0.3830000162124634, 0.4130000174045563, 0.43700000643730164, 0.46400001645088196, 0.4220000207424164, 0.4360000193119049, 0.45600003004074097, 0.4490000307559967, 0.4220000207424164, 0.4350000321865082, 0.42100003361701965, 0.4480000138282776, 0.39400002360343933, 0.4280000329017639, 0.41600000858306885, 0.39400002360343933, 0.42900002002716064, 0.4360000193119049, 0.4130000174045563, 0.45500001311302185, 0.4440000355243683, 0.4270000159740448, 0.3930000066757202, 0.42900002002716064, 0.36900001764297485, 0.42500001192092896, 0.4350000321865082, 0.4310000240802765, 0.39900001883506775, 0.4010000228881836, 0.4010000228881836, 0.41200003027915955, 0.36900001764297485, 0.3790000081062317, 0.41600000858306885, 0.41700002551078796, 0.41700002551078796, 0.3700000047683716, 0.3960000276565552, 0.38200002908706665, 0.4010000228881836, 0.4000000059604645, 0.39100003242492676], "ood_ce": [2.3007583618164062, 2.1633691787719727, 1.9849827289581299, 1.9518831968307495, 1.9591079950332642, 1.9663759469985962, 1.9680006504058838, 1.9874988794326782, 2.0903830528259277, 2.0926883220672607, 2.0484225749969482, 2.221449851989746, 2.273027181625366, 2.2650768756866455, 2.2063658237457275, 2.3820865154266357, 2.5090174674987793, 2.4176106452941895, 2.4650607109069824, 2.600867748260498, 2.8417930603027344, 2.752411365509033, 2.8523662090301514, 2.6631226539611816, 2.892977237701416, 2.6401705741882324, 2.745988368988037, 2.8135480880737305, 2.8687825202941895, 2.9968783855438232, 2.933945655822754, 2.8712213039398193, 2.9918606281280518, 2.665998935699463, 2.988126039505005, 3.2000393867492676, 3.3775196075439453, 3.195167303085327, 3.172682762145996, 3.06479549407959, 3.160062789916992, 3.0371687412261963, 3.321059465408325, 3.6692299842834473, 3.192568063735962, 3.454045295715332, 3.1573972702026367, 3.2593014240264893, 3.3893940448760986, 3.526935577392578, 3.661144256591797]}