{"step": [0, 30, 60, 90, 120, 150, 180, 210, 240, 270, 300, 330, 360, 390, 420, 450, 480, 510, 540, 570, 600, 630, 660, 690, 720, 750, 780, 810, 840, 870, 900, 930, 960, 990, 1020, 1050, 1080, 1110, 1140, 1170, 1200, 1230, 1260, 1290, 1320, 1350, 1380, 1410, 1440, 1470, 1499], "train": [2.3100438912709556, 2.1090896129608154, 1.7210946083068848, 1.315859317779541, 1.013188620408376, 0.8128823240598043, 0.6714657147725424, 0.5769429008165995, 0.48262931903203327, 0.4571010172367096, 0.4201195438702901, 0.3362611283858617, 0.34566181898117065, 0.2697427918513616, 0.2681214213371277, 0.27613689998785657, 0.2342819074789683, 0.2185417115688324, 0.19065268834431967, 0.17665371298789978, 0.16566654543081918, 0.18147453665733337, 0.1633059655626615, 0.16491249948740005, 0.1465734119216601, 0.15638461709022522, 0.12292215476433437, 0.1265238473812739, 0.10834923634926479, 0.16354389985402426, 0.14013606309890747, 0.12336433430512746, 0.1154693787296613, 0.10822598139444987, 0.11613032718499501, 0.23597692201534906, 0.1106137956182162, 0.1559704045454661, 0.09876478711764018, 0.0959189347922802, 0.11977387716372807, 0.10222993418574333, 0.16271148125330606, 0.1470639854669571, 0.12636344134807587, 0.11228184401988983, 0.1408531740307808, 0.1382384126385053, 0.12132227669159572, 0.08039886876940727, 0.07885085791349411], "ood_acc": [0.07500000298023224, 0.2370000183582306, 0.289000004529953, 0.2840000092983246, 0.3160000145435333, 0.36500000953674316, 0.367000013589859, 0.4150000214576721, 0.40700000524520874, 0.39400002360343933, 0.41600000858306885, 0.4050000309944153, 0.44300001859664917, 0.44600000977516174, 0.4050000309944153, 0.4480000138282776, 0.44200003147125244, 0.4570000171661377, 0.42500001192092896, 0.4540000259876251, 0.4300000071525574, 0.44300001859664917, 0.45900002121925354, 0.44600000977516174, 0.4270000159740448, 0.43400001525878906, 0.44600000977516174, 0.45500001311302185, 0.42900002002716064, 0.42900002002716064, 0.40700000524520874, 0.4350000321865082, 0.4610000252723694, 0.4300000071525574, 0.44200003147125244, 0.42000001668930054, 0.42500001192092896, 0.4350000321865082, 0.4280000329017639, 0.4360000193119049, 0.4480000138282776, 0.43400001525878906, 0.39900001883506775, 0.41700002551078796, 0.4010000228881836, 0.406000018119812, 0.4010000228881836, 0.4190000295639038, 0.4360000193119049, 0.4320000112056732, 0.4010000228881836], "ood_ce": [2.309131383895874, 2.1737682819366455, 1.964223861694336, 1.9673863649368286, 1.9979133605957031, 1.938873291015625, 2.2138426303863525, 1.9114807844161987, 2.0022077560424805, 2.294724464416504, 2.2447612285614014, 2.371546983718872, 2.2506322860717773, 2.2303626537323, 2.431495428085327, 2.264525890350342, 2.4509634971618652, 2.410245180130005, 2.6737775802612305, 2.371715784072876, 2.4498844146728516, 2.4965009689331055, 2.43908953666687, 2.8160595893859863, 3.0696465969085693, 2.8963449001312256, 2.9666547775268555, 3.1671292781829834, 2.849303960800171, 2.932197093963623, 3.3093314170837402, 3.0229239463806152, 2.781446933746338, 3.3117804527282715, 3.4718830585479736, 4.138341903686523, 3.113577365875244, 3.096008062362671, 3.3483121395111084, 3.3073720932006836, 3.2530839443206787, 3.286576986312866, 3.583186149597168, 3.2804641723632812, 3.5584073066711426, 3.610703706741333, 3.5330123901367188, 3.202176809310913, 3.0301530361175537, 3.542721748352051, 3.7368273735046387]}