{"step": [0, 30, 60, 90, 120, 150, 180, 210, 240, 270, 300, 330, 360, 390, 420, 450, 480, 510, 540, 570, 600, 630, 660, 690, 720, 750, 780, 810, 840, 870, 900, 930, 960, 990, 1020, 1050, 1080, 1110, 1140, 1170, 1200, 1230, 1260, 1290, 1320, 1350, 1380, 1410, 1440, 1470, 1499], "train": [2.294736703236898, 2.1248745123545327, 1.784612774848938, 1.35762623945872, 1.0587693452835083, 0.8113617300987244, 0.7190671960512797, 0.5619250734647115, 0.45958136518796283, 0.4466829796632131, 0.37935703496138257, 0.3447120537360509, 0.28209369877974194, 0.26458923021952313, 0.2516583899656932, 0.2368073264757792, 0.24440539131561914, 0.21874351302782694, 0.1798866962393125, 0.19945268829663595, 0.2095875938733419, 0.20312001804510751, 0.16289296994606653, 0.1840867499510447, 0.15584170818328857, 0.1601695865392685, 0.22094954053560892, 0.13331229984760284, 0.13786769906679788, 0.17308671275774637, 0.11415635049343109, 0.12484280516703923, 0.13843092819054922, 0.0991744523247083, 0.10402552038431168, 0.11875266830126445, 0.1400708705186844, 0.16413870453834534, 0.13612505048513412, 0.13405365000168482, 0.14107836534579596, 0.09289128581682841, 0.12833454956610998, 0.09902089089155197, 0.10645334670941035, 0.10110874970753987, 0.1480437715848287, 0.1155069787055254, 0.13699005171656609, 0.11131102964282036, 0.12133911748727162], "ood_acc": [0.11900000274181366, 0.2160000056028366, 0.24000000953674316, 0.28600001335144043, 0.31300002336502075, 0.3570000231266022, 0.3680000305175781, 0.3660000264644623, 0.3960000276565552, 0.38600000739097595, 0.4090000092983246, 0.4180000126361847, 0.3840000033378601, 0.43300002813339233, 0.3890000283718109, 0.42000001668930054, 0.4140000343322754, 0.43300002813339233, 0.4360000193119049, 0.4320000112056732, 0.44700002670288086, 0.45100003480911255, 0.4090000092983246, 0.4350000321865082, 0.40800002217292786, 0.4310000240802765, 0.39900001883506775, 0.445000022649765, 0.4220000207424164, 0.42600002884864807, 0.41600000858306885, 0.4180000126361847, 0.4140000343322754, 0.4440000355243683, 0.4350000321865082, 0.4350000321865082, 0.4190000295639038, 0.42500001192092896, 0.43800002336502075, 0.4360000193119049, 0.41600000858306885, 0.42900002002716064, 0.42600002884864807, 0.39900001883506775, 0.41600000858306885, 0.41200003027915955, 0.3710000216960907, 0.38100001215934753, 0.39900001883506775, 0.39000001549720764, 0.4100000262260437], "ood_ce": [2.3005263805389404, 2.207897663116455, 2.0463924407958984, 2.012788772583008, 2.3072211742401123, 2.0377204418182373, 2.1063382625579834, 2.179225444793701, 2.0690395832061768, 2.2647745609283447, 2.2173643112182617, 2.238377571105957, 2.5048999786376953, 2.3858768939971924, 2.4321954250335693, 2.505629301071167, 2.7564117908477783, 2.413109302520752, 2.518704652786255, 2.7734854221343994, 2.513561487197876, 2.5516185760498047, 2.8027360439300537, 2.926532506942749, 2.973388433456421, 3.0589914321899414, 3.317559003829956, 2.97491455078125, 3.247783660888672, 3.1422038078308105, 3.4490270614624023, 3.2943785190582275, 3.4521872997283936, 3.1729257106781006, 3.576106071472168, 3.8739235401153564, 3.5843286514282227, 3.1667697429656982, 3.2646517753601074, 3.2198429107666016, 3.30717134475708, 3.787501573562622, 3.8032851219177246, 3.3917105197906494, 3.0531067848205566, 3.2325990200042725, 3.540858268737793, 4.058465957641602, 3.6821651458740234, 3.524502754211426, 4.068463325500488]}