{"step": [0, 30, 60, 90, 120, 150, 180, 210, 240, 270, 300, 330, 360, 390, 420, 450, 480, 510, 540, 570, 600, 630, 660, 690, 720, 750, 780, 810, 840, 870, 900, 930, 960, 990, 1020, 1050, 1080, 1110, 1140, 1170, 1200, 1230, 1260, 1290, 1320, 1350, 1380, 1410, 1440, 1470, 1499], "train": [2.294736703236898, 2.125500758488973, 1.7854835589726765, 1.3580869833628337, 1.0576797326405842, 0.8133068879445394, 0.7338148355484009, 0.5579686959584554, 0.4556659758090973, 0.4470025300979614, 0.39955901106198627, 0.3864593307177226, 0.29453299442927044, 0.2962762862443924, 0.2397096852461497, 0.23069083938995996, 0.2491744657357534, 0.20757794380187988, 0.18990429987510046, 0.1954409455259641, 0.18636717895666757, 0.17776182542244592, 0.18073358635107675, 0.15630704164505005, 0.15857995798190436, 0.16143081585566202, 0.17336472868919373, 0.16215290377537409, 0.4254564344882965, 0.3085789332787196, 0.12883461515108743, 0.1725605751077334, 0.1873201703031858, 0.14639882743358612, 0.11826713879903157, 0.12343646834294002, 0.1292471836010615, 0.11847650508085887, 0.34069107969601947, 0.15406547486782074, 0.13994557907183966, 0.10986010233561198, 0.1781125987569491, 0.11305555204550426, 0.12484871844450633, 0.11522785325845082, 0.21254797031482062, 0.10742214942971866, 0.08989285677671432, 0.11848990619182587, 0.12110686798890431], "ood_acc": [0.11900000274181366, 0.2150000035762787, 0.23800000548362732, 0.28200000524520874, 0.31300002336502075, 0.36000001430511475, 0.3710000216960907, 0.3750000298023224, 0.40400001406669617, 0.3750000298023224, 0.40700000524520874, 0.4100000262260437, 0.3960000276565552, 0.4180000126361847, 0.4300000071525574, 0.44600000977516174, 0.398000031709671, 0.4350000321865082, 0.4360000193119049, 0.4320000112056732, 0.4360000193119049, 0.4150000214576721, 0.3970000147819519, 0.41200003027915955, 0.4090000092983246, 0.42100003361701965, 0.39400002360343933, 0.4140000343322754, 0.4280000329017639, 0.4320000112056732, 0.40700000524520874, 0.4050000309944153, 0.4190000295639038, 0.4230000078678131, 0.4480000138282776, 0.42100003361701965, 0.43800002336502075, 0.41100001335144043, 0.44200003147125244, 0.40800002217292786, 0.4150000214576721, 0.4390000104904175, 0.41100001335144043, 0.4050000309944153, 0.4240000247955322, 0.39900001883506775, 0.3490000069141388, 0.40400001406669617, 0.398000031709671, 0.4190000295639038, 0.406000018119812], "ood_ce": [2.3005263805389404, 2.208240270614624, 2.047434091567993, 2.0099408626556396, 2.3030130863189697, 2.0404586791992188, 2.101337432861328, 2.1490097045898438, 2.0930380821228027, 2.2819838523864746, 2.250878095626831, 2.2697861194610596, 2.4099056720733643, 2.552539825439453, 2.2069571018218994, 2.3537278175354004, 2.392713785171509, 2.5455527305603027, 2.5424768924713135, 2.5851552486419678, 2.6348562240600586, 2.6643054485321045, 2.759338140487671, 3.419933557510376, 3.247623920440674, 3.1418635845184326, 2.994267463684082, 3.152264356613159, 3.530968427658081, 3.864136219024658, 2.9950177669525146, 3.287064552307129, 3.430675983428955, 3.038341760635376, 2.9790940284729004, 3.1037051677703857, 3.5653247833251953, 3.6720566749572754, 4.165064811706543, 3.934943675994873, 3.607863187789917, 3.4248716831207275, 3.401843547821045, 3.421928644180298, 3.4654273986816406, 3.9126853942871094, 3.6433534622192383, 3.277395725250244, 3.9280545711517334, 3.9827868938446045, 4.18730354309082]}