{"step": [0, 30, 60, 90, 120, 150, 180, 210, 240, 270, 300, 330, 360, 390, 420, 450, 480, 510, 540, 570, 600, 630, 660, 690, 720, 750, 780, 810, 840, 870, 900, 930, 960, 990, 1020, 1050, 1080, 1110, 1140, 1170, 1200, 1230, 1260, 1290, 1320, 1350, 1380, 1410, 1440, 1470, 1499], "train": [2.2990516821543374, 2.0550846258799234, 1.6783606608708699, 1.2664535840352376, 1.044270356496175, 0.7945081988970438, 0.6359983483950297, 0.5638697842756907, 0.5050427118937174, 0.42368897795677185, 0.4183388650417328, 0.3248385439316432, 0.3268565386533737, 0.3222995549440384, 0.24652276933193207, 0.24696165571610132, 0.2200294261177381, 0.23573489487171173, 0.22124133259058, 0.20754119257132211, 0.2069463630517324, 0.19101248681545258, 0.23722504576047262, 0.18943937122821808, 0.1623320703705152, 0.17023206253846487, 0.13474115232626596, 0.18168329695860544, 0.1521491159995397, 0.11934492737054825, 0.0981147289276123, 0.1591338813304901, 0.10561555499831836, 0.12977843979994455, 0.10508930807312329, 0.13940022637446722, 0.1412749911348025, 0.10077413668235143, 0.12506118913491568, 0.09342042605082194, 0.11922508478164673, 0.09146776422858238, 0.12167839705944061, 0.10629060119390488, 0.12725629284977913, 0.16956544915835062, 0.19343187908331552, 0.15064439674218497, 0.07779048879941304, 0.09661294519901276, 0.09129292517900467], "ood_acc": [0.10000000149011612, 0.21900001168251038, 0.2580000162124634, 0.2540000081062317, 0.3500000238418579, 0.35200002789497375, 0.3760000169277191, 0.39000001549720764, 0.398000031709671, 0.406000018119812, 0.42900002002716064, 0.40400001406669617, 0.40400001406669617, 0.41200003027915955, 0.39900001883506775, 0.42100003361701965, 0.4270000159740448, 0.4300000071525574, 0.44300001859664917, 0.42600002884864807, 0.4220000207424164, 0.42100003361701965, 0.3890000283718109, 0.42600002884864807, 0.41700002551078796, 0.4540000259876251, 0.4320000112056732, 0.4400000274181366, 0.3960000276565552, 0.4190000295639038, 0.4230000078678131, 0.4310000240802765, 0.4190000295639038, 0.4180000126361847, 0.42900002002716064, 0.4230000078678131, 0.4410000145435333, 0.398000031709671, 0.4020000100135803, 0.3930000066757202, 0.4020000100135803, 0.41200003027915955, 0.3970000147819519, 0.40300002694129944, 0.39900001883506775, 0.39100003242492676, 0.4100000262260437, 0.39400002360343933, 0.398000031709671, 0.4010000228881836, 0.40300002694129944], "ood_ce": [2.3157217502593994, 2.180267095565796, 2.0118632316589355, 2.1290225982666016, 2.31856107711792, 2.1438889503479004, 2.1473701000213623, 2.16935133934021, 2.3007380962371826, 2.2989368438720703, 2.6018426418304443, 2.4512767791748047, 2.421510934829712, 2.527604579925537, 2.628058671951294, 2.7858998775482178, 2.649658441543579, 2.9769346714019775, 2.7831976413726807, 2.917203426361084, 2.971682071685791, 2.9476888179779053, 3.1557576656341553, 2.95717716217041, 2.4499382972717285, 2.7273740768432617, 2.9088447093963623, 3.024482488632202, 3.1870744228363037, 3.4421677589416504, 3.643728494644165, 3.929039716720581, 3.1129589080810547, 3.2295877933502197, 3.441770076751709, 4.130771636962891, 3.775266647338867, 3.7621872425079346, 3.211474657058716, 3.2183940410614014, 3.3516945838928223, 3.626699447631836, 3.3768537044525146, 3.4490842819213867, 3.810692548751831, 4.031650543212891, 4.225555896759033, 4.184285640716553, 4.025432109832764, 3.559328556060791, 3.521378517150879]}