{"step": [0, 30, 60, 90, 120, 150, 180, 210, 240, 270, 300, 330, 360, 390, 420, 450, 480, 510, 540, 570, 600, 630, 660, 690, 720, 750, 780, 810, 840, 870, 900, 930, 960, 990, 1020, 1050, 1080, 1110, 1140, 1170, 1200, 1230, 1260, 1290, 1320, 1350, 1380, 1410, 1440, 1470, 1499], "train": [2.294736703236898, 2.1171032587687173, 1.7458603382110596, 1.3689595063527424, 1.040532648563385, 0.8030868967374166, 0.6557535727818807, 0.544986883799235, 0.43684379756450653, 0.3976764778296153, 0.34500667452812195, 0.32835523784160614, 0.24584526817003885, 0.2548301915327708, 0.22122175494829813, 0.2217347969611486, 0.21147159238656363, 0.1883758157491684, 0.1600268358985583, 0.1707139884432157, 0.19611753523349762, 0.15702228248119354, 0.15980731944243112, 0.14321639388799667, 0.10070911049842834, 0.15576068560282388, 0.1544808695713679, 0.13519195715586343, 0.17019256949424744, 0.15478832026322684, 0.1316088562210401, 0.13150997459888458, 0.10963478311896324, 0.12196700026591618, 0.106101060907046, 0.11570257941881816, 0.09269511078794797, 0.12484539051850636, 0.12987740089495978, 0.1015876332918803, 0.11814463635285695, 0.14295653502146402, 0.13255675137043, 0.19375113149484, 0.10551250229279201, 0.12707777072985968, 0.08685872579614322, 0.09294385214646657, 0.11940993120272954, 0.09962521245082219, 0.08181961625814438], "ood_acc": [0.11900000274181366, 0.2200000137090683, 0.2750000059604645, 0.30300000309944153, 0.3330000042915344, 0.3700000047683716, 0.3930000066757202, 0.38600000739097595, 0.38600000739097595, 0.37700000405311584, 0.39000001549720764, 0.3970000147819519, 0.3960000276565552, 0.4140000343322754, 0.4050000309944153, 0.43300002813339233, 0.40700000524520874, 0.40800002217292786, 0.39500001072883606, 0.42000001668930054, 0.41200003027915955, 0.42900002002716064, 0.4050000309944153, 0.4020000100135803, 0.42000001668930054, 0.4300000071525574, 0.4020000100135803, 0.44300001859664917, 0.44600000977516174, 0.42500001192092896, 0.39100003242492676, 0.38200002908706665, 0.4230000078678131, 0.4090000092983246, 0.4100000262260437, 0.42000001668930054, 0.4150000214576721, 0.4280000329017639, 0.37400001287460327, 0.40700000524520874, 0.39100003242492676, 0.406000018119812, 0.4100000262260437, 0.4100000262260437, 0.4190000295639038, 0.40400001406669617, 0.40400001406669617, 0.39000001549720764, 0.38100001215934753, 0.4220000207424164, 0.39900001883506775], "ood_ce": [2.3005263805389404, 2.2073583602905273, 2.0358660221099854, 1.9458712339401245, 2.0000786781311035, 1.8965332508087158, 1.870909333229065, 2.1040782928466797, 2.023019313812256, 2.160935401916504, 2.1816060543060303, 2.1020102500915527, 2.311119556427002, 2.4181413650512695, 2.406470775604248, 2.419616222381592, 2.8873958587646484, 2.6723921298980713, 2.8480288982391357, 2.8972229957580566, 2.666806221008301, 2.807488441467285, 3.246363639831543, 3.2940616607666016, 3.320821523666382, 3.1991217136383057, 3.0378081798553467, 2.895841360092163, 2.8230035305023193, 3.017019748687744, 3.210719347000122, 3.1147007942199707, 2.8129477500915527, 3.2320752143859863, 3.377941846847534, 3.261782169342041, 3.75028920173645, 3.6865792274475098, 3.5154192447662354, 3.3224055767059326, 3.865931510925293, 4.336155891418457, 4.011804103851318, 3.9416894912719727, 3.785881757736206, 3.649153232574463, 4.0293803215026855, 4.156087398529053, 4.062536239624023, 3.5909013748168945, 3.8024404048919678]}