{"step": [0, 30, 60, 90, 120, 150, 180, 210, 240, 270, 300, 330, 360, 390, 420, 450, 480, 510, 540, 570, 600, 630, 660, 690, 720, 750, 780, 810, 840, 870, 900, 930, 960, 990, 1020, 1050, 1080, 1110, 1140, 1170, 1200, 1230, 1260, 1290, 1320, 1350, 1380, 1410, 1440, 1470, 1499], "train": [2.3100438912709556, 2.1144712766011557, 1.7517644166946411, 1.3351791699727376, 1.0058491826057434, 0.8114173611005148, 0.6733380854129791, 0.6053329010804495, 0.49816320339838666, 0.4768609007199605, 0.39371074239412945, 0.3725129912296931, 0.35640829304854077, 0.33125217258930206, 0.2692940632502238, 0.24124370018641153, 0.226246307293574, 0.25859856108824414, 0.19675423204898834, 0.21464900175730386, 0.18877495328585306, 0.1916202207406362, 0.15378165990114212, 0.16050548354784647, 0.26180143157641095, 0.15074590345223746, 0.16776502132415771, 0.1297712524731954, 0.13061865170796713, 0.13937182476123175, 0.11395666251579921, 0.12091135109464328, 0.18805346389611563, 0.12218852589527766, 0.12688608219226202, 0.1362223153313001, 0.10978877296050389, 0.13301148265600204, 0.12350214769442876, 0.12331211815277736, 0.13627160340547562, 0.14413133760293326, 0.16214747230211893, 0.09813048938910167, 0.08281057700514793, 0.08660094439983368, 0.10151781762639682, 0.08555731425682704, 0.09918440133333206, 0.1227228914697965, 0.12011255323886871], "ood_acc": [0.07500000298023224, 0.23500001430511475, 0.27300000190734863, 0.2590000033378601, 0.30100002884864807, 0.3660000264644623, 0.3630000054836273, 0.40400001406669617, 0.39400002360343933, 0.40700000524520874, 0.4180000126361847, 0.4000000059604645, 0.3960000276565552, 0.4520000219345093, 0.406000018119812, 0.4310000240802765, 0.43300002813339233, 0.41200003027915955, 0.4570000171661377, 0.4100000262260437, 0.4390000104904175, 0.40800002217292786, 0.4270000159740448, 0.4230000078678131, 0.43800002336502075, 0.41600000858306885, 0.46800002455711365, 0.4350000321865082, 0.42500001192092896, 0.4230000078678131, 0.4240000247955322, 0.47200003266334534, 0.42500001192092896, 0.4350000321865082, 0.4400000274181366, 0.4050000309944153, 0.3830000162124634, 0.4270000159740448, 0.445000022649765, 0.43700000643730164, 0.4150000214576721, 0.3970000147819519, 0.4270000159740448, 0.4490000307559967, 0.40400001406669617, 0.41200003027915955, 0.41200003027915955, 0.44700002670288086, 0.42000001668930054, 0.39000001549720764, 0.42000001668930054], "ood_ce": [2.309131383895874, 2.176190137863159, 1.9602850675582886, 2.0256612300872803, 2.1863129138946533, 2.0873043537139893, 2.373185396194458, 2.0919225215911865, 2.069260835647583, 2.190901517868042, 2.2446975708007812, 2.4016668796539307, 2.413005828857422, 2.3858296871185303, 2.5066142082214355, 2.4436628818511963, 2.5645453929901123, 2.8973939418792725, 2.705411672592163, 2.8887901306152344, 2.8727686405181885, 2.533078193664551, 2.4279000759124756, 2.687366485595703, 2.816728353500366, 2.75089693069458, 2.7098329067230225, 2.9975712299346924, 3.2354133129119873, 3.1219241619110107, 2.8638505935668945, 2.5988707542419434, 3.072794198989868, 2.953604221343994, 2.8792319297790527, 3.482576370239258, 3.2419590950012207, 3.2820327281951904, 3.2043862342834473, 3.249035596847534, 3.3815131187438965, 3.353463888168335, 3.3173987865448, 3.237199306488037, 3.2030649185180664, 3.3313324451446533, 3.5864078998565674, 3.288024425506592, 3.5055196285247803, 3.3426895141601562, 3.1029207706451416]}