{"step": [0, 30, 60, 90, 120, 150, 180, 210, 240, 270, 300, 330, 360, 390, 420, 450, 480, 510, 540, 570, 600, 630, 660, 690, 720, 750, 780, 810, 840, 870, 900, 930, 960, 990, 1020, 1050, 1080, 1110, 1140, 1170, 1200, 1230, 1260, 1290, 1320, 1350, 1380, 1410, 1440, 1470, 1499], "train": [2.294736623764038, 2.1201331615448, 1.7586860656738281, 1.4066338539123535, 1.0676033695538838, 0.8209219972292582, 0.6520686546961466, 0.542684018611908, 0.42772561808427173, 0.39669643342494965, 0.3354109177986781, 0.32702907423178357, 0.25260789940754574, 0.2713673859834671, 0.2282383069396019, 0.23132002353668213, 0.20412144561608633, 0.21771343549092612, 0.1888255476951599, 0.3138326207796733, 0.17192128797372183, 0.1587018445134163, 0.14257265875736871, 0.16808726886908212, 0.13756143053372702, 0.19507537285486856, 0.1511123701930046, 0.14390880117813745, 0.2635351022084554, 0.24243675669034323, 0.10621042177081108, 0.14515539010365805, 0.12808005263408026, 0.08853478481372197, 0.19094039251406988, 0.14052578061819077, 0.14302919805049896, 0.14815778781970343, 0.09627727667490642, 0.1620198910435041, 0.14244523147741953, 0.08333043629924457, 0.1882122109333674, 0.13063903152942657, 0.11442582309246063, 0.12491230418284734, 0.09376186380783717, 0.19974643737077713, 0.13856388628482819, 0.1497644235690435, 0.11489634464184444], "ood_acc": [0.11900000274181366, 0.22300000488758087, 0.2639999985694885, 0.30900001525878906, 0.3290000259876251, 0.3760000169277191, 0.39900001883506775, 0.39400002360343933, 0.39900001883506775, 0.3840000033378601, 0.38200002908706665, 0.4020000100135803, 0.40700000524520874, 0.4270000159740448, 0.4140000343322754, 0.4300000071525574, 0.4000000059604645, 0.42000001668930054, 0.4130000174045563, 0.4240000247955322, 0.41600000858306885, 0.4300000071525574, 0.4320000112056732, 0.4140000343322754, 0.40700000524520874, 0.4280000329017639, 0.42000001668930054, 0.40800002217292786, 0.3750000298023224, 0.39900001883506775, 0.3960000276565552, 0.398000031709671, 0.4020000100135803, 0.4100000262260437, 0.4310000240802765, 0.4100000262260437, 0.41700002551078796, 0.39500001072883606, 0.42600002884864807, 0.40800002217292786, 0.4020000100135803, 0.42600002884864807, 0.4140000343322754, 0.4220000207424164, 0.43300002813339233, 0.43300002813339233, 0.44300001859664917, 0.4020000100135803, 0.42000001668930054, 0.4050000309944153, 0.41700002551078796], "ood_ce": [2.3005263805389404, 2.20996356010437, 2.042950391769409, 1.931259036064148, 1.960695505142212, 1.885247826576233, 1.8733841180801392, 2.0298290252685547, 1.9863826036453247, 2.255681037902832, 2.2591445446014404, 2.136176824569702, 2.514721393585205, 2.3532981872558594, 2.365985155105591, 2.5570998191833496, 2.7009003162384033, 2.8386640548706055, 2.992795467376709, 2.9205172061920166, 2.8972036838531494, 2.92594051361084, 2.7738308906555176, 2.9227170944213867, 3.1289918422698975, 3.016279697418213, 3.372570514678955, 3.5633955001831055, 4.073009967803955, 3.2336490154266357, 3.2358546257019043, 3.1767125129699707, 3.4248600006103516, 3.3918299674987793, 3.447967052459717, 3.660262107849121, 3.6460635662078857, 3.388786554336548, 3.5453474521636963, 3.925586700439453, 3.897952079772949, 3.71838116645813, 3.6645398139953613, 3.4703845977783203, 3.5378341674804688, 3.5614113807678223, 3.4465532302856445, 3.5345520973205566, 3.5406248569488525, 3.854034900665283, 3.4297215938568115]}