{"step": [0, 30, 60, 90, 120, 150, 180, 210, 240, 270, 300, 330, 360, 390, 420, 450, 480, 510, 540, 570, 600, 630, 660, 690, 720, 750, 780, 810, 840, 870, 900, 930, 960, 990, 1020, 1050, 1080, 1110, 1140, 1170, 1200, 1230, 1260, 1290, 1320, 1350, 1380, 1410, 1440, 1470, 1499], "train": [2.289719343185425, 2.0502304236094155, 1.6615895827611287, 1.3654543956120808, 0.9846695065498352, 0.7657823959986368, 0.6047200659910837, 0.510556956132253, 0.4557864268620809, 0.3815566599369049, 0.345590407649676, 0.3383990426858266, 0.2705806295077006, 0.2419897516568502, 0.2791496366262436, 0.20390198131402335, 0.19805410504341125, 0.20140009125073752, 0.20727908611297607, 0.17687212924162546, 0.1890025188525518, 0.1458761915564537, 0.15253537396589914, 0.12031115964055061, 0.17446208000183105, 0.17884992559750876, 0.13965888197223345, 0.11439887930949529, 0.17888478934764862, 0.1440334344903628, 0.14938485870758691, 0.1235682728389899, 0.09874812513589859, 0.1996047298113505, 0.10842267796397209, 0.11279912541309993, 0.11405632148186366, 0.09363094717264175, 0.0787653314570586, 0.09620580573876698, 0.12236933658520381, 0.10780818263689677, 0.11022727439800899, 0.13507337992389998, 0.10105734566847484, 0.09424792726834615, 0.09769897659619649, 0.10749310006697972, 0.2361292466521263, 0.13460169235865274, 0.10094249993562698], "ood_acc": [0.1120000034570694, 0.24700000882148743, 0.28200000524520874, 0.31200000643730164, 0.3110000193119049, 0.33800002932548523, 0.3840000033378601, 0.39500001072883606, 0.3920000195503235, 0.41100001335144043, 0.43800002336502075, 0.43700000643730164, 0.43700000643730164, 0.4360000193119049, 0.453000009059906, 0.42600002884864807, 0.4130000174045563, 0.42900002002716064, 0.4090000092983246, 0.44600000977516174, 0.45900002121925354, 0.46400001645088196, 0.44200003147125244, 0.4010000228881836, 0.4320000112056732, 0.4440000355243683, 0.4130000174045563, 0.4350000321865082, 0.4540000259876251, 0.41200003027915955, 0.4230000078678131, 0.4300000071525574, 0.42500001192092896, 0.39900001883506775, 0.4300000071525574, 0.43300002813339233, 0.41200003027915955, 0.406000018119812, 0.4150000214576721, 0.40700000524520874, 0.3970000147819519, 0.4010000228881836, 0.40700000524520874, 0.4000000059604645, 0.41100001335144043, 0.4300000071525574, 0.41600000858306885, 0.41700002551078796, 0.40300002694129944, 0.39000001549720764, 0.4010000228881836], "ood_ce": [2.3007583618164062, 2.1671769618988037, 1.9980340003967285, 2.0133824348449707, 2.0334835052490234, 2.1581640243530273, 2.088132858276367, 1.9964869022369385, 2.111704111099243, 2.0708372592926025, 2.01004695892334, 2.2186968326568604, 2.252483367919922, 2.1768434047698975, 2.1880931854248047, 2.347902774810791, 2.448509931564331, 2.6504299640655518, 2.5680949687957764, 2.4104607105255127, 2.597743034362793, 2.37894868850708, 2.532663583755493, 2.780496120452881, 2.9108927249908447, 2.9550578594207764, 2.6405715942382812, 2.682298183441162, 3.0032389163970947, 3.321399450302124, 3.276744842529297, 3.0590713024139404, 2.964672088623047, 3.4812142848968506, 3.184478998184204, 3.153336524963379, 3.009159564971924, 2.8998467922210693, 3.1415460109710693, 3.425058126449585, 3.890603542327881, 3.5872833728790283, 3.491053819656372, 3.3226890563964844, 3.31121826171875, 3.233210802078247, 3.711498737335205, 3.4517593383789062, 3.6606476306915283, 3.2131600379943848, 3.1737098693847656]}