{"step": [0, 30, 60, 90, 120, 150, 180, 210, 240, 270, 300, 330, 360, 390, 420, 450, 480, 510, 540, 570, 600, 630, 660, 690, 720, 750, 780, 810, 840, 870, 900, 930, 960, 990, 1020, 1050, 1080, 1110, 1140, 1170, 1200, 1230, 1260, 1290, 1320, 1350, 1380, 1410, 1440, 1470, 1499], "train": [2.289719343185425, 2.053060213724772, 1.6526171763737996, 1.282892902692159, 0.9748304486274719, 0.7354751725991567, 0.6564043164253235, 0.5335670014222463, 0.4627731641133626, 0.4266813099384308, 0.3774735728899638, 0.3318997224171956, 0.2893588145573934, 0.23877806464831033, 0.21813751260439554, 0.2300440619389216, 0.22333084543546042, 0.19677955905596414, 0.19103139638900757, 0.2811160981655121, 0.18212510645389557, 0.2053803727030754, 0.13422602663437525, 0.16237142185370126, 0.13330628474553427, 0.1290901154279709, 0.1485870455702146, 0.10830022146304448, 0.12506782511870065, 0.12077785283327103, 0.16027618447939554, 0.168223907550176, 0.113728533188502, 0.09972971801956494, 0.09830077240864436, 0.1032705157995224, 0.15896286070346832, 0.1544372464219729, 0.09558349847793579, 0.1146831934650739, 0.09266203517715137, 0.11286708215872447, 0.12258925537268321, 0.09727794925371806, 0.12427153686682384, 0.09898423900206883, 0.09499643743038177, 0.10283627981940906, 0.09921869387229283, 0.11190676937500636, 0.12494520097970963], "ood_acc": [0.1120000034570694, 0.20000000298023224, 0.28600001335144043, 0.28700000047683716, 0.2970000207424164, 0.3490000069141388, 0.3850000202655792, 0.38100001215934753, 0.37400001287460327, 0.4240000247955322, 0.4350000321865082, 0.4220000207424164, 0.41600000858306885, 0.45000001788139343, 0.46700000762939453, 0.4230000078678131, 0.41700002551078796, 0.406000018119812, 0.3880000114440918, 0.42600002884864807, 0.4310000240802765, 0.45500001311302185, 0.44300001859664917, 0.4280000329017639, 0.42000001668930054, 0.43300002813339233, 0.4180000126361847, 0.4350000321865082, 0.4350000321865082, 0.4090000092983246, 0.42500001192092896, 0.4090000092983246, 0.41700002551078796, 0.43700000643730164, 0.43400001525878906, 0.4050000309944153, 0.4280000329017639, 0.4050000309944153, 0.3920000195503235, 0.398000031709671, 0.4000000059604645, 0.3930000066757202, 0.4130000174045563, 0.3960000276565552, 0.39100003242492676, 0.3930000066757202, 0.42100003361701965, 0.41200003027915955, 0.37800002098083496, 0.4220000207424164, 0.38200002908706665], "ood_ce": [2.3007583618164062, 2.166487693786621, 1.9898215532302856, 2.01690936088562, 2.1041407585144043, 2.0940375328063965, 2.070352077484131, 1.9620505571365356, 2.171138048171997, 2.0758941173553467, 2.0933735370635986, 2.2646963596343994, 2.3404033184051514, 2.2654495239257812, 2.228792667388916, 2.4528005123138428, 2.521629571914673, 2.5766665935516357, 2.856732130050659, 2.5020174980163574, 2.371528148651123, 2.708132743835449, 2.6354901790618896, 2.4573163986206055, 2.677058458328247, 2.745648145675659, 2.664139747619629, 2.8217923641204834, 3.003570318222046, 2.929882764816284, 3.0739572048187256, 2.8370540142059326, 2.8597545623779297, 2.9729764461517334, 3.345686674118042, 3.182298421859741, 3.2243478298187256, 3.0810022354125977, 3.1086833477020264, 3.088738441467285, 3.583192825317383, 3.695357084274292, 3.3124921321868896, 3.353321075439453, 3.144275426864624, 3.445283889770508, 3.278730630874634, 3.841613531112671, 3.821754217147827, 3.71980619430542, 4.084446430206299]}