{"step": [0, 30, 60, 90, 120, 150, 180, 210, 240, 270, 300, 330, 360, 390, 420, 450, 480, 510, 540, 570, 600, 630, 660, 690, 720, 750, 780, 810, 840, 870, 900, 930, 960, 990, 1020, 1050, 1080, 1110, 1140, 1170, 1200, 1230, 1260, 1290, 1320, 1350, 1380, 1410, 1440, 1470, 1499], "train": [2.2990516821543374, 2.0430450439453125, 1.6205706199010212, 1.2530899047851562, 0.9722324808438619, 0.7355307042598724, 0.6013430257638296, 0.5179357727368673, 0.46732330322265625, 0.3997901876767476, 0.3617246150970459, 0.31728861729304, 0.27375323077042896, 0.29275117814540863, 0.2531388650337855, 0.24197860062122345, 0.18742561091979346, 0.21530038118362427, 0.1949895073970159, 0.16867101192474365, 0.17320614059766135, 0.15119839211304983, 0.13501695295174918, 0.1779587964216868, 0.17420797795057297, 0.19703235973914465, 0.11558433373769124, 0.08399498462677002, 0.10018537441889445, 0.11174950997034709, 0.1408651421467463, 0.1120492493112882, 0.09595957646767299, 0.11904227981964748, 0.11589712897936504, 0.14640975991884866, 0.11213892201582591, 0.13329009215037027, 0.11204927911361058, 0.09821040680011113, 0.12439512958129247, 0.10323286553223927, 0.13963413735230765, 0.07521632810433705, 0.11738181114196777, 0.12912250558535257, 0.10809862116972606, 0.1213794747988383, 0.11614678303400676, 0.1150972346464793, 0.07064182808001836], "ood_acc": [0.10000000149011612, 0.2200000137090683, 0.2710000276565552, 0.28300002217292786, 0.35200002789497375, 0.3570000231266022, 0.3960000276565552, 0.4090000092983246, 0.41600000858306885, 0.4000000059604645, 0.4140000343322754, 0.41600000858306885, 0.4010000228881836, 0.40800002217292786, 0.4050000309944153, 0.4300000071525574, 0.4300000071525574, 0.4270000159740448, 0.3880000114440918, 0.4360000193119049, 0.4220000207424164, 0.4000000059604645, 0.406000018119812, 0.4480000138282776, 0.4150000214576721, 0.40400001406669617, 0.4150000214576721, 0.4360000193119049, 0.4220000207424164, 0.42900002002716064, 0.4350000321865082, 0.40800002217292786, 0.4130000174045563, 0.4010000228881836, 0.4000000059604645, 0.40400001406669617, 0.4300000071525574, 0.3890000283718109, 0.4100000262260437, 0.41600000858306885, 0.3790000081062317, 0.38200002908706665, 0.41600000858306885, 0.4240000247955322, 0.4320000112056732, 0.41700002551078796, 0.4100000262260437, 0.4150000214576721, 0.4360000193119049, 0.41200003027915955, 0.3890000283718109], "ood_ce": [2.3157217502593994, 2.1753792762756348, 1.9679312705993652, 2.0035252571105957, 2.119296073913574, 2.1015851497650146, 2.1091511249542236, 2.0856592655181885, 2.3291776180267334, 2.158104181289673, 2.294515609741211, 2.331660747528076, 2.438194513320923, 2.7446608543395996, 2.5988473892211914, 2.586655855178833, 2.4850218296051025, 2.995497226715088, 3.12062931060791, 2.611884832382202, 2.9675509929656982, 3.2780208587646484, 3.330134391784668, 3.0018913745880127, 2.7299258708953857, 3.0305302143096924, 2.9783847332000732, 2.800398588180542, 3.201540946960449, 3.2046384811401367, 3.177137851715088, 2.960207939147949, 2.7981173992156982, 3.377720355987549, 3.6570889949798584, 3.501234531402588, 3.403581380844116, 3.616915464401245, 3.4484219551086426, 3.3846683502197266, 3.7077410221099854, 3.4550936222076416, 3.3330729007720947, 3.4533474445343018, 3.6916325092315674, 3.569991111755371, 3.624471426010132, 3.8910715579986572, 3.6157166957855225, 3.960334539413452, 3.5013504028320312]}