{"step": [0, 30, 60, 90, 120, 150, 180, 210, 240, 270, 300, 330, 360, 390, 420, 450, 480, 510, 540, 570, 600, 630, 660, 690, 720, 750, 780, 810, 840, 870, 900, 930, 960, 990, 1020, 1050, 1080, 1110, 1140, 1170, 1200, 1230, 1260, 1290, 1320, 1350, 1380, 1410, 1440, 1470, 1499], "train": [2.2990516821543374, 2.0525346994400024, 1.6694351434707642, 1.2586433092753093, 1.0230713089307149, 0.7850686510403951, 0.6208281417687734, 0.5678089261054993, 0.5015729467074076, 0.4318631788094838, 0.3513463834921519, 0.3291182219982147, 0.3153722087542216, 0.3026912858088811, 0.2945898125569026, 0.23819916447003683, 0.28707688053448993, 0.24803967028856277, 0.21343823770682016, 0.24179325501124063, 0.21330377459526062, 0.23433233300844827, 0.1958817740281423, 0.19377875328063965, 0.2053330441315969, 0.13071916749080023, 0.09577301144599915, 0.10724963123599689, 0.1466220666964849, 0.14267469694217047, 0.1502953420082728, 0.14265383780002594, 0.14165006577968597, 0.09949588154753049, 0.16739345093568167, 0.16383074720700583, 0.11550866315762202, 0.12024291604757309, 0.09503690401713054, 0.14178750415643057, 0.10783307378490765, 0.17665458718935648, 0.08969744791587193, 0.09675706923007965, 0.09428754448890686, 0.07979627201954524, 0.11497633407513301, 0.13039451589186987, 0.14992167055606842, 0.09313720713059108, 0.15407869468132654], "ood_acc": [0.10000000149011612, 0.2200000137090683, 0.26200002431869507, 0.2590000033378601, 0.3440000116825104, 0.3530000150203705, 0.3680000305175781, 0.3760000169277191, 0.3890000283718109, 0.4090000092983246, 0.40300002694129944, 0.40700000524520874, 0.4100000262260437, 0.4050000309944153, 0.4020000100135803, 0.43400001525878906, 0.42000001668930054, 0.44600000977516174, 0.4090000092983246, 0.4350000321865082, 0.40400001406669617, 0.4180000126361847, 0.39900001883506775, 0.4270000159740448, 0.4280000329017639, 0.40400001406669617, 0.40400001406669617, 0.3890000283718109, 0.41700002551078796, 0.4270000159740448, 0.4190000295639038, 0.42500001192092896, 0.4090000092983246, 0.40700000524520874, 0.4140000343322754, 0.4280000329017639, 0.42000001668930054, 0.40300002694129944, 0.41600000858306885, 0.40300002694129944, 0.4010000228881836, 0.42100003361701965, 0.39400002360343933, 0.37400001287460327, 0.3700000047683716, 0.38100001215934753, 0.3530000150203705, 0.37800002098083496, 0.39500001072883606, 0.37300002574920654, 0.4000000059604645], "ood_ce": [2.3157217502593994, 2.178642988204956, 2.0058653354644775, 2.133979082107544, 2.322164297103882, 2.168330430984497, 2.1752026081085205, 2.2365407943725586, 2.322157859802246, 2.3563425540924072, 2.5433952808380127, 2.4622225761413574, 2.5635974407196045, 2.5763797760009766, 2.691664695739746, 2.6008639335632324, 2.459416389465332, 2.4572534561157227, 2.8643405437469482, 3.081000804901123, 2.897066354751587, 3.172111988067627, 2.881671190261841, 2.8729441165924072, 2.9213781356811523, 2.7892720699310303, 3.100055694580078, 3.2125298976898193, 3.2529184818267822, 3.132627248764038, 3.655714273452759, 3.445988416671753, 3.215841054916382, 3.3356518745422363, 3.5922367572784424, 3.1641323566436768, 3.9016599655151367, 3.9467031955718994, 3.8305516242980957, 3.4444966316223145, 3.7416043281555176, 4.475472450256348, 4.119450569152832, 3.4832003116607666, 4.033425331115723, 4.729503154754639, 4.699422836303711, 4.320403575897217, 3.990980625152588, 3.955371141433716, 4.374576568603516]}