{"step": [0, 30, 60, 90, 120, 150, 180, 210, 240, 270, 300, 330, 360, 390, 420, 450, 480, 510, 540, 570, 600, 630, 660, 690, 720, 750, 780, 810, 840, 870, 900, 930, 960, 990, 1020, 1050, 1080, 1110, 1140, 1170, 1200, 1230, 1260, 1290, 1320, 1350, 1380, 1410, 1440, 1470, 1499], "train": [2.3100438912709556, 2.1098469893137612, 1.7344324588775635, 1.3182484706242878, 1.009263853232066, 0.8012643456459045, 0.6765558818976084, 0.5647569994131724, 0.5079091091950735, 0.45638776818911236, 0.44594430923461914, 0.37247301638126373, 0.3527773718039195, 0.3304607073465983, 0.2821234663327535, 0.29814814031124115, 0.25079042712847394, 0.34532425304253894, 0.2077218939860662, 0.1862393617630005, 0.2296738475561142, 0.1570833201209704, 0.149398073554039, 0.18146716058254242, 0.17165153473615646, 0.13657997796932855, 0.12223012745380402, 0.10767864932616551, 0.11149858931700389, 0.1486044799288114, 0.11317138622204463, 0.12349170694748561, 0.15030144900083542, 0.10279870654145877, 0.1120111954708894, 0.12739896029233932, 0.11366559565067291, 0.1147845188776652, 0.1161084696650505, 0.11454344789187114, 0.09800984958807628, 0.11287364115317662, 0.1352547531326612, 0.09942757462461789, 0.10798565795024236, 0.14193094273408255, 0.09483081971605618, 0.15927183628082275, 0.10186924785375595, 0.20505604644616446, 0.12547205885251364], "ood_acc": [0.07500000298023224, 0.23900000751018524, 0.29200002551078796, 0.2750000059604645, 0.3020000159740448, 0.3540000021457672, 0.37400001287460327, 0.40800002217292786, 0.4190000295639038, 0.39400002360343933, 0.3970000147819519, 0.3970000147819519, 0.406000018119812, 0.4090000092983246, 0.42900002002716064, 0.4300000071525574, 0.4310000240802765, 0.4150000214576721, 0.42000001668930054, 0.4360000193119049, 0.45900002121925354, 0.42500001192092896, 0.4190000295639038, 0.4320000112056732, 0.4350000321865082, 0.4410000145435333, 0.4220000207424164, 0.45600003004074097, 0.453000009059906, 0.45000001788139343, 0.4440000355243683, 0.4300000071525574, 0.4390000104904175, 0.45900002121925354, 0.4310000240802765, 0.4280000329017639, 0.406000018119812, 0.41600000858306885, 0.4230000078678131, 0.41700002551078796, 0.4190000295639038, 0.4000000059604645, 0.40300002694129944, 0.40800002217292786, 0.4220000207424164, 0.406000018119812, 0.40700000524520874, 0.4220000207424164, 0.4220000207424164, 0.4150000214576721, 0.4190000295639038], "ood_ce": [2.309131383895874, 2.173809766769409, 1.9516701698303223, 2.0186238288879395, 2.1728508472442627, 2.1307342052459717, 2.4238691329956055, 2.0397160053253174, 2.0668468475341797, 2.3076093196868896, 2.331094980239868, 2.515969753265381, 2.427107572555542, 2.587240695953369, 2.476411819458008, 2.5302071571350098, 2.603593111038208, 2.8162057399749756, 2.7038028240203857, 2.791048049926758, 2.546309232711792, 2.8041977882385254, 2.7627344131469727, 2.8145017623901367, 2.7207298278808594, 2.686969518661499, 2.789937973022461, 2.871080160140991, 2.9316368103027344, 3.0098347663879395, 2.8558762073516846, 2.923752784729004, 2.795837640762329, 2.657688856124878, 3.1557693481445312, 3.120525360107422, 3.216830253601074, 3.2773866653442383, 3.4150028228759766, 3.452598810195923, 3.525594711303711, 2.8597500324249268, 3.481167793273926, 3.48657488822937, 3.203286647796631, 3.2676165103912354, 3.4821479320526123, 3.100170135498047, 3.5569264888763428, 4.15777063369751, 4.452454090118408]}