{"step": [0, 30, 60, 90, 120, 150, 180, 210, 240, 270, 300, 330, 360, 390, 420, 450, 480, 510, 540, 570, 600, 630, 660, 690, 720, 750, 780, 810, 840, 870, 900, 930, 960, 990, 1020, 1050, 1080, 1110, 1140, 1170, 1200, 1230, 1260, 1290, 1320, 1350, 1380, 1410, 1440, 1470, 1499], "train": [2.294736703236898, 2.1256467501322427, 1.7868423461914062, 1.3593417803446453, 1.0590902368227642, 0.8142243027687073, 0.7173786362012228, 0.5628361602624258, 0.4602993031342824, 0.44619061549504596, 0.3818487077951431, 0.33383819957574207, 0.31778926650683087, 0.23148669799168906, 0.23820058504740396, 0.23028858999411264, 0.232585738102595, 0.19070197890202203, 0.17754188179969788, 0.1764100417494774, 0.23438707490762076, 0.17319957166910172, 0.1426249916354815, 0.17642809947331747, 0.18536861737569174, 0.15756852676471075, 0.13117996603250504, 0.168022890885671, 0.2001306712627411, 0.18019823357462883, 0.13739406317472458, 0.1867361068725586, 0.10944199065367381, 0.11835180595517159, 0.11486094196637471, 0.0959387794137001, 0.23271148900190988, 0.08877041811744373, 0.10717231035232544, 0.12221094345053037, 0.12190311153729756, 0.10002792626619339, 0.13391568263371786, 0.10684866706530254, 0.09388773639996846, 0.1062194121380647, 0.10569287091493607, 0.08948248128096263, 0.09602006524801254, 0.10355725139379501, 0.07537075753013293], "ood_acc": [0.11900000274181366, 0.2150000035762787, 0.23900000751018524, 0.28200000524520874, 0.31200000643730164, 0.3580000102519989, 0.3700000047683716, 0.37300002574920654, 0.398000031709671, 0.37300002574920654, 0.41600000858306885, 0.4280000329017639, 0.39100003242492676, 0.4150000214576721, 0.4020000100135803, 0.41100001335144043, 0.41100001335144043, 0.4350000321865082, 0.43300002813339233, 0.42900002002716064, 0.43700000643730164, 0.40300002694129944, 0.4280000329017639, 0.4180000126361847, 0.39100003242492676, 0.4390000104904175, 0.4270000159740448, 0.4050000309944153, 0.4010000228881836, 0.4310000240802765, 0.43300002813339233, 0.41600000858306885, 0.39900001883506775, 0.42600002884864807, 0.453000009059906, 0.4240000247955322, 0.4240000247955322, 0.4540000259876251, 0.4130000174045563, 0.4270000159740448, 0.4280000329017639, 0.4230000078678131, 0.4140000343322754, 0.39400002360343933, 0.4220000207424164, 0.4480000138282776, 0.4150000214576721, 0.3890000283718109, 0.4100000262260437, 0.3850000202655792, 0.4010000228881836], "ood_ce": [2.3005263805389404, 2.208319664001465, 2.047386407852173, 2.01110577583313, 2.3152642250061035, 2.052408218383789, 2.11403489112854, 2.119004487991333, 2.066488027572632, 2.2999048233032227, 2.189598798751831, 2.1681859493255615, 2.482703447341919, 2.472895860671997, 2.5498080253601074, 2.5787220001220703, 2.870706796646118, 2.4080028533935547, 2.522818088531494, 2.5661280155181885, 2.7173123359680176, 2.7301762104034424, 2.9258296489715576, 3.278903007507324, 3.525747537612915, 2.7637641429901123, 3.089447498321533, 3.2219698429107666, 3.137176513671875, 3.008639335632324, 2.7982256412506104, 3.3525679111480713, 3.539280891418457, 3.0060105323791504, 2.8372185230255127, 3.174217939376831, 3.342928171157837, 3.0073680877685547, 2.9089975357055664, 3.271320104598999, 3.6082262992858887, 3.393986225128174, 3.374443769454956, 3.850541830062866, 3.6698174476623535, 3.8031764030456543, 4.234701633453369, 4.119561672210693, 3.727740526199341, 3.5518457889556885, 3.5911037921905518]}