{"step": [0, 30, 60, 90, 120, 150, 180, 210, 240, 270, 300, 330, 360, 390, 420, 450, 480, 510, 540, 570, 600, 630, 660, 690, 720, 750, 780, 810, 840, 870, 900, 930, 960, 990, 1020, 1050, 1080, 1110, 1140, 1170, 1200, 1230, 1260, 1290, 1320, 1350, 1380, 1410, 1440, 1470, 1499], "train": [2.2955477237701416, 2.056361357371012, 1.6398625771204631, 1.210485855738322, 0.9394639531771342, 0.8716478149096171, 0.6715632180372874, 0.5704046587149302, 0.5371138652165731, 0.3980417052904765, 0.3465130031108856, 0.3375630925099055, 0.30334557096163434, 0.2725548942883809, 0.23511446019013724, 0.20726134379704794, 0.2238923559586207, 0.2615811179081599, 0.21812843779722849, 0.22476449608802795, 0.1657118946313858, 0.15189957867066065, 0.14743557572364807, 0.1448636626203855, 0.17305201292037964, 0.13651044418414435, 0.1169566884636879, 0.14098566273848215, 0.15183311700820923, 0.10654171307881673, 0.1453732301791509, 0.1499163806438446, 0.11989102760950725, 0.12121730794509251, 0.16304640968640646, 0.11693429698546727, 0.14513596395651499, 0.11367318282524745, 0.15946543713410696, 0.10094666729370753, 0.12667465582489967, 0.11400723333160083, 0.22052268435557684, 0.17920437703529993, 0.21171541760365167, 0.10443732887506485, 0.11038573086261749, 0.23384051521619162, 0.08453595886627834, 0.07239085311690967, 0.08680665989716847], "ood_acc": [0.08700000494718552, 0.22100001573562622, 0.24700000882148743, 0.25699999928474426, 0.3150000274181366, 0.320000022649765, 0.33000001311302185, 0.3880000114440918, 0.35100001096725464, 0.39000001549720764, 0.367000013589859, 0.38100001215934753, 0.3710000216960907, 0.41700002551078796, 0.38700002431869507, 0.4300000071525574, 0.41600000858306885, 0.38700002431869507, 0.36100003123283386, 0.39900001883506775, 0.39400002360343933, 0.4010000228881836, 0.406000018119812, 0.3970000147819519, 0.4100000262260437, 0.3710000216960907, 0.3830000162124634, 0.39900001883506775, 0.406000018119812, 0.40400001406669617, 0.406000018119812, 0.3970000147819519, 0.398000031709671, 0.37700000405311584, 0.3830000162124634, 0.3750000298023224, 0.3790000081062317, 0.36900001764297485, 0.3660000264644623, 0.359000027179718, 0.3570000231266022, 0.36100003123283386, 0.3790000081062317, 0.3970000147819519, 0.367000013589859, 0.359000027179718, 0.37300002574920654, 0.39000001549720764, 0.3720000088214874, 0.36900001764297485, 0.367000013589859], "ood_ce": [2.309570789337158, 2.1782219409942627, 2.007505178451538, 2.0900371074676514, 2.2082157135009766, 2.439441680908203, 2.3426342010498047, 2.199824571609497, 2.3170201778411865, 2.3428003787994385, 2.59268856048584, 2.5572001934051514, 2.6314401626586914, 2.4333763122558594, 2.7305965423583984, 2.630547523498535, 2.447718620300293, 2.9355030059814453, 3.2225444316864014, 3.2837934494018555, 3.062438726425171, 3.1885879039764404, 3.251242160797119, 3.3923637866973877, 3.3269126415252686, 3.355250597000122, 3.262251615524292, 3.251940965652466, 3.167811632156372, 3.207412004470825, 3.455540657043457, 3.400041341781616, 3.2368407249450684, 3.7051327228546143, 3.7944254875183105, 3.8630964756011963, 3.5720036029815674, 3.935311794281006, 3.9979612827301025, 3.792041063308716, 3.7720119953155518, 3.5284712314605713, 3.5956830978393555, 3.460249423980713, 3.317657709121704, 3.724660873413086, 4.69293737411499, 4.024415016174316, 4.116352081298828, 4.140673637390137, 4.210346221923828]}