{"step": [0, 30, 60, 90, 120, 150, 180, 210, 240, 270, 300, 330, 360, 390, 420, 450, 480, 510, 540, 570, 600, 630, 660, 690, 720, 750, 780, 810, 840, 870, 900, 930, 960, 990, 1020, 1050, 1080, 1110, 1140, 1170, 1200, 1230, 1260, 1290, 1320, 1350, 1380, 1410, 1440, 1470, 1499], "train": [2.2955477237701416, 2.0551389853159585, 1.6366705497105916, 1.2075836857159932, 0.9378000299135844, 0.8562886317571005, 0.654862105846405, 0.5342133442560831, 0.47324642539024353, 0.3849767396847407, 0.3324206819136937, 0.32468171914418537, 0.2752643823623657, 0.27692506710688275, 0.2960813542207082, 0.19506328304608664, 0.22377920150756836, 0.2340714931488037, 0.2250476231177648, 0.16050018866856894, 0.14429203420877457, 0.17020037521918616, 0.158257357776165, 0.16506297389666238, 0.15635702262322107, 0.13519523789485297, 0.10543973495562871, 0.1850035438934962, 0.13151190181573233, 0.12422312299410503, 0.13238940139611563, 0.12948507815599442, 0.137818843126297, 0.13276041547457376, 0.1427409549554189, 0.1251115823785464, 0.11311939358711243, 0.10321997354427974, 0.09623207400242488, 0.0959961290160815, 0.11711536596218745, 0.08065458138783772, 0.10240326821804047, 0.12682777643203735, 0.13953442126512527, 0.1244438240925471, 0.1672624945640564, 0.1129863013823827, 0.1871667057275772, 0.11982293178637822, 0.18293514351050058], "ood_acc": [0.08700000494718552, 0.22200001776218414, 0.24800001084804535, 0.2550000250339508, 0.31800001859664917, 0.33000001311302185, 0.33000001311302185, 0.359000027179718, 0.3490000069141388, 0.4100000262260437, 0.3840000033378601, 0.38600000739097595, 0.3930000066757202, 0.42000001668930054, 0.40400001406669617, 0.39500001072883606, 0.4050000309944153, 0.4230000078678131, 0.40300002694129944, 0.40800002217292786, 0.4180000126361847, 0.43300002813339233, 0.4240000247955322, 0.4140000343322754, 0.4180000126361847, 0.4150000214576721, 0.38100001215934753, 0.4090000092983246, 0.4350000321865082, 0.43400001525878906, 0.41600000858306885, 0.4100000262260437, 0.42000001668930054, 0.3970000147819519, 0.38200002908706665, 0.406000018119812, 0.38600000739097595, 0.36500000953674316, 0.40300002694129944, 0.398000031709671, 0.4240000247955322, 0.4010000228881836, 0.3880000114440918, 0.3840000033378601, 0.39900001883506775, 0.4100000262260437, 0.406000018119812, 0.4230000078678131, 0.39000001549720764, 0.38200002908706665, 0.3850000202655792], "ood_ce": [2.309570789337158, 2.1776113510131836, 2.0037715435028076, 2.08549165725708, 2.197056293487549, 2.3866846561431885, 2.3669028282165527, 2.212763786315918, 2.304811716079712, 2.313270330429077, 2.5230584144592285, 2.567577600479126, 2.7623114585876465, 2.5065345764160156, 2.7226407527923584, 2.8175835609436035, 2.5029046535491943, 2.548492670059204, 2.702500820159912, 2.756944417953491, 2.9304189682006836, 2.8147146701812744, 2.892940044403076, 3.199394464492798, 3.0184850692749023, 2.826214075088501, 2.903928279876709, 3.1606252193450928, 3.1432464122772217, 2.969740867614746, 2.970519781112671, 2.9170894622802734, 3.2461659908294678, 3.4041929244995117, 3.299532413482666, 3.324098587036133, 2.9666695594787598, 3.3134875297546387, 3.600943088531494, 3.342846393585205, 3.5651047229766846, 3.208899974822998, 3.4371445178985596, 3.4076168537139893, 3.5463407039642334, 3.6569485664367676, 3.7023775577545166, 4.018331050872803, 3.3284833431243896, 3.5997679233551025, 3.9618194103240967]}