{"step": [0, 30, 60, 90, 120, 150, 180, 210, 240, 270, 300, 330, 360, 390, 420, 450, 480, 510, 540, 570, 600, 630, 660, 690, 720, 750, 780, 810, 840, 870, 900, 930, 960, 990, 1020, 1050, 1080, 1110, 1140, 1170, 1200, 1230, 1260, 1290, 1320, 1350, 1380, 1410, 1440, 1470, 1499], "train": [2.294736703236898, 2.131948232650757, 1.8188688357671101, 1.4882211685180664, 1.1620864272117615, 0.9113574822743734, 0.694536417722702, 0.5592406789461771, 0.4453490972518921, 0.39417701959609985, 0.35781872272491455, 0.28792446355024975, 0.2447159687678019, 0.22386945287386575, 0.22300229966640472, 0.19650075336297354, 0.19444395725925764, 0.18409472952286401, 0.17465629428625107, 0.15414132177829742, 0.18806859850883484, 0.1636226624250412, 0.14888338496287665, 0.12386377155780792, 0.1297737310330073, 0.10976643611987431, 0.1117305097480615, 0.15829176207383475, 0.12385193506876628, 0.11411377042531967, 0.10126824801166852, 0.08665005986889203, 0.16677916422486305, 0.10503107060988744, 0.10048706581195195, 0.06396755079428355, 0.07923206066091855, 0.07081292569637299, 0.14373081177473068, 0.0824861153960228, 0.08400604749719302, 0.08190687497456868, 0.07239940265814464, 0.08458587154746056, 0.07920459906260173, 0.11080198734998703, 0.08254677926500638, 0.0734747735162576, 0.08144920070966084, 0.09867867579062779, 0.0688794602950414], "ood_acc": [0.11900000274181366, 0.20400001108646393, 0.25699999928474426, 0.28700000047683716, 0.30900001525878906, 0.3570000231266022, 0.41200003027915955, 0.4100000262260437, 0.42100003361701965, 0.39900001883506775, 0.40300002694129944, 0.4190000295639038, 0.4320000112056732, 0.4140000343322754, 0.4010000228881836, 0.42500001192092896, 0.4090000092983246, 0.4360000193119049, 0.4320000112056732, 0.42600002884864807, 0.42000001668930054, 0.42600002884864807, 0.4270000159740448, 0.4220000207424164, 0.4150000214576721, 0.42900002002716064, 0.40700000524520874, 0.38200002908706665, 0.40800002217292786, 0.3880000114440918, 0.42900002002716064, 0.4090000092983246, 0.3490000069141388, 0.39400002360343933, 0.4050000309944153, 0.4000000059604645, 0.39900001883506775, 0.4220000207424164, 0.4180000126361847, 0.41700002551078796, 0.4310000240802765, 0.4270000159740448, 0.41200003027915955, 0.4100000262260437, 0.4240000247955322, 0.4180000126361847, 0.4100000262260437, 0.41700002551078796, 0.40400001406669617, 0.4360000193119049, 0.4240000247955322], "ood_ce": [2.3005263805389404, 2.216627597808838, 2.0799922943115234, 1.9658751487731934, 1.90279221534729, 1.7805306911468506, 1.7493693828582764, 1.8212826251983643, 1.814643383026123, 1.9521623849868774, 2.0325443744659424, 1.9855973720550537, 2.0600130558013916, 2.273499011993408, 2.3162038326263428, 2.2896978855133057, 2.6409685611724854, 2.5659852027893066, 2.6703972816467285, 2.5582244396209717, 2.6071345806121826, 2.834501028060913, 3.1101276874542236, 3.0012800693511963, 3.067931890487671, 2.9255030155181885, 2.9887173175811768, 3.0800344944000244, 3.0570578575134277, 2.6791791915893555, 2.7894186973571777, 2.860736846923828, 3.132681369781494, 3.0969901084899902, 3.061889886856079, 3.540713310241699, 3.5573368072509766, 3.3188130855560303, 3.5803756713867188, 3.1545846462249756, 3.326568126678467, 3.4212934970855713, 3.268876552581787, 3.365548849105835, 3.285942316055298, 3.492546558380127, 3.5307984352111816, 3.5927534103393555, 3.8055741786956787, 3.8699965476989746, 3.379601240158081]}