{"step": [0, 30, 60, 90, 120, 150, 180, 210, 240, 270, 300, 330, 360, 390, 420, 450, 480, 510, 540, 570, 600, 630, 660, 690, 720, 750, 780, 810, 840, 870, 900, 930, 960, 990, 1020, 1050, 1080, 1110, 1140, 1170, 1200, 1230, 1260, 1290, 1320, 1350, 1380, 1410, 1440, 1470, 1499], "train": [2.309722582499186, 2.147977431615194, 1.7584887345631917, 1.3449519475301106, 1.020541528860728, 0.7835905949274699, 0.6141850650310516, 0.6478865146636963, 0.458174596230189, 0.35836707552274066, 0.3429139057795207, 0.30268606046835583, 0.26117358605066937, 0.2598077754179637, 0.23820483684539795, 0.22809555133183798, 0.22068181137243906, 0.1971743901570638, 0.1537757863601049, 0.17746976017951965, 0.18203685681025186, 0.1683132549126943, 0.15919380883375803, 0.13528083513180414, 0.13821886976559958, 0.14797080556551614, 0.13197699437538782, 0.14464518676201502, 0.09963702534635861, 0.1264188140630722, 0.09430864204963048, 0.08646516005198161, 0.12431905418634415, 0.13040344417095184, 0.13150307287772497, 0.14422600716352463, 0.13353489339351654, 0.08270679786801338, 0.17224439978599548, 0.10587495813767116, 0.09965913494427998, 0.08156231045722961, 0.09623218576113383, 0.15435808897018433, 0.10282171269257863, 0.10034401963154475, 0.07210522145032883, 0.09138027702768643, 0.1230466862519582, 0.09493505706389745, 0.10154047856728236], "ood_acc": [0.11000000685453415, 0.2200000137090683, 0.2710000276565552, 0.27900001406669617, 0.28200000524520874, 0.3360000252723694, 0.36400002241134644, 0.38100001215934753, 0.3840000033378601, 0.3720000088214874, 0.40700000524520874, 0.3920000195503235, 0.40700000524520874, 0.40300002694129944, 0.39000001549720764, 0.4000000059604645, 0.42000001668930054, 0.4220000207424164, 0.4130000174045563, 0.39500001072883606, 0.3800000250339508, 0.4020000100135803, 0.42000001668930054, 0.39900001883506775, 0.3850000202655792, 0.3960000276565552, 0.39400002360343933, 0.41700002551078796, 0.4300000071525574, 0.398000031709671, 0.3920000195503235, 0.39100003242492676, 0.4090000092983246, 0.41600000858306885, 0.406000018119812, 0.39100003242492676, 0.3930000066757202, 0.42600002884864807, 0.406000018119812, 0.4220000207424164, 0.40700000524520874, 0.38200002908706665, 0.3880000114440918, 0.40800002217292786, 0.38200002908706665, 0.4100000262260437, 0.39100003242492676, 0.39400002360343933, 0.3790000081062317, 0.40300002694129944, 0.3720000088214874], "ood_ce": [2.3041341304779053, 2.21647310256958, 2.0347166061401367, 1.9758837223052979, 2.160189628601074, 2.072355031967163, 2.2681164741516113, 2.034738302230835, 2.2615561485290527, 2.257258415222168, 2.2108993530273438, 2.4356071949005127, 2.311002016067505, 2.427234411239624, 2.5369296073913574, 2.496908664703369, 2.5511276721954346, 2.55267071723938, 2.630462408065796, 2.8457887172698975, 2.780249834060669, 2.8689451217651367, 2.7486865520477295, 2.7948527336120605, 2.9170854091644287, 3.0261807441711426, 2.9616646766662598, 2.879460334777832, 2.967689275741577, 3.207711935043335, 2.747236728668213, 3.1250052452087402, 3.230750799179077, 3.1037070751190186, 2.946657657623291, 3.290027379989624, 3.2525923252105713, 2.958772897720337, 3.5518248081207275, 3.148347854614258, 3.3963682651519775, 3.4292333126068115, 3.613401412963867, 3.7276530265808105, 3.3111634254455566, 3.3385863304138184, 3.731546640396118, 4.0782036781311035, 4.076781272888184, 3.9967479705810547, 3.921109914779663]}