{"step": [0, 30, 60, 90, 120, 150, 180, 210, 240, 270, 300, 330, 360, 390, 420, 450, 480, 510, 540, 570, 600, 630, 660, 690, 720, 750, 780, 810, 840, 870, 900, 930, 960, 990, 1020, 1050, 1080, 1110, 1140, 1170, 1200, 1230, 1260, 1290, 1320, 1350, 1380, 1410, 1440, 1470, 1499], "train": [2.289719343185425, 2.059445937474569, 1.6922696431477864, 1.3884998957316081, 1.047958771387736, 0.7810089389483134, 0.5882355769475301, 0.49896129965782166, 0.4108942101399104, 0.3558535079161326, 0.30208400388558704, 0.27887583275636035, 0.22620713214079538, 0.20958961049715677, 0.18291370570659637, 0.19821066160996756, 0.18498648454745611, 0.17479272186756134, 0.16195716708898544, 0.16779748598734537, 0.1333136409521103, 0.1735096573829651, 0.13672325015068054, 0.13424192865689596, 0.12756607929865518, 0.12033980339765549, 0.09902542332808177, 0.09179121131698291, 0.14083716521660486, 0.11118030299743016, 0.10957412918408711, 0.10435398668050766, 0.12086389710505803, 0.07074425493677457, 0.08871348698933919, 0.10558019578456879, 0.10845441619555156, 0.10287052392959595, 0.10790236045916875, 0.0635940358042717, 0.06934893069167931, 0.06742910668253899, 0.0891826997200648, 0.3588879033923149, 0.07401656359434128, 0.058894019573926926, 0.06717777748902638, 0.27851855754852295, 0.08201633393764496, 0.0960713451107343, 0.12379337350527446], "ood_acc": [0.1120000034570694, 0.24800001084804535, 0.26500001549720764, 0.2880000174045563, 0.31800001859664917, 0.35600000619888306, 0.38700002431869507, 0.39100003242492676, 0.406000018119812, 0.41100001335144043, 0.4310000240802765, 0.45100003480911255, 0.4520000219345093, 0.44700002670288086, 0.44200003147125244, 0.43400001525878906, 0.44200003147125244, 0.4300000071525574, 0.4220000207424164, 0.43300002813339233, 0.42000001668930054, 0.44700002670288086, 0.4440000355243683, 0.42600002884864807, 0.42500001192092896, 0.4480000138282776, 0.43400001525878906, 0.42500001192092896, 0.44300001859664917, 0.4390000104904175, 0.43700000643730164, 0.4280000329017639, 0.43400001525878906, 0.4300000071525574, 0.44600000977516174, 0.4190000295639038, 0.4230000078678131, 0.43700000643730164, 0.42900002002716064, 0.4390000104904175, 0.4270000159740448, 0.4230000078678131, 0.42000001668930054, 0.40400001406669617, 0.3930000066757202, 0.43700000643730164, 0.4270000159740448, 0.38200002908706665, 0.4230000078678131, 0.44200003147125244, 0.42000001668930054], "ood_ce": [2.3007583618164062, 2.16971755027771, 2.015533447265625, 1.915700912475586, 1.8943418264389038, 1.8648406267166138, 1.8922157287597656, 1.834736704826355, 1.935004472732544, 1.9768301248550415, 1.9674698114395142, 2.12081241607666, 2.0826141834259033, 2.25476336479187, 2.180236577987671, 2.29591703414917, 2.519451856613159, 2.358280897140503, 2.497617483139038, 2.6623575687408447, 2.644857168197632, 2.742748498916626, 2.5360827445983887, 2.546192169189453, 2.662938117980957, 2.6072967052459717, 2.661386728286743, 2.68512225151062, 2.877898931503296, 2.9077134132385254, 2.839433431625366, 2.7299511432647705, 2.559079885482788, 2.7848987579345703, 2.8870811462402344, 2.6760966777801514, 2.495468854904175, 2.6775221824645996, 2.8206558227539062, 3.1253907680511475, 3.0220730304718018, 3.0439226627349854, 3.405250072479248, 3.1369712352752686, 3.2925102710723877, 3.262402057647705, 3.230027675628662, 3.2971584796905518, 3.0649209022521973, 3.317556381225586, 3.367084503173828]}