{"step": [0, 30, 60, 90, 120, 150, 180, 210, 240, 270, 300, 330, 360, 390, 420, 450, 480, 510, 540, 570, 600, 630, 660, 690, 720, 750, 780, 810, 840, 870, 900, 930, 960, 990, 1020, 1050, 1080, 1110, 1140, 1170, 1200, 1230, 1260, 1290, 1320, 1350, 1380, 1410, 1440, 1470, 1499], "train": [2.2990516821543374, 2.049231688181559, 1.6475718816121419, 1.255873481432597, 1.0005432566006978, 0.7566427191098531, 0.646691083908081, 0.5618921915690104, 0.48926196495691937, 0.4371435542901357, 0.5662686129411062, 0.31495584547519684, 0.3213704476753871, 0.31871149440606433, 0.314931184053421, 0.24204190323750177, 0.20904931922753653, 0.2501145576437314, 0.2103914717833201, 0.20262529700994492, 0.2027686486641566, 0.17498362561066946, 0.15977946668863297, 0.2447693943977356, 0.20050270358721414, 0.1669931411743164, 0.1674269512295723, 0.25313354035218555, 0.19667734702428183, 0.17865798125664392, 0.14326404531796774, 0.1308718870083491, 0.14908181875944138, 0.10841531306505203, 0.09828205530842145, 0.12251970047752063, 0.16366969297329584, 0.1342741921544075, 0.09267578522364299, 0.13964521636565527, 0.12454343338807423, 0.08852964639663696, 0.10029275466998418, 0.07653799156347911, 0.1300402283668518, 0.10289377719163895, 0.14158916970094046, 0.10949109743038814, 0.09651218354701996, 0.09095363070567448, 0.08905966704090436], "ood_acc": [0.10000000149011612, 0.21800000965595245, 0.25699999928474426, 0.2630000114440918, 0.33900001645088196, 0.359000027179718, 0.4020000100135803, 0.3930000066757202, 0.4100000262260437, 0.4180000126361847, 0.406000018119812, 0.4100000262260437, 0.3830000162124634, 0.39900001883506775, 0.3760000169277191, 0.42500001192092896, 0.4100000262260437, 0.4220000207424164, 0.398000031709671, 0.4220000207424164, 0.42900002002716064, 0.43800002336502075, 0.4140000343322754, 0.4240000247955322, 0.40800002217292786, 0.4280000329017639, 0.4350000321865082, 0.42000001668930054, 0.38100001215934753, 0.4150000214576721, 0.4150000214576721, 0.4350000321865082, 0.42100003361701965, 0.45100003480911255, 0.39500001072883606, 0.4140000343322754, 0.43300002813339233, 0.4100000262260437, 0.43400001525878906, 0.4150000214576721, 0.40700000524520874, 0.4050000309944153, 0.39900001883506775, 0.3750000298023224, 0.3850000202655792, 0.40300002694129944, 0.42500001192092896, 0.4150000214576721, 0.41700002551078796, 0.39100003242492676, 0.40700000524520874], "ood_ce": [2.3157217502593994, 2.17724609375, 2.0008816719055176, 2.0541653633117676, 2.155994415283203, 2.0828871726989746, 1.9667037725448608, 2.0700464248657227, 2.299328565597534, 2.3203866481781006, 2.348062038421631, 2.4224698543548584, 2.680828332901001, 2.5497400760650635, 2.5120599269866943, 2.674377679824829, 2.7080225944519043, 2.775881052017212, 2.7113513946533203, 2.694627523422241, 2.801743984222412, 2.8103866577148438, 3.118014335632324, 3.0524706840515137, 2.984013319015503, 2.9669086933135986, 3.592550277709961, 3.6274912357330322, 3.44547438621521, 3.1044750213623047, 3.4204952716827393, 3.365293502807617, 2.9602572917938232, 2.9812045097351074, 3.749202251434326, 3.559953451156616, 4.1095170974731445, 3.5226848125457764, 3.4657046794891357, 3.447185754776001, 3.4685842990875244, 4.154038429260254, 4.570529937744141, 3.9605329036712646, 4.474024772644043, 3.789388418197632, 4.304751396179199, 4.017372131347656, 3.7018401622772217, 3.6550192832946777, 3.924079179763794]}