{"step": [0, 30, 60, 90, 120, 150, 180, 210, 240, 270, 300, 330, 360, 390, 420, 450, 480, 510, 540, 570, 600, 630, 660, 690, 720, 750, 780, 810, 840, 870, 900, 930, 960, 990, 1020, 1050, 1080, 1110, 1140, 1170, 1200, 1230, 1260, 1290, 1320, 1350, 1380, 1410, 1440, 1470, 1499], "train": [2.294736703236898, 2.118837833404541, 1.7607746124267578, 1.348885416984558, 1.0366625587145488, 0.8010593056678772, 0.6372277637322744, 0.569208562374115, 0.47396161158879596, 0.4359232385953267, 0.35649074614048004, 0.3340410341819127, 0.2934787968794505, 0.2513770212729772, 0.25026283661524457, 0.2190944403409958, 0.2241229067246119, 0.1958924134572347, 0.1902779539426168, 0.1708410680294037, 0.25894197324911755, 0.18368965884049734, 0.13199738413095474, 0.15399006009101868, 0.1413523405790329, 0.14062197506427765, 0.13558951765298843, 0.17228646079699197, 0.12978659570217133, 0.1367220679918925, 0.1331687569618225, 0.16339374830325445, 0.15611658245325089, 0.12353920936584473, 0.11410112679004669, 0.10597248499592145, 0.16100971897443137, 0.13518347094456354, 0.1534935583670934, 0.11765220140417416, 0.13286332786083221, 0.1043811986843745, 0.2110003431638082, 0.12393563737471898, 0.09367155532042186, 0.1448340912659963, 0.09759559854865074, 0.10178372512261073, 0.08366947372754414, 0.10030508289734523, 0.13764624545971552], "ood_acc": [0.11900000274181366, 0.21800000965595245, 0.2510000169277191, 0.29500001668930054, 0.3190000057220459, 0.3500000238418579, 0.3790000081062317, 0.38600000739097595, 0.39500001072883606, 0.3720000088214874, 0.398000031709671, 0.40800002217292786, 0.4140000343322754, 0.42000001668930054, 0.4150000214576721, 0.43300002813339233, 0.4010000228881836, 0.4090000092983246, 0.4090000092983246, 0.4400000274181366, 0.42100003361701965, 0.4180000126361847, 0.4270000159740448, 0.4050000309944153, 0.4100000262260437, 0.42100003361701965, 0.4050000309944153, 0.3960000276565552, 0.4140000343322754, 0.39500001072883606, 0.406000018119812, 0.3960000276565552, 0.40700000524520874, 0.40400001406669617, 0.41200003027915955, 0.39900001883506775, 0.4100000262260437, 0.4010000228881836, 0.38100001215934753, 0.4140000343322754, 0.3880000114440918, 0.38700002431869507, 0.3800000250339508, 0.3700000047683716, 0.39000001549720764, 0.4320000112056732, 0.3700000047683716, 0.42900002002716064, 0.38700002431869507, 0.41100001335144043, 0.359000027179718], "ood_ce": [2.3005263805389404, 2.2059531211853027, 2.035886287689209, 2.0272207260131836, 2.2700164318084717, 2.05765700340271, 2.1115047931671143, 2.0992026329040527, 2.0698485374450684, 2.2889885902404785, 2.2405970096588135, 2.2693474292755127, 2.350429058074951, 2.4068028926849365, 2.580305337905884, 2.609234571456909, 2.7945446968078613, 2.8630335330963135, 3.0261483192443848, 2.717466354370117, 2.803189992904663, 2.9695146083831787, 2.925004482269287, 3.1651477813720703, 3.0850484371185303, 3.013861656188965, 3.2033607959747314, 3.1371803283691406, 3.0519981384277344, 3.520421028137207, 3.4514048099517822, 3.246731996536255, 3.3692705631256104, 3.180295705795288, 3.2195851802825928, 3.6995599269866943, 3.4859817028045654, 3.017357587814331, 3.1643214225769043, 3.39048433303833, 3.544933795928955, 3.7489986419677734, 4.171171188354492, 3.8201684951782227, 3.580354928970337, 3.872706651687622, 4.580538749694824, 4.099931716918945, 3.68507981300354, 4.08305549621582, 4.658655643463135]}