{"step": [0, 30, 60, 90, 120, 150, 180, 210, 240, 270, 300, 330, 360, 390, 420, 450, 480, 510, 540, 570, 600, 630, 660, 690, 720, 750, 780, 810, 840, 870, 900, 930, 960, 990, 1020, 1050, 1080, 1110, 1140, 1170, 1200, 1230, 1260, 1290, 1320, 1350, 1380, 1410, 1440, 1470, 1499], "train": [2.289719343185425, 2.0514581203460693, 1.6607402563095093, 1.3412925402323406, 1.002415120601654, 0.7795777519543966, 0.5853941341241201, 0.4913490613301595, 0.39204710225264233, 0.34967196981112164, 0.3184476395448049, 0.29047614336013794, 0.254252349336942, 0.22157354156176248, 0.2315935343503952, 0.1699705645442009, 0.16588558753331503, 0.19183666010697684, 0.1619526371359825, 0.1652340590953827, 0.15731449921925864, 0.1394997015595436, 0.13300535082817078, 0.1160334050655365, 0.13497474789619446, 0.11208731184403102, 0.12663211673498154, 0.11470151444276173, 0.10224598397811253, 0.08684028436740239, 0.12343787898619969, 0.11912969499826431, 0.09874947865804036, 0.11070785919825236, 0.10006031642357509, 0.07718107228477795, 0.10418863594532013, 0.11262313524881999, 0.09809976816177368, 0.08169779926538467, 0.10652723411719005, 0.06468795239925385, 0.08609673877557118, 0.15969903767108917, 0.07601762811342876, 0.065756489833196, 0.07279002790649731, 0.08186579247315724, 0.11015597730875015, 0.09463013832767804, 0.131106436252594], "ood_acc": [0.1120000034570694, 0.24300001561641693, 0.27000001072883606, 0.289000004529953, 0.32200002670288086, 0.3540000021457672, 0.38600000739097595, 0.3920000195503235, 0.38700002431869507, 0.41700002551078796, 0.41200003027915955, 0.4440000355243683, 0.4270000159740448, 0.44300001859664917, 0.4480000138282776, 0.44200003147125244, 0.4390000104904175, 0.4220000207424164, 0.4270000159740448, 0.45000001788139343, 0.4490000307559967, 0.4620000123977661, 0.4310000240802765, 0.42100003361701965, 0.4350000321865082, 0.43700000643730164, 0.4390000104904175, 0.4480000138282776, 0.4360000193119049, 0.4360000193119049, 0.42100003361701965, 0.4230000078678131, 0.4390000104904175, 0.42000001668930054, 0.41700002551078796, 0.4440000355243683, 0.41200003027915955, 0.4090000092983246, 0.4020000100135803, 0.4400000274181366, 0.4100000262260437, 0.42100003361701965, 0.39000001549720764, 0.4270000159740448, 0.3890000283718109, 0.39900001883506775, 0.40800002217292786, 0.40700000524520874, 0.398000031709671, 0.4350000321865082, 0.4190000295639038], "ood_ce": [2.3007583618164062, 2.165823459625244, 1.9967886209487915, 1.9266282320022583, 1.913339614868164, 1.8937944173812866, 1.9619439840316772, 1.92234206199646, 2.0410547256469727, 2.0735106468200684, 2.0161097049713135, 2.180758237838745, 2.2940356731414795, 2.425524950027466, 2.299337148666382, 2.318873643875122, 2.415405035018921, 2.4088284969329834, 2.4463682174682617, 2.4522581100463867, 2.393486738204956, 2.4698309898376465, 2.6575722694396973, 2.4909112453460693, 2.6402249336242676, 2.785379409790039, 2.852433681488037, 2.624546766281128, 2.505964994430542, 2.7933406829833984, 3.126727342605591, 3.0035953521728516, 2.7870302200317383, 3.0689339637756348, 2.9515414237976074, 2.912370443344116, 3.1852216720581055, 3.153857946395874, 2.8539247512817383, 2.874378204345703, 3.2028865814208984, 2.7687196731567383, 3.289308547973633, 2.91702938079834, 3.557952404022217, 3.820736885070801, 3.421092987060547, 3.539954662322998, 3.6904847621917725, 3.530338764190674, 3.8228681087493896]}