{"step": [0, 30, 60, 90, 120, 150, 180, 210, 240, 270, 300, 330, 360, 390, 420, 450, 480, 510, 540, 570, 600, 630, 660, 690, 720, 750, 780, 810, 840, 870, 900, 930, 960, 990, 1020, 1050, 1080, 1110, 1140, 1170, 1200, 1230, 1260, 1290, 1320, 1350, 1380, 1410, 1440, 1470, 1499], "train": [2.3145358562469482, 2.172438700993856, 1.8274635871251423, 1.3911805947621663, 1.0640045404434204, 0.8068122267723083, 0.6436885893344879, 0.5765638450781504, 0.4837027092774709, 0.4148531456788381, 0.3680191735426585, 0.3170304248730342, 0.2835503468910853, 0.25094004968802136, 0.22411356369654337, 0.22850555181503296, 0.22241854667663574, 0.17454703897237778, 0.3181653569142024, 0.23264546692371368, 0.20764821271101633, 0.17597196996212006, 0.1541829158862432, 0.14092009762922922, 0.14331230272849402, 0.25514862934748334, 0.30411166449387866, 0.11840073764324188, 0.11217243721087773, 0.191109761595726, 0.11967937896649043, 0.1607072800397873, 0.18774069348971048, 0.17388692994912466, 0.25089312096436817, 0.1830391933520635, 0.12080297370751698, 0.10824817419052124, 0.12554840991894403, 0.18046252926190695, 0.21336844563484192, 0.14511405676603317, 0.09725159406661987, 0.1747458577156067, 0.20312737425168356, 0.19519115487734476, 0.11984733492136002, 0.14979360004266104, 0.11035661896069844, 0.09622765084107716, 0.11242932577927907], "ood_acc": [0.08700000494718552, 0.20800000429153442, 0.26600000262260437, 0.2710000276565552, 0.30400002002716064, 0.34700000286102295, 0.3400000035762787, 0.3970000147819519, 0.39000001549720764, 0.406000018119812, 0.4240000247955322, 0.43300002813339233, 0.4320000112056732, 0.41200003027915955, 0.42500001192092896, 0.4270000159740448, 0.4350000321865082, 0.45000001788139343, 0.4360000193119049, 0.4480000138282776, 0.42100003361701965, 0.42500001192092896, 0.4570000171661377, 0.42600002884864807, 0.42000001668930054, 0.42900002002716064, 0.4190000295639038, 0.41200003027915955, 0.4130000174045563, 0.4400000274181366, 0.41700002551078796, 0.44300001859664917, 0.43800002336502075, 0.4360000193119049, 0.4310000240802765, 0.4100000262260437, 0.42900002002716064, 0.40700000524520874, 0.42000001668930054, 0.37800002098083496, 0.3720000088214874, 0.39500001072883606, 0.38600000739097595, 0.3960000276565552, 0.4220000207424164, 0.43300002813339233, 0.4140000343322754, 0.4090000092983246, 0.4130000174045563, 0.41200003027915955, 0.44700002670288086], "ood_ce": [2.3092896938323975, 2.225206136703491, 2.0205371379852295, 1.9788320064544678, 2.2580788135528564, 2.2345893383026123, 2.159604787826538, 2.0138866901397705, 2.0694844722747803, 2.234687566757202, 2.238870620727539, 2.203101396560669, 2.330617666244507, 2.6793484687805176, 2.396578788757324, 2.5471580028533936, 2.4721148014068604, 2.465282440185547, 2.634197473526001, 2.617053747177124, 2.9946534633636475, 2.446594715118408, 2.5049524307250977, 2.9115843772888184, 2.7681500911712646, 2.9420392513275146, 3.3209962844848633, 3.2660322189331055, 3.32978892326355, 3.167022228240967, 2.854353427886963, 3.266467332839966, 3.5670323371887207, 3.4027204513549805, 3.515568494796753, 3.235821485519409, 3.309654474258423, 3.521395206451416, 3.2720577716827393, 3.1374990940093994, 3.6686747074127197, 2.688244581222534, 3.3549177646636963, 4.112006187438965, 3.4171178340911865, 3.4129183292388916, 3.3116977214813232, 3.136340379714966, 3.217883348464966, 3.3846325874328613, 3.390623092651367]}