{"step": [0, 30, 60, 90, 120, 150, 180, 210, 240, 270, 300, 330, 360, 390, 420, 450, 480, 510, 540, 570, 600, 630, 660, 690, 720, 750, 780, 810, 840, 870, 900, 930, 960, 990, 1020, 1050, 1080, 1110, 1140, 1170, 1200, 1230, 1260, 1290, 1320, 1350, 1380, 1410, 1440, 1470, 1499], "train": [2.2955477237701416, 2.047726114590963, 1.6070316632588704, 1.2077965935071309, 0.9278537631034851, 0.8035193085670471, 0.6246760487556458, 0.5544582009315491, 0.48574385046958923, 0.4145333766937256, 0.3034280836582184, 0.30402418474356335, 0.28038590649763745, 0.2938123494386673, 0.2357515593369802, 0.22518646717071533, 0.19972224285205206, 0.18307204296191534, 0.17319776117801666, 0.1637126455704371, 0.15374248226483664, 0.14617534230152765, 0.10893907646338145, 0.22703547279040018, 0.2653389523426692, 0.1342694858709971, 0.1162024587392807, 0.13020609319210052, 0.16229163855314255, 0.1653933972120285, 0.10367968430121739, 0.19606549044450125, 0.14749274402856827, 0.14851543307304382, 0.128166434665521, 0.13217861205339432, 0.2300586700439453, 0.13057166089614233, 0.12081232170263927, 0.19775605698426565, 0.1203986257314682, 0.10367964953184128, 0.0921635093788306, 0.12542893489201865, 0.14545906086762747, 0.09259569148222606, 0.14674228429794312, 0.1075719843308131, 0.1017272478590409, 0.09761220465103786, 0.11488951494296391], "ood_acc": [0.08700000494718552, 0.23000000417232513, 0.26500001549720764, 0.2630000114440918, 0.3270000219345093, 0.3230000138282776, 0.33400002121925354, 0.37800002098083496, 0.37400001287460327, 0.3620000183582306, 0.3830000162124634, 0.3920000195503235, 0.3800000250339508, 0.4090000092983246, 0.4090000092983246, 0.39900001883506775, 0.4230000078678131, 0.40300002694129944, 0.4000000059604645, 0.43400001525878906, 0.4220000207424164, 0.398000031709671, 0.406000018119812, 0.406000018119812, 0.4100000262260437, 0.38200002908706665, 0.40700000524520874, 0.3930000066757202, 0.41200003027915955, 0.398000031709671, 0.41600000858306885, 0.4280000329017639, 0.39100003242492676, 0.3840000033378601, 0.39100003242492676, 0.39000001549720764, 0.3840000033378601, 0.4000000059604645, 0.4010000228881836, 0.3790000081062317, 0.3680000305175781, 0.367000013589859, 0.39000001549720764, 0.398000031709671, 0.3710000216960907, 0.38600000739097595, 0.39000001549720764, 0.4180000126361847, 0.4000000059604645, 0.37400001287460327, 0.3930000066757202], "ood_ce": [2.309570789337158, 2.173501968383789, 1.9815233945846558, 2.0011909008026123, 2.0459258556365967, 2.2991433143615723, 2.2563414573669434, 2.099409580230713, 2.2439653873443604, 2.259211778640747, 2.455873966217041, 2.696392297744751, 2.7141666412353516, 2.5458145141601562, 2.530733108520508, 2.5954971313476562, 2.461268901824951, 2.521904945373535, 2.7681567668914795, 3.124319076538086, 2.908874750137329, 2.9917047023773193, 2.9924981594085693, 3.161289691925049, 2.88875150680542, 2.8748412132263184, 3.0961191654205322, 3.3715767860412598, 2.8682587146759033, 2.889040946960449, 3.1096763610839844, 3.6774210929870605, 3.662409782409668, 3.3287241458892822, 3.1971232891082764, 3.5369176864624023, 3.4799208641052246, 3.5245814323425293, 3.586446762084961, 3.5855588912963867, 3.3454887866973877, 3.3654870986938477, 3.6802268028259277, 4.0638275146484375, 3.782759428024292, 3.735440254211426, 4.071377754211426, 4.211817264556885, 4.075780391693115, 4.281538009643555, 4.552226543426514]}