{"step": [0, 30, 60, 90, 120, 150, 180, 210, 240, 270, 300, 330, 360, 390, 420, 450, 480, 510, 540, 570, 600, 630, 660, 690, 720, 750, 780, 810, 840, 870, 900, 930, 960, 990, 1020, 1050, 1080, 1110, 1140, 1170, 1200, 1230, 1260, 1290, 1320, 1350, 1380, 1410, 1440, 1470, 1499], "train": [2.3145358562469482, 2.1609581311543784, 1.8067745367685955, 1.412517507870992, 1.1165805260340373, 0.8483077685038248, 0.6403021713097891, 0.5336062212785085, 0.44535695513089496, 0.378238985935847, 0.33690698941548664, 0.32610610127449036, 0.2573138276735942, 0.2576662401358287, 0.22457521657148996, 0.20763002087672552, 0.2388515571753184, 0.1920806715885798, 0.18377778430779776, 0.15519660214583078, 0.18551195164521536, 0.1607306276758512, 0.1926200514038404, 0.1892684449752172, 0.17523960769176483, 0.19150427480538687, 0.11621210475762685, 0.13361798723538718, 0.10482958952585857, 0.13578509539365768, 0.1372370719909668, 0.12400912493467331, 0.10206346462170283, 0.12924131999413171, 0.11775078376134236, 0.12389707565307617, 0.16340725620587668, 0.13797244677941004, 0.1266122137506803, 0.10703038920958836, 0.10914212961991628, 0.1288966660698255, 0.09063694750269254, 0.16619435201088587, 0.16179321457942328, 0.08496599396069844, 0.07320445775985718, 0.12984947860240936, 0.09091104691227277, 0.09004098922014236, 0.09010996669530869], "ood_acc": [0.08700000494718552, 0.21800000965595245, 0.2880000174045563, 0.30400002002716064, 0.3450000286102295, 0.37800002098083496, 0.38600000739097595, 0.4050000309944153, 0.41600000858306885, 0.4140000343322754, 0.41200003027915955, 0.42500001192092896, 0.4280000329017639, 0.4000000059604645, 0.3890000283718109, 0.42900002002716064, 0.4230000078678131, 0.41200003027915955, 0.4010000228881836, 0.43300002813339233, 0.4190000295639038, 0.4490000307559967, 0.4360000193119049, 0.40800002217292786, 0.41600000858306885, 0.4050000309944153, 0.43300002813339233, 0.4400000274181366, 0.4020000100135803, 0.4180000126361847, 0.3970000147819519, 0.4230000078678131, 0.43400001525878906, 0.42000001668930054, 0.43400001525878906, 0.4240000247955322, 0.4190000295639038, 0.42900002002716064, 0.44200003147125244, 0.45500001311302185, 0.4220000207424164, 0.41200003027915955, 0.42100003361701965, 0.42100003361701965, 0.4310000240802765, 0.4240000247955322, 0.4520000219345093, 0.42500001192092896, 0.4360000193119049, 0.42500001192092896, 0.4190000295639038], "ood_ce": [2.3092896938323975, 2.217888116836548, 2.027918815612793, 1.8756237030029297, 1.8821938037872314, 1.9825844764709473, 1.9313448667526245, 1.949154257774353, 1.9982900619506836, 2.0871002674102783, 2.135868787765503, 2.1120259761810303, 2.2913224697113037, 2.7036185264587402, 2.7469379901885986, 2.582207202911377, 2.5435938835144043, 2.302932024002075, 2.6068756580352783, 2.488008737564087, 2.6158339977264404, 2.595829725265503, 2.720802068710327, 2.727545738220215, 2.725022792816162, 3.1826248168945312, 2.8800954818725586, 2.77946138381958, 3.159804582595825, 2.952180862426758, 3.685835361480713, 3.319580078125, 3.37142014503479, 3.2032060623168945, 3.3944594860076904, 3.128533124923706, 3.5467538833618164, 3.1437430381774902, 2.811307430267334, 3.3103854656219482, 3.5123608112335205, 3.8907217979431152, 3.535480499267578, 3.2905218601226807, 2.989900827407837, 3.0650839805603027, 3.075420618057251, 2.839833974838257, 2.912343740463257, 3.0635128021240234, 3.3586699962615967]}