{"step": [0, 30, 60, 90, 120, 150, 180, 210, 240, 270, 300, 330, 360, 390, 420, 450, 480, 510, 540, 570, 600, 630, 660, 690, 720, 750, 780, 810, 840, 870, 900, 930, 960, 990, 1020, 1050, 1080, 1110, 1140, 1170, 1200, 1230, 1260, 1290, 1320, 1350, 1380, 1410, 1440, 1470, 1499], "train": [2.3145358562469482, 2.1598641872406006, 1.789923628171285, 1.359152356783549, 1.056012471516927, 0.8123154044151306, 0.6343465944131216, 0.5337204734484354, 0.44465742508570355, 0.390394926071167, 0.3303620020548503, 0.2991217275460561, 0.2616312305132548, 0.23235238095124564, 0.2766072601079941, 0.207478329539299, 0.1947913592060407, 0.16436972469091415, 0.16301378856102625, 0.1902842124303182, 0.1526054913798968, 0.14844029396772385, 0.12378798425197601, 0.1285417601466179, 0.1830877661705017, 0.16342926025390625, 0.11487597475449245, 0.11544159551461537, 0.1220536728700002, 0.144239142537117, 0.12715244044860205, 0.2618965357542038, 0.0866360714038213, 0.11595696955919266, 0.1132718895872434, 0.10092554613947868, 0.08777911216020584, 0.09813304742177327, 0.16025524338086447, 0.12988866865634918, 0.19497320552666983, 0.10731614132722218, 0.1138491506377856, 0.11261928329865138, 0.12254735082387924, 0.07293135796984036, 0.085230503231287, 0.09050169711311658, 0.09806946665048599, 0.0884393999973933, 0.16418683032194772], "ood_acc": [0.08700000494718552, 0.21700000762939453, 0.2900000214576721, 0.2980000078678131, 0.3440000116825104, 0.3720000088214874, 0.34200000762939453, 0.41100001335144043, 0.398000031709671, 0.3930000066757202, 0.41600000858306885, 0.4270000159740448, 0.4280000329017639, 0.3920000195503235, 0.4100000262260437, 0.4150000214576721, 0.41200003027915955, 0.4190000295639038, 0.42000001668930054, 0.42900002002716064, 0.4350000321865082, 0.4190000295639038, 0.4220000207424164, 0.4310000240802765, 0.4310000240802765, 0.4130000174045563, 0.4350000321865082, 0.4400000274181366, 0.4520000219345093, 0.43300002813339233, 0.4230000078678131, 0.4350000321865082, 0.4390000104904175, 0.4240000247955322, 0.4300000071525574, 0.406000018119812, 0.4130000174045563, 0.4150000214576721, 0.44300001859664917, 0.4220000207424164, 0.3970000147819519, 0.40800002217292786, 0.4310000240802765, 0.38200002908706665, 0.4750000238418579, 0.43800002336502075, 0.4360000193119049, 0.4280000329017639, 0.43300002813339233, 0.4390000104904175, 0.39000001549720764], "ood_ce": [2.3092896938323975, 2.2173526287078857, 2.012007474899292, 1.8935047388076782, 1.9439619779586792, 2.020763635635376, 2.074842691421509, 1.9771068096160889, 2.0678436756134033, 2.2375495433807373, 2.1949048042297363, 2.1444826126098633, 2.24064040184021, 2.6785335540771484, 2.6029746532440186, 2.7058939933776855, 2.538752794265747, 2.418994426727295, 2.636706590652466, 2.6644861698150635, 2.8014607429504395, 2.764169931411743, 2.3827695846557617, 2.7182302474975586, 2.942758560180664, 3.1762266159057617, 2.9201717376708984, 2.836397409439087, 3.1154706478118896, 3.082979917526245, 3.2775931358337402, 2.947364330291748, 3.1203091144561768, 3.065319061279297, 2.706094741821289, 2.8294780254364014, 2.774172306060791, 2.9826157093048096, 3.1721370220184326, 3.163806915283203, 3.6702630519866943, 2.9932262897491455, 2.875886917114258, 3.1133782863616943, 2.7184560298919678, 3.155064582824707, 3.471865177154541, 3.6061923503875732, 3.770329236984253, 3.349832773208618, 3.75443696975708]}