{"step": [0, 30, 60, 90, 120, 150, 180, 210, 240, 270, 300, 330, 360, 390, 420, 450, 480, 510, 540, 570, 600, 630, 660, 690, 720, 750, 780, 810, 840, 870, 900, 930, 960, 990, 1020, 1050, 1080, 1110, 1140, 1170, 1200, 1230, 1260, 1290, 1320, 1350, 1380, 1410, 1440, 1470, 1499], "train": [2.2955477237701416, 2.038785696029663, 1.591494083404541, 1.2513740460077922, 0.9377560416857401, 0.739849309126536, 0.5844750901063284, 0.49887128671010333, 0.4272714704275131, 0.35708391666412354, 0.31568196912606555, 0.2640126297871272, 0.28288104633490246, 0.26596827805042267, 0.23581326007843018, 0.1877193624774615, 0.20554744452238083, 0.17982458074887595, 0.16027106593052545, 0.15910229831933975, 0.14041120062271753, 0.14596172918876013, 0.14195279777050018, 0.113096434623003, 0.13099643091360727, 0.12939109901587167, 0.11235791444778442, 0.10651930669943492, 0.162191241979599, 0.20264805356661478, 0.12595686316490173, 0.10740715513626735, 0.11269018054008484, 0.11668682098388672, 0.14436950037876764, 0.1843577561279138, 0.1924286037683487, 0.30379440387090045, 0.09812248249848683, 0.10214339196681976, 0.10509348412354787, 0.0995045577486356, 0.08430001387993495, 0.0857345312833786, 0.10467087477445602, 0.13062659402688345, 0.140485850473245, 0.10107787698507309, 0.14495758712291718, 0.10329911609490712, 0.1405385211110115], "ood_acc": [0.08700000494718552, 0.2330000102519989, 0.29500001668930054, 0.281000018119812, 0.3450000286102295, 0.3460000157356262, 0.3700000047683716, 0.3800000250339508, 0.367000013589859, 0.4050000309944153, 0.38700002431869507, 0.3930000066757202, 0.3960000276565552, 0.4220000207424164, 0.39000001549720764, 0.3960000276565552, 0.398000031709671, 0.3850000202655792, 0.38600000739097595, 0.4150000214576721, 0.38100001215934753, 0.39900001883506775, 0.36900001764297485, 0.3760000169277191, 0.398000031709671, 0.39000001549720764, 0.39900001883506775, 0.3890000283718109, 0.398000031709671, 0.37800002098083496, 0.3800000250339508, 0.41100001335144043, 0.40300002694129944, 0.36400002241134644, 0.42100003361701965, 0.38200002908706665, 0.37700000405311584, 0.38100001215934753, 0.3750000298023224, 0.3700000047683716, 0.3710000216960907, 0.3750000298023224, 0.38200002908706665, 0.3840000033378601, 0.3750000298023224, 0.3830000162124634, 0.3800000250339508, 0.367000013589859, 0.3710000216960907, 0.37300002574920654, 0.39400002360343933], "ood_ce": [2.309570789337158, 2.1677401065826416, 1.9613189697265625, 1.9084361791610718, 1.9309182167053223, 2.054189443588257, 2.0675480365753174, 2.1174466609954834, 2.3786423206329346, 2.2386343479156494, 2.4590630531311035, 2.4938695430755615, 2.514169454574585, 2.361443042755127, 2.707697868347168, 2.763641119003296, 2.6453559398651123, 2.717799186706543, 2.820452928543091, 2.8441872596740723, 3.0447163581848145, 3.0160415172576904, 3.101996898651123, 3.282881259918213, 2.8485848903656006, 3.4585766792297363, 3.0904805660247803, 3.460204601287842, 3.527381658554077, 4.037446975708008, 3.374917507171631, 3.2401599884033203, 3.392735242843628, 3.1299221515655518, 3.0814921855926514, 3.694746255874634, 3.3690264225006104, 3.450298309326172, 3.351047992706299, 3.8148348331451416, 3.349806547164917, 3.326561212539673, 3.7458336353302, 3.7536230087280273, 4.0205583572387695, 4.103944778442383, 4.148621559143066, 3.819171190261841, 3.8795125484466553, 3.811732769012451, 4.078901290893555]}