{"step": [0, 30, 60, 90, 120, 150, 180, 210, 240, 270, 300, 330, 360, 390, 420, 450, 480, 510, 540, 570, 600, 630, 660, 690, 720, 750, 780, 810, 840, 870, 900, 930, 960, 990, 1020, 1050, 1080, 1110, 1140, 1170, 1200, 1230, 1260, 1290, 1320, 1350, 1380, 1410, 1440, 1470, 1499], "train": [2.3100438912709556, 2.1219906012217202, 1.7840443054835002, 1.4510174989700317, 1.1351335843404133, 0.8937027057011923, 0.6775653759638468, 0.5597436924775442, 0.46276089549064636, 0.4310129036506017, 0.36495987077554065, 0.2968417952458064, 0.2753184934457143, 0.2609779288371404, 0.24911015232404074, 0.21031088630358377, 0.19157848010460535, 0.17422748357057571, 0.1566650147239367, 0.14339426904916763, 0.12507978826761246, 0.1238485798239708, 0.15354418009519577, 0.14126316209634146, 0.13731215645869574, 0.13028711328903833, 0.10861003771424294, 0.11608384549617767, 0.1308002471923828, 0.16575202345848083, 0.0990286519130071, 0.11137764652570088, 0.10097042346994083, 0.1079908733566602, 0.09145692735910416, 0.10830487062533696, 0.10312999784946442, 0.09443032741546631, 0.07296258086959521, 0.07857637604077657, 0.09150321409106255, 0.08831321448087692, 0.1021041472752889, 0.0904646838704745, 0.09940097108483315, 0.09891630460818608, 0.0873836154739062, 0.06941033775607745, 0.07878052443265915, 0.10063464194536209, 0.08210543543100357], "ood_acc": [0.07500000298023224, 0.21900001168251038, 0.2670000195503235, 0.2840000092983246, 0.3270000219345093, 0.3850000202655792, 0.42000001668930054, 0.4150000214576721, 0.4300000071525574, 0.4310000240802765, 0.44300001859664917, 0.42000001668930054, 0.4520000219345093, 0.4220000207424164, 0.43300002813339233, 0.4220000207424164, 0.4390000104904175, 0.4480000138282776, 0.4580000340938568, 0.4360000193119049, 0.445000022649765, 0.43400001525878906, 0.43800002336502075, 0.42000001668930054, 0.42600002884864807, 0.45100003480911255, 0.453000009059906, 0.4350000321865082, 0.41100001335144043, 0.42600002884864807, 0.43300002813339233, 0.4150000214576721, 0.4150000214576721, 0.41600000858306885, 0.4360000193119049, 0.4310000240802765, 0.4390000104904175, 0.4410000145435333, 0.4280000329017639, 0.4580000340938568, 0.4220000207424164, 0.4400000274181366, 0.42500001192092896, 0.4390000104904175, 0.43700000643730164, 0.41100001335144043, 0.4410000145435333, 0.40800002217292786, 0.41100001335144043, 0.4140000343322754, 0.41100001335144043], "ood_ce": [2.309131383895874, 2.1910452842712402, 2.0285680294036865, 1.9020384550094604, 1.8420274257659912, 1.7116315364837646, 1.8285073041915894, 1.7825850248336792, 1.7913354635238647, 1.9609586000442505, 1.9410114288330078, 2.138700008392334, 2.0583155155181885, 2.312385320663452, 2.4054043292999268, 2.33156156539917, 2.5991756916046143, 2.413787364959717, 2.4438910484313965, 2.6041786670684814, 2.50067400932312, 2.610229015350342, 2.499415874481201, 2.6906707286834717, 2.666290521621704, 2.7426817417144775, 2.8859119415283203, 2.7475719451904297, 2.88826322555542, 3.0842514038085938, 3.252471446990967, 3.289555311203003, 3.058377504348755, 2.8131608963012695, 2.9835450649261475, 2.923367977142334, 2.883556604385376, 3.10723876953125, 3.1741626262664795, 3.0252151489257812, 3.217216968536377, 3.0374698638916016, 3.3411500453948975, 3.187488317489624, 3.130506992340088, 3.406352996826172, 3.242861747741699, 3.4939663410186768, 3.3968148231506348, 3.2070508003234863, 3.133230686187744]}