{"step": [0, 30, 60, 90, 120, 150, 180, 210, 240, 270, 300, 330, 360, 390, 420, 450, 480, 510, 540, 570, 600, 630, 660, 690, 720, 750, 780, 810, 840, 870, 900, 930, 960, 990, 1020, 1050, 1080, 1110, 1140, 1170, 1200, 1230, 1260, 1290, 1320, 1350, 1380, 1410, 1440, 1470, 1499], "train": [2.289719343185425, 2.060300429662069, 1.6825581789016724, 1.2994975646336873, 0.997846762339274, 0.7927152911822001, 0.6528432865937551, 0.542312224706014, 0.47018130620320636, 0.42498814066251117, 0.39238975445429486, 0.3721521894137065, 0.3069598724444707, 0.2620301693677902, 0.21606463193893433, 0.24988334874312082, 0.2355607549349467, 0.2134379744529724, 0.20992531379063925, 0.1872551292181015, 0.1563744619488716, 0.14879853030045828, 0.20738351345062256, 0.1773990293343862, 0.16147265334924063, 0.1397658238808314, 0.20555556317170462, 0.1725191374619802, 0.17522275944550833, 0.19221187382936478, 0.12220431491732597, 0.12785366425911585, 0.14726976305246353, 0.1377998317281405, 0.12452605490883191, 0.13965158412853876, 0.11831533660491307, 0.09127683689196904, 0.1333374778429667, 0.1255625014503797, 0.12080377837022145, 0.12672272572914758, 0.1450044165054957, 0.1626807451248169, 0.10814181715250015, 0.08189839373032252, 0.09349978218475978, 0.09865745902061462, 0.09117921565969785, 0.25536389152208966, 0.16885340213775635], "ood_acc": [0.1120000034570694, 0.18700000643730164, 0.2770000100135803, 0.27400001883506775, 0.2970000207424164, 0.3450000286102295, 0.37400001287460327, 0.39000001549720764, 0.34200000762939453, 0.4150000214576721, 0.4220000207424164, 0.4190000295639038, 0.41600000858306885, 0.4300000071525574, 0.4270000159740448, 0.4280000329017639, 0.4310000240802765, 0.42000001668930054, 0.40700000524520874, 0.40700000524520874, 0.4240000247955322, 0.43800002336502075, 0.4010000228881836, 0.41200003027915955, 0.4270000159740448, 0.43700000643730164, 0.42500001192092896, 0.3970000147819519, 0.4100000262260437, 0.4000000059604645, 0.3830000162124634, 0.42000001668930054, 0.4050000309944153, 0.3960000276565552, 0.41700002551078796, 0.40700000524520874, 0.4350000321865082, 0.4100000262260437, 0.41700002551078796, 0.40400001406669617, 0.39100003242492676, 0.4220000207424164, 0.4230000078678131, 0.4150000214576721, 0.3960000276565552, 0.42500001192092896, 0.39900001883506775, 0.36500000953674316, 0.3830000162124634, 0.3190000057220459, 0.4150000214576721], "ood_ce": [2.3007583618164062, 2.1702427864074707, 1.9949052333831787, 2.0639898777008057, 2.1808388233184814, 2.1356520652770996, 2.0518500804901123, 1.8537901639938354, 2.272584915161133, 2.1098744869232178, 2.0777251720428467, 2.198331117630005, 2.1817758083343506, 2.5902488231658936, 2.4110100269317627, 2.7229652404785156, 2.4980032444000244, 2.733858346939087, 2.6253085136413574, 2.510166645050049, 2.55409574508667, 2.5257976055145264, 2.5916757583618164, 2.5174362659454346, 2.798231601715088, 2.7472317218780518, 2.642692804336548, 3.0900368690490723, 3.072050094604492, 3.297536849975586, 3.341993808746338, 3.2904791831970215, 2.8848459720611572, 2.891986846923828, 2.7726054191589355, 3.26076340675354, 3.1782844066619873, 3.267849922180176, 3.299210548400879, 3.5360612869262695, 3.3267626762390137, 3.384380578994751, 3.35903263092041, 2.9693968296051025, 3.24214243888855, 3.303905963897705, 3.5444865226745605, 3.9094457626342773, 3.639632225036621, 3.664449453353882, 2.9706859588623047]}