{"step": [0, 30, 60, 90, 120, 150, 180, 210, 240, 270, 300, 330, 360, 390, 420, 450, 480, 510, 540, 570, 600, 630, 660, 690, 720, 750, 780, 810, 840, 870, 900, 930, 960, 990, 1020, 1050, 1080, 1110, 1140, 1170, 1200, 1230, 1260, 1290, 1320, 1350, 1380, 1410, 1440, 1470, 1499], "train": [2.294736623764038, 2.120655616124471, 1.7610077857971191, 1.3991568485895793, 1.0673638780911763, 0.8276490569114685, 0.6437389155228933, 0.5341812173525492, 0.43641312917073566, 0.4012241264184316, 0.33554768562316895, 0.2989073246717453, 0.2542005926370621, 0.25867293278376263, 0.2247766306002935, 0.20466486116250357, 0.20368342846632004, 0.17917882154385248, 0.1631813421845436, 0.1593548705180486, 0.1667145217458407, 0.13392570863167444, 0.19105583180983862, 0.11938583850860596, 0.11064016322294871, 0.17098636428515115, 0.11094110707441966, 0.12007712821165721, 0.11407763510942459, 0.11035773158073425, 0.1070870930949847, 0.1181800588965416, 0.17944516241550446, 0.1476715256770452, 0.09873953958352406, 0.08895762885610263, 0.10878593226273854, 0.33556319773197174, 0.0913658266266187, 0.09657389918963115, 0.0915019338329633, 0.08661826451619466, 0.13148694733778635, 0.08253632982571919, 0.10015901923179626, 0.12708704670270285, 0.08789849405487378, 0.08518431335687637, 0.1032170703013738, 0.07781549667318662, 0.0711659515897433], "ood_acc": [0.11900000274181366, 0.2240000069141388, 0.2630000114440918, 0.30400002002716064, 0.33000001311302185, 0.36400002241134644, 0.3890000283718109, 0.4090000092983246, 0.41200003027915955, 0.41100001335144043, 0.40700000524520874, 0.4180000126361847, 0.41200003027915955, 0.42000001668930054, 0.4300000071525574, 0.43700000643730164, 0.4050000309944153, 0.4130000174045563, 0.42000001668930054, 0.42900002002716064, 0.4310000240802765, 0.4150000214576721, 0.4280000329017639, 0.42100003361701965, 0.3920000195503235, 0.4190000295639038, 0.3830000162124634, 0.4240000247955322, 0.41600000858306885, 0.4130000174045563, 0.41700002551078796, 0.4310000240802765, 0.3960000276565552, 0.406000018119812, 0.4300000071525574, 0.4100000262260437, 0.3970000147819519, 0.4230000078678131, 0.39400002360343933, 0.41600000858306885, 0.4230000078678131, 0.42100003361701965, 0.3970000147819519, 0.4150000214576721, 0.4130000174045563, 0.4190000295639038, 0.39900001883506775, 0.40800002217292786, 0.4090000092983246, 0.41700002551078796, 0.4190000295639038], "ood_ce": [2.3005263805389404, 2.2103452682495117, 2.0461223125457764, 1.9327869415283203, 1.94076669216156, 1.8523439168930054, 1.8617497682571411, 1.9479094743728638, 1.8742064237594604, 2.060976505279541, 2.142845869064331, 2.035548686981201, 2.2641656398773193, 2.2614824771881104, 2.20137619972229, 2.39894437789917, 2.7934234142303467, 2.5404765605926514, 2.8424503803253174, 2.7706587314605713, 2.82668137550354, 2.8165485858917236, 3.0953822135925293, 2.9231584072113037, 3.182582378387451, 3.153123617172241, 3.1368472576141357, 3.1494059562683105, 2.94582200050354, 3.0377352237701416, 3.1868741512298584, 3.0269699096679688, 3.522573709487915, 3.352864980697632, 2.9220592975616455, 3.4708850383758545, 3.52457857131958, 3.298196792602539, 3.157723903656006, 3.0565617084503174, 3.4280641078948975, 3.637171745300293, 3.241621732711792, 3.17956805229187, 3.4351232051849365, 3.3404226303100586, 3.1943302154541016, 3.224747896194458, 3.796269416809082, 3.7287395000457764, 4.118762493133545]}