{"step": [0, 30, 60, 90, 120, 150, 180, 210, 240, 270, 300, 330, 360, 390, 420, 450, 480, 510, 540, 570, 600, 630, 660, 690, 720, 750, 780, 810, 840, 870, 900, 930, 960, 990, 1020, 1050, 1080, 1110, 1140, 1170, 1200, 1230, 1260, 1290, 1320, 1350, 1380, 1410, 1440, 1470, 1499], "train": [2.2990516821543374, 2.0465104579925537, 1.6278657118479412, 1.3089693387349446, 0.9953849116961161, 0.7467973629633585, 0.5869638025760651, 0.5144802033901215, 0.4331001142660777, 0.3805067042509715, 0.34624460836251575, 0.3245403617620468, 0.2710838069518407, 0.32290953397750854, 0.24310762186845145, 0.20843292524417242, 0.2050290827949842, 0.24029583732287088, 0.1612706482410431, 0.15482537696758905, 0.2038607249657313, 0.17083651820818582, 0.151242067416509, 0.15007310112317404, 0.17994484305381775, 0.17215572049220404, 0.1208623896042506, 0.11456217616796494, 0.10459217925866444, 0.14544443786144257, 0.12244768192370732, 0.1238258530696233, 0.1051796202858289, 0.16677133738994598, 0.10074936971068382, 0.09214415028691292, 0.1235257883866628, 0.09434654439489047, 0.12080795814593633, 0.12763574222723642, 0.39138052860895794, 0.26864585280418396, 0.22553821156422296, 0.08770504966378212, 0.10939313222964604, 0.14828780790170035, 0.07466272637248039, 0.10435192535320918, 0.08944468448559444, 0.08676135788361232, 0.09321865191062291], "ood_acc": [0.10000000149011612, 0.2110000103712082, 0.2590000033378601, 0.2760000228881836, 0.36400002241134644, 0.3680000305175781, 0.38700002431869507, 0.39000001549720764, 0.41700002551078796, 0.41700002551078796, 0.43800002336502075, 0.4240000247955322, 0.42000001668930054, 0.42000001668930054, 0.4360000193119049, 0.42500001192092896, 0.4280000329017639, 0.45600003004074097, 0.42500001192092896, 0.4270000159740448, 0.4280000329017639, 0.43700000643730164, 0.4190000295639038, 0.40700000524520874, 0.44200003147125244, 0.4190000295639038, 0.4390000104904175, 0.45100003480911255, 0.4310000240802765, 0.39900001883506775, 0.4190000295639038, 0.40800002217292786, 0.4190000295639038, 0.4090000092983246, 0.4020000100135803, 0.41700002551078796, 0.4280000329017639, 0.41100001335144043, 0.3960000276565552, 0.40700000524520874, 0.37800002098083496, 0.3840000033378601, 0.39400002360343933, 0.40300002694129944, 0.40700000524520874, 0.41200003027915955, 0.42100003361701965, 0.43300002813339233, 0.4140000343322754, 0.4130000174045563, 0.39500001072883606], "ood_ce": [2.3157217502593994, 2.1807262897491455, 1.978825569152832, 1.9426071643829346, 1.996921181678772, 1.9971346855163574, 1.9649627208709717, 1.9862710237503052, 2.109070062637329, 2.225281238555908, 2.4640228748321533, 2.335298776626587, 2.5330543518066406, 2.635335922241211, 2.4368624687194824, 2.5867667198181152, 2.662412166595459, 2.7212748527526855, 2.642038106918335, 2.689465045928955, 2.9045069217681885, 2.911430597305298, 2.649815082550049, 2.8146495819091797, 2.8047263622283936, 2.5659072399139404, 2.583740711212158, 2.8338937759399414, 2.8903040885925293, 3.0753471851348877, 2.8178372383117676, 2.9635019302368164, 2.833479642868042, 3.083716869354248, 3.670527458190918, 3.6585230827331543, 3.7367630004882812, 3.6959068775177, 3.825482130050659, 3.8032495975494385, 3.9868311882019043, 3.6708483695983887, 3.604238986968994, 3.269965648651123, 3.4144179821014404, 3.6552464962005615, 3.5071003437042236, 3.7900702953338623, 3.845390558242798, 4.104747295379639, 3.722991704940796]}