{"step": [0, 30, 60, 90, 120, 150, 180, 210, 240, 270, 300, 330, 360, 390, 420, 450, 480, 510, 540, 570, 600, 630, 660, 690, 720, 750, 780, 810, 840, 870, 900, 930, 960, 990, 1020, 1050, 1080, 1110, 1140, 1170, 1200, 1230, 1260, 1290, 1320, 1350, 1380, 1410, 1440, 1470, 1499], "train": [2.302424589792887, 2.0928324858347573, 1.7428054014841716, 1.3319242397944133, 0.9963645736376444, 0.8042068282763163, 0.6857839226722717, 0.556956430276235, 0.49682892362276715, 0.4225793927907944, 0.38684692482153576, 0.3523491124312083, 0.3000170240799586, 0.3006055106719335, 0.29024576644102734, 0.25574782490730286, 0.2289740890264511, 0.26487605770428974, 0.24446095526218414, 0.19620691736539206, 0.24343617260456085, 0.23133410513401031, 0.16368126372496286, 0.19655807067950568, 0.17593268056710562, 0.1159013273815314, 0.19399277369181314, 0.22261793911457062, 0.12396314491828282, 0.10157584398984909, 0.11266345779101054, 0.4575876146554947, 0.12435855964819591, 0.1175060694416364, 0.15187959869702658, 0.1171157235900561, 0.33166617651780445, 0.12099708616733551, 0.11149161805709203, 0.14875956128040949, 0.11285265783468883, 0.16312434524297714, 0.15695776790380478, 0.11728374908367793, 0.10432661573092143, 0.09920041014750798, 0.09097385903199513, 0.10448643068472545, 0.10348563889662425, 0.08262359102567036, 0.1178200493256251], "ood_acc": [0.11100000888109207, 0.24300001561641693, 0.2990000247955322, 0.33000001311302185, 0.32100000977516174, 0.33400002121925354, 0.3720000088214874, 0.38200002908706665, 0.38600000739097595, 0.40700000524520874, 0.42600002884864807, 0.4220000207424164, 0.4130000174045563, 0.41100001335144043, 0.37700000405311584, 0.41700002551078796, 0.4400000274181366, 0.42500001192092896, 0.40700000524520874, 0.3880000114440918, 0.4000000059604645, 0.4090000092983246, 0.4240000247955322, 0.39100003242492676, 0.4220000207424164, 0.4020000100135803, 0.39000001549720764, 0.38100001215934753, 0.406000018119812, 0.42000001668930054, 0.4270000159740448, 0.4130000174045563, 0.44200003147125244, 0.4280000329017639, 0.42600002884864807, 0.41700002551078796, 0.3960000276565552, 0.39100003242492676, 0.3660000264644623, 0.4240000247955322, 0.39400002360343933, 0.4150000214576721, 0.42900002002716064, 0.3930000066757202, 0.3970000147819519, 0.42500001192092896, 0.40800002217292786, 0.3970000147819519, 0.406000018119812, 0.42500001192092896, 0.40800002217292786], "ood_ce": [2.2975423336029053, 2.1597719192504883, 1.9617836475372314, 1.872129201889038, 2.218421220779419, 2.1935789585113525, 2.3463211059570312, 2.20526123046875, 2.3928942680358887, 2.4154164791107178, 2.2392971515655518, 2.3081343173980713, 2.55517840385437, 2.5416083335876465, 2.7855567932128906, 2.671584129333496, 2.7558417320251465, 2.9188709259033203, 2.853208541870117, 2.8374998569488525, 2.9824156761169434, 2.9057462215423584, 2.726832866668701, 3.2067933082580566, 3.270368814468384, 3.2094874382019043, 3.4149136543273926, 2.979607343673706, 2.8732125759124756, 3.121419668197632, 3.326190948486328, 3.11246919631958, 3.204212188720703, 3.3066036701202393, 3.498783826828003, 3.437196731567383, 3.4540538787841797, 3.2582969665527344, 3.382049798965454, 3.3169522285461426, 3.8487751483917236, 4.011336803436279, 4.221121788024902, 3.813977003097534, 3.914447546005249, 3.675633430480957, 3.9289920330047607, 4.12608528137207, 3.573841094970703, 3.786766767501831, 4.119713306427002]}