{"step": [0, 30, 60, 90, 120, 150, 180, 210, 240, 270, 300, 330, 360, 390, 420, 450, 480, 510, 540, 570, 600, 630, 660, 690, 720, 750, 780, 810, 840, 870, 900, 930, 960, 990, 1020, 1050, 1080, 1110, 1140, 1170, 1200, 1230, 1260, 1290, 1320, 1350, 1380, 1410, 1440, 1470, 1499], "train": [2.3100438912709556, 2.1152332623799643, 1.754544695218404, 1.3376578092575073, 1.0068333745002747, 0.8137689232826233, 0.6622767249743143, 0.5993703504403433, 0.49744904041290283, 0.4821692109107971, 0.4005449563264847, 0.38310383756955463, 0.39318592349688214, 0.3340798616409302, 0.2761941800514857, 0.27563004692395526, 0.24261818329493204, 0.3514965573946635, 0.2050716131925583, 0.17007854580879211, 0.27788906792799634, 0.17677506804466248, 0.15485481669505438, 0.1626211553812027, 0.12183225403229396, 0.1527006154259046, 0.1888058384259542, 0.12103669842084248, 0.1806521713733673, 0.13556109368801117, 0.13585864007472992, 0.13460559397935867, 0.1233644038438797, 0.12054573496182759, 0.15213138361771902, 0.14816176891326904, 0.13063797603050867, 0.10308165103197098, 0.1272155443827311, 0.12719894448916116, 0.106594018638134, 0.1368276278177897, 0.1323606570561727, 0.18383251378933588, 0.13752100616693497, 0.10451259712378184, 0.12257237359881401, 0.25063088287909824, 0.09763390322526296, 0.11278911431630452, 0.11983902007341385], "ood_acc": [0.07500000298023224, 0.2370000183582306, 0.27400001883506775, 0.25600001215934753, 0.29500001668930054, 0.36500000953674316, 0.35200002789497375, 0.4020000100135803, 0.40800002217292786, 0.3880000114440918, 0.4000000059604645, 0.4090000092983246, 0.4230000078678131, 0.44200003147125244, 0.4580000340938568, 0.42500001192092896, 0.4540000259876251, 0.45500001311302185, 0.4580000340938568, 0.4400000274181366, 0.42100003361701965, 0.4480000138282776, 0.41200003027915955, 0.4350000321865082, 0.45900002121925354, 0.40800002217292786, 0.43800002336502075, 0.4480000138282776, 0.3880000114440918, 0.4580000340938568, 0.4360000193119049, 0.44700002670288086, 0.4270000159740448, 0.4410000145435333, 0.45100003480911255, 0.4140000343322754, 0.4400000274181366, 0.4310000240802765, 0.4390000104904175, 0.4360000193119049, 0.4270000159740448, 0.42100003361701965, 0.40800002217292786, 0.40700000524520874, 0.4270000159740448, 0.4220000207424164, 0.41200003027915955, 0.4100000262260437, 0.4150000214576721, 0.4300000071525574, 0.4310000240802765], "ood_ce": [2.309131383895874, 2.176995038986206, 1.961524486541748, 2.0263001918792725, 2.1972930431365967, 2.0773696899414062, 2.3815038204193115, 2.096956253051758, 1.9890130758285522, 2.3130266666412354, 2.381549119949341, 2.4489047527313232, 2.3320791721343994, 2.2181880474090576, 2.6267850399017334, 2.5754027366638184, 2.5262978076934814, 2.4900074005126953, 2.4456019401550293, 2.555589199066162, 2.998983860015869, 2.6167540550231934, 2.558706521987915, 2.6742191314697266, 2.7396864891052246, 3.1012911796569824, 2.9260506629943848, 2.7365267276763916, 3.1686434745788574, 2.5071616172790527, 2.8394570350646973, 3.0305137634277344, 2.967510461807251, 3.0077147483825684, 3.158139944076538, 2.967832565307617, 2.762580156326294, 3.1388795375823975, 3.026878833770752, 3.4210002422332764, 3.603217840194702, 3.2585957050323486, 3.195065498352051, 3.5381569862365723, 2.841228723526001, 3.1389036178588867, 3.9906227588653564, 3.7418785095214844, 3.180047035217285, 3.6632938385009766, 3.8570992946624756]}