{"step": [0, 30, 60, 90, 120, 150, 180, 210, 240, 270, 300, 330, 360, 390, 420, 450, 480, 510, 540, 570, 600, 630, 660, 690, 720, 750, 780, 810, 840, 870, 900, 930, 960, 990, 1020, 1050, 1080, 1110, 1140, 1170, 1200, 1230, 1260, 1290, 1320, 1350, 1380, 1410, 1440, 1470, 1499], "train": [2.302424589792887, 2.096801201502482, 1.7488826910654705, 1.3377224206924438, 1.0227489074071248, 0.8184682130813599, 0.6889159480730692, 0.5815665225187937, 0.4989387591679891, 0.43420281012852985, 0.3726087311903636, 0.35850224395593006, 0.32656686504681903, 0.28463586171468097, 0.30830241243044537, 0.29788410663604736, 0.2245913197596868, 0.22006170451641083, 0.2028005967537562, 0.18755914767583212, 0.20159420371055603, 0.1594383865594864, 0.18235976497332254, 0.18158017098903656, 0.1627520794669787, 0.1588259090979894, 0.128819078207016, 0.09818602353334427, 0.1320128987232844, 0.1424751083056132, 0.18816905717055002, 0.0904645894964536, 0.11005450536807378, 0.100959579149882, 0.07395359749595325, 0.14750134448210397, 0.15977626542250314, 0.13948042690753937, 0.10281485815842946, 0.14268720149993896, 0.1031838928659757, 0.11516152322292328, 0.15314810226360956, 0.12802607317765555, 0.11462011933326721, 0.10905692726373672, 0.12258025258779526, 0.1273006685078144, 0.12036505341529846, 0.10722875098387401, 0.13647887855768204], "ood_acc": [0.11100000888109207, 0.2410000115633011, 0.2930000126361847, 0.32600000500679016, 0.33100003004074097, 0.33400002121925354, 0.36000001430511475, 0.3840000033378601, 0.3890000283718109, 0.4270000159740448, 0.4100000262260437, 0.4190000295639038, 0.43800002336502075, 0.3970000147819519, 0.4240000247955322, 0.4150000214576721, 0.3880000114440918, 0.41600000858306885, 0.4300000071525574, 0.42100003361701965, 0.41100001335144043, 0.4180000126361847, 0.406000018119812, 0.3920000195503235, 0.4220000207424164, 0.398000031709671, 0.406000018119812, 0.40300002694129944, 0.3920000195503235, 0.4150000214576721, 0.3890000283718109, 0.42500001192092896, 0.41200003027915955, 0.40400001406669617, 0.4140000343322754, 0.4240000247955322, 0.3970000147819519, 0.4180000126361847, 0.41600000858306885, 0.42100003361701965, 0.4010000228881836, 0.3920000195503235, 0.4090000092983246, 0.3960000276565552, 0.41100001335144043, 0.4130000174045563, 0.3840000033378601, 0.4020000100135803, 0.3920000195503235, 0.40400001406669617, 0.38700002431869507], "ood_ce": [2.2975423336029053, 2.162027597427368, 1.9748361110687256, 1.8635401725769043, 2.136458396911621, 2.1279451847076416, 2.399510145187378, 2.2252581119537354, 2.2373414039611816, 2.305513381958008, 2.262448310852051, 2.2556309700012207, 2.4189436435699463, 2.618055820465088, 2.7263219356536865, 3.0198071002960205, 3.279742479324341, 3.159471273422241, 2.756213903427124, 2.844390869140625, 2.7754015922546387, 2.6740128993988037, 3.096071243286133, 3.2179129123687744, 2.989118814468384, 3.086477041244507, 2.9677064418792725, 2.905778169631958, 3.034578561782837, 3.1733901500701904, 3.134112596511841, 3.02573299407959, 3.3666470050811768, 3.3251070976257324, 3.35953688621521, 3.5879275798797607, 3.1821489334106445, 3.2476298809051514, 3.32637619972229, 3.4723212718963623, 3.4402434825897217, 3.464322566986084, 3.700305461883545, 3.675002098083496, 3.1364972591400146, 3.7322335243225098, 3.6823770999908447, 3.792125701904297, 3.7427995204925537, 3.8199095726013184, 3.8255698680877686]}