{"step": [0, 30, 60, 90, 120, 150, 180, 210, 240, 270, 300, 330, 360, 390, 420, 450, 480, 510, 540, 570, 600, 630, 660, 690, 720, 750, 780, 810, 840, 870, 900, 930, 960, 990, 1020, 1050, 1080, 1110, 1140, 1170, 1200, 1230, 1260, 1290, 1320, 1350, 1380, 1410, 1440, 1470, 1499], "train": [2.3100438912709556, 2.1159448623657227, 1.7448680798212688, 1.4069231351216633, 1.087266484896342, 0.8616136312484741, 0.6344996591409048, 0.5544615586598715, 0.45524019996325177, 0.4393715461095174, 0.3894503712654114, 0.3088146398464839, 0.2909547984600067, 0.2796817521254222, 0.22888362656037012, 0.2004690021276474, 0.19416620830694833, 0.21533910930156708, 0.2516455451647441, 0.1567100832859675, 0.18427312870820364, 0.13662431637446085, 0.1344131032625834, 0.1791689544916153, 0.18573414285977682, 0.12825811902681986, 0.1056803638736407, 0.10027514522274335, 0.12551550070444742, 0.09802234917879105, 0.13885942349831262, 0.0987985630830129, 0.11947147051493327, 0.0927934671441714, 0.08579205969969432, 0.1088873917857806, 0.1077111413081487, 0.08431907122333844, 0.08282814299066861, 0.08920990427335103, 0.08808589726686478, 0.14832550783952078, 0.11508680135011673, 0.09986624370018642, 0.17286580304304758, 0.10128612319628398, 0.165013803790013, 0.12037625660498937, 0.08390303701162338, 0.09328069165349007, 0.10628943890333176], "ood_acc": [0.07500000298023224, 0.21800000965595245, 0.26900002360343933, 0.30000001192092896, 0.34300002455711365, 0.39000001549720764, 0.41700002551078796, 0.4240000247955322, 0.42600002884864807, 0.4020000100135803, 0.4050000309944153, 0.42000001668930054, 0.4400000274181366, 0.4480000138282776, 0.4620000123977661, 0.45500001311302185, 0.43400001525878906, 0.4480000138282776, 0.44700002670288086, 0.4410000145435333, 0.4400000274181366, 0.42600002884864807, 0.4320000112056732, 0.41600000858306885, 0.45900002121925354, 0.453000009059906, 0.44700002670288086, 0.4650000333786011, 0.42100003361701965, 0.4020000100135803, 0.4270000159740448, 0.42900002002716064, 0.445000022649765, 0.4650000333786011, 0.4620000123977661, 0.43700000643730164, 0.42600002884864807, 0.4180000126361847, 0.44700002670288086, 0.43700000643730164, 0.43800002336502075, 0.45100003480911255, 0.43300002813339233, 0.4480000138282776, 0.3970000147819519, 0.42100003361701965, 0.3960000276565552, 0.4090000092983246, 0.43400001525878906, 0.4000000059604645, 0.4300000071525574], "ood_ce": [2.309131383895874, 2.186192274093628, 2.000002384185791, 1.8844221830368042, 1.8405869007110596, 1.7121191024780273, 1.888493299484253, 1.878013253211975, 1.856628179550171, 2.082411527633667, 2.167285919189453, 2.273219585418701, 2.2089645862579346, 2.2366373538970947, 2.3374290466308594, 2.4469151496887207, 2.7602951526641846, 2.5453498363494873, 2.3718483448028564, 2.3752427101135254, 2.4696450233459473, 2.720355987548828, 2.492737293243408, 3.0119471549987793, 2.753298044204712, 2.494431972503662, 2.64605975151062, 2.766165018081665, 2.9035606384277344, 2.847386121749878, 2.920875310897827, 2.874391794204712, 3.011195421218872, 2.494192123413086, 2.780620813369751, 3.1491706371307373, 3.1553826332092285, 3.032062292098999, 2.9820728302001953, 2.9074509143829346, 3.0753700733184814, 3.294382095336914, 3.270704507827759, 2.9816713333129883, 3.7658045291900635, 3.4199864864349365, 3.1909544467926025, 3.0052568912506104, 2.9711596965789795, 3.4428529739379883, 3.2814083099365234]}