{"step": [0, 30, 60, 90, 120, 150, 180, 210, 240, 270, 300, 330, 360, 390, 420, 450, 480, 510, 540, 570, 600, 630, 660, 690, 720, 750, 780, 810, 840, 870, 900, 930, 960, 990, 1020, 1050, 1080, 1110, 1140, 1170, 1200, 1230, 1260, 1290, 1320, 1350, 1380, 1410, 1440, 1470, 1499], "train": [2.289719343185425, 2.069244146347046, 1.725560188293457, 1.426630973815918, 1.0933354496955872, 0.7968048850695292, 0.5970605413118998, 0.5015105307102203, 0.4061204393704732, 0.3646710316340129, 0.33033908406893414, 0.286712388197581, 0.25338823596636456, 0.2225146343310674, 0.22306419909000397, 0.19490590194861093, 0.152643953760465, 0.1519899939497312, 0.14392456909020743, 0.16099168608585993, 0.14057419200738272, 0.12396953503290813, 0.10655492544174194, 0.1852344125509262, 0.11701558530330658, 0.13784259806076685, 0.10280492901802063, 0.11496454228957494, 0.08838665733734767, 0.07930552462736766, 0.09868703534205754, 0.11875547468662262, 0.0890975867708524, 0.11810188367962837, 0.09649699181318283, 0.07860238601764043, 0.11058758695920308, 0.12432593355576198, 0.11496757964293162, 0.10292610029379527, 0.13739978522062302, 0.09441634019215901, 0.0778114063044389, 0.09687913705905278, 0.10573892295360565, 0.24864796797434488, 0.10804812113444011, 0.08270160108804703, 0.13583732148011526, 0.10473952194054921, 0.08621871968110402], "ood_acc": [0.1120000034570694, 0.242000013589859, 0.25300002098083496, 0.27400001883506775, 0.29200002551078796, 0.3270000219345093, 0.3880000114440918, 0.3800000250339508, 0.3970000147819519, 0.4270000159740448, 0.43400001525878906, 0.4520000219345093, 0.4390000104904175, 0.43400001525878906, 0.4610000252723694, 0.4570000171661377, 0.4280000329017639, 0.4400000274181366, 0.4270000159740448, 0.4320000112056732, 0.43300002813339233, 0.46000000834465027, 0.4280000329017639, 0.4230000078678131, 0.4020000100135803, 0.41600000858306885, 0.43300002813339233, 0.43700000643730164, 0.42500001192092896, 0.4440000355243683, 0.4300000071525574, 0.42500001192092896, 0.4020000100135803, 0.38600000739097595, 0.4000000059604645, 0.42900002002716064, 0.42600002884864807, 0.4240000247955322, 0.4020000100135803, 0.4050000309944153, 0.4020000100135803, 0.41100001335144043, 0.44700002670288086, 0.4140000343322754, 0.42500001192092896, 0.4310000240802765, 0.4090000092983246, 0.42900002002716064, 0.42500001192092896, 0.3890000283718109, 0.4240000247955322], "ood_ce": [2.3007583618164062, 2.1749796867370605, 2.0369043350219727, 1.9218240976333618, 1.8999215364456177, 1.8577333688735962, 1.8313100337982178, 1.8055602312088013, 1.959762454032898, 1.9279800653457642, 1.9464406967163086, 2.1469643115997314, 2.1417853832244873, 2.1094517707824707, 2.039402723312378, 2.118732213973999, 2.3747172355651855, 2.3029959201812744, 2.406224012374878, 2.5580930709838867, 2.5431458950042725, 2.550954580307007, 2.5629818439483643, 2.5367965698242188, 2.7522454261779785, 2.64709210395813, 2.472201108932495, 2.64194393157959, 2.7953271865844727, 2.8443474769592285, 2.69618821144104, 2.8373239040374756, 3.101153612136841, 3.0249853134155273, 2.943082332611084, 3.1402313709259033, 3.285421371459961, 3.364304542541504, 3.221797466278076, 3.051607131958008, 2.999983310699463, 3.0247747898101807, 3.1994051933288574, 3.194157123565674, 3.2398154735565186, 3.4279556274414062, 3.3845937252044678, 3.314190626144409, 3.337759017944336, 3.5050995349884033, 3.412970781326294]}