{"step": [0, 30, 60, 90, 120, 150, 180, 210, 240, 270, 300, 330, 360, 390, 420, 450, 480, 510, 540, 570, 600, 630, 660, 690, 720, 750, 780, 810, 840, 870, 900, 930, 960, 990, 1020, 1050, 1080, 1110, 1140, 1170, 1200, 1230, 1260, 1290, 1320, 1350, 1380, 1410, 1440, 1470, 1499], "train": [2.3100438912709556, 2.1055769125620523, 1.6959652105967205, 1.331407109896342, 1.0149498383204143, 0.7955227494239807, 0.6402639249960581, 0.5519337852795919, 0.452284296353658, 0.4285069704055786, 0.40182820955912274, 0.32890724142392475, 0.31778659919897717, 0.2728196084499359, 0.2928842504819234, 0.2647588749726613, 0.21523197988669077, 0.19127863893906275, 0.22203082342942557, 0.14759250481923422, 0.17767957846323648, 0.16856406132380167, 0.16615045070648193, 0.16964832444985709, 0.16542897125085196, 0.12303733328978221, 0.12739388396342596, 0.10449046641588211, 0.10845036556323369, 0.0927160307765007, 0.0956500992178917, 0.10452169055740039, 0.11052278677622478, 0.0920022502541542, 0.08440971622864406, 0.11216794947783153, 0.08391136427720387, 0.1100711648662885, 0.11240155498186748, 0.09912921239932378, 0.12533352027336755, 0.0717293843626976, 0.11185644567012787, 0.14016475776831308, 0.08911604185899098, 0.10237333178520203, 0.10214792316158612, 0.12481459478537242, 0.08252294609944026, 0.07839011773467064, 0.08402907600005467], "ood_acc": [0.07500000298023224, 0.23100000619888306, 0.28700000047683716, 0.3060000240802765, 0.3370000123977661, 0.3920000195503235, 0.39500001072883606, 0.3960000276565552, 0.42600002884864807, 0.41200003027915955, 0.4310000240802765, 0.4220000207424164, 0.43400001525878906, 0.4310000240802765, 0.45000001788139343, 0.46000000834465027, 0.46400001645088196, 0.4540000259876251, 0.46300002932548523, 0.45500001311302185, 0.41600000858306885, 0.42900002002716064, 0.4270000159740448, 0.4320000112056732, 0.4220000207424164, 0.4180000126361847, 0.45900002121925354, 0.46400001645088196, 0.4490000307559967, 0.4360000193119049, 0.41600000858306885, 0.4190000295639038, 0.43300002813339233, 0.4350000321865082, 0.4410000145435333, 0.43700000643730164, 0.4520000219345093, 0.44700002670288086, 0.453000009059906, 0.42500001192092896, 0.40800002217292786, 0.43700000643730164, 0.43400001525878906, 0.4400000274181366, 0.41600000858306885, 0.4180000126361847, 0.41600000858306885, 0.42100003361701965, 0.4240000247955322, 0.44300001859664917, 0.44200003147125244], "ood_ce": [2.309131383895874, 2.1761605739593506, 1.9557050466537476, 1.8712007999420166, 1.887508511543274, 1.839097499847412, 2.14840030670166, 2.029175281524658, 2.049643039703369, 2.201204776763916, 2.0937600135803223, 2.300036668777466, 2.305457592010498, 2.3350608348846436, 2.3232414722442627, 2.1622278690338135, 2.371769666671753, 2.451592445373535, 2.3187618255615234, 2.357848644256592, 2.785809278488159, 2.850323438644409, 2.7969892024993896, 2.747755289077759, 2.678412437438965, 2.6263484954833984, 2.6705410480499268, 3.0060136318206787, 2.931232452392578, 2.927180528640747, 3.4036004543304443, 3.1304121017456055, 3.0612449645996094, 3.0793213844299316, 3.247990131378174, 3.0958030223846436, 3.4633710384368896, 3.6567630767822266, 2.982867479324341, 3.0762569904327393, 3.205312728881836, 2.8919336795806885, 3.052912950515747, 3.161608934402466, 2.7953670024871826, 3.213770866394043, 3.437582492828369, 3.2402753829956055, 2.9381818771362305, 3.317782163619995, 3.6007368564605713]}