{"step": [0, 30, 60, 90, 120, 150, 180, 210, 240, 270, 300, 330, 360, 390, 420, 450, 480, 510, 540, 570, 600, 630, 660, 690, 720, 750, 780, 810, 840, 870, 900, 930, 960, 990, 1020, 1050, 1080, 1110, 1140, 1170, 1200, 1230, 1260, 1290, 1320, 1350, 1380, 1410, 1440, 1470, 1499], "train": [2.294736623764038, 2.12404998143514, 1.7810944716135662, 1.3552664915720622, 1.0585907101631165, 0.808806578318278, 0.7253486116727194, 0.5561464925607046, 0.4681931734085083, 0.4546564817428589, 0.3679421643416087, 0.36872178316116333, 0.3025742918252945, 0.2560361574093501, 0.23566990594069162, 0.22965948283672333, 0.25015269716580707, 0.2060576950510343, 0.21635588010152182, 0.19585840900739035, 0.21308394769827524, 0.1707334667444229, 0.16974890480438867, 0.23339345554510751, 0.15362978229920068, 0.17026231189568838, 0.12939251959323883, 0.15812603880961737, 0.11369906862576802, 0.11648427695035934, 0.10831506674488385, 0.1595533366004626, 0.1414302537838618, 0.2686571702361107, 0.13026421144604683, 0.08908875038226445, 0.10604473203420639, 0.12479475637276967, 0.13588948547840118, 0.14522547523180643, 0.1565809945265452, 0.22579415639241537, 0.12633205453554788, 0.11971135189135869, 0.12354018166661263, 0.1655129666129748, 0.20734745264053345, 0.3522581656773885, 0.10515169302622478, 0.1435918336113294, 0.08948809653520584], "ood_acc": [0.11900000274181366, 0.2160000056028366, 0.242000013589859, 0.28600001335144043, 0.3110000193119049, 0.3570000231266022, 0.38100001215934753, 0.37700000405311584, 0.39000001549720764, 0.36900001764297485, 0.4000000059604645, 0.41200003027915955, 0.4010000228881836, 0.4180000126361847, 0.42100003361701965, 0.41200003027915955, 0.4190000295639038, 0.43300002813339233, 0.41600000858306885, 0.4270000159740448, 0.4130000174045563, 0.4300000071525574, 0.4520000219345093, 0.445000022649765, 0.42900002002716064, 0.4190000295639038, 0.39900001883506775, 0.4020000100135803, 0.4270000159740448, 0.42900002002716064, 0.4310000240802765, 0.41100001335144043, 0.4440000355243683, 0.39000001549720764, 0.43700000643730164, 0.42100003361701965, 0.4280000329017639, 0.42000001668930054, 0.40800002217292786, 0.4000000059604645, 0.3920000195503235, 0.367000013589859, 0.41600000858306885, 0.3970000147819519, 0.42900002002716064, 0.4130000174045563, 0.406000018119812, 0.3960000276565552, 0.4130000174045563, 0.40800002217292786, 0.39100003242492676], "ood_ce": [2.3005263805389404, 2.2076640129089355, 2.0449953079223633, 2.015826463699341, 2.3025543689727783, 2.0238571166992188, 2.108211040496826, 2.146707057952881, 2.134131669998169, 2.324294090270996, 2.2081401348114014, 2.2329936027526855, 2.3891119956970215, 2.428257942199707, 2.4681129455566406, 2.7359707355499268, 2.715108871459961, 2.559936046600342, 2.886958599090576, 2.703763723373413, 2.8540263175964355, 2.739849328994751, 2.7106144428253174, 2.9030537605285645, 2.9366049766540527, 2.9461498260498047, 2.881031036376953, 2.850404977798462, 3.0199451446533203, 3.1691269874572754, 3.1907191276550293, 2.921116828918457, 2.6407651901245117, 3.010935068130493, 2.6896812915802, 3.0286123752593994, 3.3001513481140137, 3.190697193145752, 3.6499533653259277, 3.757430076599121, 3.439640760421753, 3.0573110580444336, 2.8424901962280273, 3.5228168964385986, 3.800069570541382, 3.6874990463256836, 3.7696919441223145, 3.79325532913208, 3.4221115112304688, 3.345003128051758, 3.6697072982788086]}