{"step": [0, 30, 60, 90, 120, 150, 180, 210, 240, 270, 300, 330, 360, 390, 420, 450, 480, 510, 540, 570, 600, 630, 660, 690, 720, 750, 780, 810, 840, 870, 900, 930, 960, 990, 1020, 1050, 1080, 1110, 1140, 1170, 1200, 1230, 1260, 1290, 1320, 1350, 1380, 1410, 1440, 1470, 1499], "train": [2.289719343185425, 2.059678872426351, 1.6808325052261353, 1.29784361521403, 0.9956432779630026, 0.7954950531323751, 0.6659687558809916, 0.5384226938088735, 0.46456530690193176, 0.3999946018060048, 0.37382153669993085, 0.34194059173266095, 0.2857801169157028, 0.2528003255526225, 0.23505660891532898, 0.21149652202924094, 0.2451874315738678, 0.22821386655171713, 0.20076481501261392, 0.166052907705307, 0.1940716803073883, 0.22515276074409485, 0.1752127210299174, 0.15991239001353583, 0.15613033125797907, 0.21014301975568137, 0.19803650677204132, 0.18580920497576395, 0.12877054760853449, 0.12939164290825525, 0.16166516145070395, 0.28326021631558734, 0.1743379831314087, 0.20160085707902908, 0.1784317617615064, 0.12816143035888672, 0.11453718195358913, 0.08774834622939427, 0.15927221377690634, 0.15335715313752493, 0.14427403857310614, 0.09850366413593292, 0.15661304940780005, 0.12462995449701945, 0.11528072009483974, 0.1327412724494934, 0.10123588889837265, 0.07983624935150146, 0.09913501143455505, 0.11058761179447174, 0.08120208357771237], "ood_acc": [0.1120000034570694, 0.1860000044107437, 0.28200000524520874, 0.2760000228881836, 0.29200002551078796, 0.33400002121925354, 0.3970000147819519, 0.38700002431869507, 0.3580000102519989, 0.40300002694129944, 0.41700002551078796, 0.42600002884864807, 0.43300002813339233, 0.4390000104904175, 0.4360000193119049, 0.4190000295639038, 0.40400001406669617, 0.4100000262260437, 0.40700000524520874, 0.41600000858306885, 0.4320000112056732, 0.4240000247955322, 0.4050000309944153, 0.40400001406669617, 0.44200003147125244, 0.4300000071525574, 0.4130000174045563, 0.4150000214576721, 0.4050000309944153, 0.4150000214576721, 0.38600000739097595, 0.4130000174045563, 0.4100000262260437, 0.3960000276565552, 0.4410000145435333, 0.38700002431869507, 0.42000001668930054, 0.4020000100135803, 0.3880000114440918, 0.4140000343322754, 0.3700000047683716, 0.4020000100135803, 0.39000001549720764, 0.38100001215934753, 0.3830000162124634, 0.40300002694129944, 0.406000018119812, 0.38700002431869507, 0.40700000524520874, 0.40700000524520874, 0.41700002551078796], "ood_ce": [2.3007583618164062, 2.169739246368408, 1.9933942556381226, 2.063666343688965, 2.1844799518585205, 2.1259591579437256, 2.0680410861968994, 1.9492508172988892, 2.2508156299591064, 2.1499476432800293, 2.0917091369628906, 2.326875686645508, 2.2364342212677, 2.3944990634918213, 2.2494189739227295, 2.373764991760254, 2.69343900680542, 2.4928665161132812, 2.636146306991577, 2.788224697113037, 2.9496853351593018, 2.791097402572632, 2.9522809982299805, 2.9820632934570312, 2.957157611846924, 2.86832332611084, 2.976475715637207, 3.395737409591675, 3.3065025806427, 3.0824546813964844, 3.1974620819091797, 3.2766332626342773, 3.0146496295928955, 3.153402328491211, 3.1913254261016846, 3.2421884536743164, 3.222917318344116, 3.3015496730804443, 3.4268810749053955, 3.300605297088623, 3.83685040473938, 3.390576124191284, 4.077387809753418, 4.471980094909668, 4.035917282104492, 3.7790400981903076, 3.9209253787994385, 3.360185146331787, 3.7753238677978516, 3.668485641479492, 3.67387056350708]}