{"step": [0, 30, 60, 90, 120, 150, 180, 210, 240, 270, 300, 330, 360, 390, 420, 450, 480, 510, 540, 570, 600, 630, 660, 690, 720, 750, 780, 810, 840, 870, 900, 930, 960, 990, 1020, 1050, 1080, 1110, 1140, 1170, 1200, 1230, 1260, 1290, 1320, 1350, 1380, 1410, 1440, 1470, 1499], "train": [2.309722582499186, 2.1449724038441977, 1.7504970232645671, 1.349603573481242, 1.0221975843111675, 0.7825078368186951, 0.6099305748939514, 0.5495851337909698, 0.4548144539197286, 0.3776934544245402, 0.3448490997155507, 0.3369671106338501, 0.2606087823708852, 0.2502497335275014, 0.23348863422870636, 0.22311927378177643, 0.2696101615826289, 0.17490446070830026, 0.14807053407033285, 0.15872210264205933, 0.14302072922388712, 0.1740239312251409, 0.12989910691976547, 0.11662019540866216, 0.19842595855394998, 0.13014326492945352, 0.11717831467588742, 0.1355017051100731, 0.11941913266976674, 0.14181939512491226, 0.10083596035838127, 0.08840900907913844, 0.08595542858044307, 0.12269328534603119, 0.12316834678252538, 0.1121930368244648, 0.10263867303729057, 0.08330752452214558, 0.10590199877818425, 0.12031665444374084, 0.08987011512120564, 0.08205503970384598, 0.09176535159349442, 0.08436212688684464, 0.13321007788181305, 0.1722220629453659, 0.08909900113940239, 0.11891017605861028, 0.09165608634551366, 0.14749585588773093, 0.10786608854929607], "ood_acc": [0.11000000685453415, 0.21700000762939453, 0.26600000262260437, 0.29100000858306885, 0.2880000174045563, 0.3410000205039978, 0.36400002241134644, 0.4050000309944153, 0.3830000162124634, 0.3660000264644623, 0.3890000283718109, 0.40700000524520874, 0.38700002431869507, 0.3890000283718109, 0.3700000047683716, 0.3800000250339508, 0.3720000088214874, 0.40300002694129944, 0.42600002884864807, 0.4050000309944153, 0.4190000295639038, 0.406000018119812, 0.39400002360343933, 0.398000031709671, 0.4010000228881836, 0.3890000283718109, 0.4280000329017639, 0.40400001406669617, 0.4090000092983246, 0.41700002551078796, 0.406000018119812, 0.43400001525878906, 0.4050000309944153, 0.38200002908706665, 0.3840000033378601, 0.4230000078678131, 0.3720000088214874, 0.39000001549720764, 0.36900001764297485, 0.398000031709671, 0.38700002431869507, 0.37700000405311584, 0.3970000147819519, 0.38100001215934753, 0.4050000309944153, 0.32100000977516174, 0.39400002360343933, 0.3960000276565552, 0.4010000228881836, 0.3890000283718109, 0.37400001287460327], "ood_ce": [2.3041341304779053, 2.215359926223755, 2.0342888832092285, 1.9484319686889648, 2.083339214324951, 2.020861864089966, 2.228151798248291, 1.956131100654602, 2.2489798069000244, 2.3015410900115967, 2.2813923358917236, 2.445690631866455, 2.381859064102173, 2.648806571960449, 2.804473876953125, 2.6669349670410156, 2.5856871604919434, 2.536755323410034, 2.5431067943573, 2.8687236309051514, 2.7048285007476807, 2.707979917526245, 2.8161635398864746, 2.972842216491699, 3.0680322647094727, 2.924680471420288, 2.8109636306762695, 2.7548844814300537, 2.7384653091430664, 2.9915075302124023, 2.770681142807007, 2.985978603363037, 3.316420078277588, 3.6893255710601807, 3.2182133197784424, 2.8263099193573, 3.1737582683563232, 3.4052929878234863, 3.826509952545166, 3.600142240524292, 3.282144546508789, 3.528270959854126, 3.636056900024414, 3.8887383937835693, 3.6611640453338623, 3.348684787750244, 3.426456928253174, 3.4380459785461426, 3.545682907104492, 3.853381633758545, 3.7595927715301514]}