{"step": [0, 30, 60, 90, 120, 150, 180, 210, 240, 270, 300, 330, 360, 390, 420, 450, 480, 510, 540, 570, 600, 630, 660, 690, 720, 750, 780, 810, 840, 870, 900, 930, 960, 990, 1020, 1050, 1080, 1110, 1140, 1170, 1200, 1230, 1260, 1290, 1320, 1350, 1380, 1410, 1440, 1470, 1499], "train": [2.302424589792887, 2.1025365193684897, 1.774847189585368, 1.3601534366607666, 1.018237551053365, 0.8296909133593241, 0.7035831014315287, 0.5586288273334503, 0.5005539755026499, 0.4645441472530365, 0.37678951025009155, 0.3725183655818303, 0.33517464995384216, 0.29740187029043835, 0.2772161662578583, 0.2362308899561564, 0.21070525546868643, 0.24120266238848367, 0.20407087107499441, 0.23519999037186304, 0.18893155952294668, 0.15152412404616675, 0.14308890203634897, 0.18760721385478973, 0.1497177630662918, 0.10773554195960362, 0.13090389221906662, 0.16155497233072916, 0.13884447266658148, 0.18565165996551514, 0.16189210613568625, 0.22818028926849365, 0.281184842189153, 0.10702982048193614, 0.1128331149617831, 0.11176975071430206, 0.3472431202729543, 0.1489426220456759, 0.2544226547082265, 0.12676677107810974, 0.1361884151895841, 0.12305495142936707, 0.15405399973193803, 0.15101635456085205, 0.11863365769386292, 0.1965747872988383, 0.10439818352460861, 0.13182678073644638, 0.1515050729115804, 0.0917089506983757, 0.13198315352201462], "ood_acc": [0.11100000888109207, 0.23200000822544098, 0.27300000190734863, 0.31200000643730164, 0.3150000274181366, 0.31300002336502075, 0.35100001096725464, 0.3700000047683716, 0.40700000524520874, 0.38600000739097595, 0.41700002551078796, 0.39000001549720764, 0.39100003242492676, 0.4150000214576721, 0.4230000078678131, 0.4190000295639038, 0.41700002551078796, 0.39500001072883606, 0.398000031709671, 0.4150000214576721, 0.4100000262260437, 0.41200003027915955, 0.4230000078678131, 0.41700002551078796, 0.3760000169277191, 0.39500001072883606, 0.3850000202655792, 0.40400001406669617, 0.40700000524520874, 0.3970000147819519, 0.40300002694129944, 0.4180000126361847, 0.41700002551078796, 0.4240000247955322, 0.42500001192092896, 0.4220000207424164, 0.4130000174045563, 0.4190000295639038, 0.37800002098083496, 0.43300002813339233, 0.4130000174045563, 0.4020000100135803, 0.3930000066757202, 0.42100003361701965, 0.4100000262260437, 0.3830000162124634, 0.4180000126361847, 0.38600000739097595, 0.40300002694129944, 0.40700000524520874, 0.4010000228881836], "ood_ce": [2.2975423336029053, 2.1653363704681396, 1.98697030544281, 1.901064157485962, 2.261483907699585, 2.318812847137451, 2.2957231998443604, 2.2151875495910645, 2.2844460010528564, 2.430476665496826, 2.293105363845825, 2.476916551589966, 2.483612537384033, 2.543052911758423, 2.6165761947631836, 2.6315178871154785, 2.767460346221924, 3.001899242401123, 2.8568334579467773, 2.773980140686035, 2.62095308303833, 2.6503987312316895, 2.770270824432373, 3.038109540939331, 2.918644905090332, 3.1070525646209717, 3.2447943687438965, 3.061471939086914, 2.933051586151123, 3.179983139038086, 3.0110552310943604, 3.4089744091033936, 2.9854767322540283, 2.9180586338043213, 3.2495217323303223, 3.4192752838134766, 3.484017848968506, 3.339151382446289, 3.8778131008148193, 3.091657876968384, 3.0883708000183105, 3.011301279067993, 3.211397409439087, 3.3923325538635254, 3.6388707160949707, 3.387977123260498, 3.309753656387329, 3.8794524669647217, 4.041099548339844, 3.6964406967163086, 3.8740756511688232]}