{"step": [0, 30, 60, 90, 120, 150, 180, 210, 240, 270, 300, 330, 360, 390, 420, 450, 480, 510, 540, 570, 600, 630, 660, 690, 720, 750, 780, 810, 840, 870, 900, 930, 960, 990, 1020, 1050, 1080, 1110, 1140, 1170, 1200, 1230, 1260, 1290, 1320, 1350, 1380, 1410, 1440, 1470, 1499], "train": [2.2955477237701416, 2.0411770741144815, 1.6183661222457886, 1.2914950847625732, 0.9706065456072489, 0.7784913778305054, 0.6119853059450785, 0.5260751148064932, 0.4425185024738312, 0.39876651763916016, 0.3523049553235372, 0.294861579934756, 0.2790478666623433, 0.27025177081425983, 0.2506282428900401, 0.23275264352560043, 0.18431323270003, 0.23616496721903482, 0.18845394750436148, 0.17945141345262527, 0.16185380518436432, 0.27769072850545246, 0.2133091539144516, 0.1466075082619985, 0.14902969698111215, 0.11463814849654834, 0.124574879805247, 0.14950445542732874, 0.15269151578346887, 0.11344836403926213, 0.1453408549229304, 0.13340047001838684, 0.10150527705748875, 0.11233745515346527, 0.08670507123072942, 0.1537318453192711, 0.12410472581783931, 0.12034002443154652, 0.2653501133124034, 0.08855742836991946, 0.13233624771237373, 0.09581275408466657, 0.06884998890260856, 0.1365462268392245, 0.12839287767807642, 0.08621041476726532, 0.1322251260280609, 0.12709257254997888, 0.10078515609105428, 0.06438493666549523, 0.09593442579110463], "ood_acc": [0.08700000494718552, 0.2240000069141388, 0.2900000214576721, 0.30000001192092896, 0.36000001430511475, 0.35200002789497375, 0.35600000619888306, 0.39400002360343933, 0.37700000405311584, 0.40700000524520874, 0.3750000298023224, 0.41200003027915955, 0.39400002360343933, 0.4000000059604645, 0.4020000100135803, 0.4000000059604645, 0.41600000858306885, 0.398000031709671, 0.4240000247955322, 0.4010000228881836, 0.3930000066757202, 0.398000031709671, 0.41200003027915955, 0.42900002002716064, 0.3850000202655792, 0.39000001549720764, 0.36900001764297485, 0.37800002098083496, 0.3890000283718109, 0.38700002431869507, 0.4020000100135803, 0.37300002574920654, 0.3720000088214874, 0.3930000066757202, 0.3830000162124634, 0.3530000150203705, 0.3850000202655792, 0.40300002694129944, 0.38200002908706665, 0.3790000081062317, 0.37700000405311584, 0.39000001549720764, 0.3890000283718109, 0.3890000283718109, 0.3680000305175781, 0.367000013589859, 0.3700000047683716, 0.36000001430511475, 0.3840000033378601, 0.36100003123283386, 0.37300002574920654], "ood_ce": [2.309570789337158, 2.1675024032592773, 1.9466859102249146, 1.899820327758789, 1.9368537664413452, 2.1073224544525146, 2.154740571975708, 2.0901906490325928, 2.282633066177368, 2.274451494216919, 2.4749014377593994, 2.4411160945892334, 2.8675825595855713, 2.4030141830444336, 2.5527029037475586, 2.727229356765747, 2.697685480117798, 2.9505836963653564, 2.7261569499969482, 2.9460699558258057, 3.209760904312134, 3.2145915031433105, 2.9672703742980957, 2.830029249191284, 2.9785523414611816, 3.108070135116577, 3.0476150512695312, 3.180816888809204, 3.3446733951568604, 3.3722293376922607, 3.860546588897705, 3.5386271476745605, 3.3904712200164795, 3.573988437652588, 3.909233808517456, 4.76816987991333, 3.6590001583099365, 3.804097890853882, 3.7058308124542236, 3.983689308166504, 4.124639987945557, 3.8058955669403076, 4.015732288360596, 4.425986289978027, 4.464519500732422, 4.329690933227539, 4.15548038482666, 3.850261926651001, 3.9688684940338135, 4.604188919067383, 4.854393482208252]}