{"step": [0, 30, 60, 90, 120, 150, 180, 210, 240, 270, 300, 330, 360, 390, 420, 450, 480, 510, 540, 570, 600, 630, 660, 690, 720, 750, 780, 810, 840, 870, 900, 930, 960, 990, 1020, 1050, 1080, 1110, 1140, 1170, 1200, 1230, 1260, 1290, 1320, 1350, 1380, 1410, 1440, 1470, 1499], "train": [2.3039325873057046, 1.7124909559885662, 1.5050001939137776, 1.4537055492401123, 1.3945915699005127, 1.3215810060501099, 1.2963619629542034, 1.2218923966089885, 1.1920571525891621, 1.1168383359909058, 1.0729834238688152, 1.0115185578664143, 0.9843397935231527, 0.980400284131368, 0.8789358735084534, 0.8368771076202393, 0.7863515317440033, 0.7562422454357147, 0.7320034901301066, 0.6810567378997803, 0.6549500226974487, 0.636080006758372, 0.5951886475086212, 0.5735693673292795, 0.5716997981071472, 0.5524970293045044, 0.5144193271795908, 0.48585550983746845, 0.5198651651541392, 0.4665905733903249, 0.4560319483280182, 0.424494336048762, 0.3768886824448903, 0.3485555400451024, 0.3766448398431142, 0.3631787449121475, 0.3044435381889343, 0.2919023583332698, 0.2866244614124298, 0.30453353623549145, 0.27615082263946533, 0.3084207723538081, 0.3172118415435155, 0.33772278825442, 0.28780290981133777, 0.2658870319525401, 0.24947731693585715, 0.23109812289476395, 0.25650368134180707, 0.23789327343304953, 0.21795687079429626], "ood_acc": [0.0950000062584877, 0.22100001573562622, 0.1940000057220459, 0.22800001502037048, 0.2550000250339508, 0.26900002360343933, 0.2840000092983246, 0.2540000081062317, 0.2330000102519989, 0.2580000162124634, 0.30300000309944153, 0.23400001227855682, 0.2850000262260437, 0.27300000190734863, 0.2990000247955322, 0.3370000123977661, 0.3270000219345093, 0.2939999997615814, 0.30000001192092896, 0.3230000138282776, 0.33500000834465027, 0.34800001978874207, 0.3370000123977661, 0.3450000286102295, 0.35200002789497375, 0.35200002789497375, 0.35200002789497375, 0.3620000183582306, 0.3530000150203705, 0.3710000216960907, 0.3680000305175781, 0.38200002908706665, 0.3880000114440918, 0.38700002431869507, 0.3880000114440918, 0.3720000088214874, 0.3750000298023224, 0.3750000298023224, 0.3760000169277191, 0.4090000092983246, 0.39500001072883606, 0.40400001406669617, 0.4140000343322754, 0.3800000250339508, 0.3790000081062317, 0.3850000202655792, 0.39000001549720764, 0.36900001764297485, 0.3890000283718109, 0.36900001764297485, 0.36900001764297485], "ood_ce": [2.3185555934906006, 2.049100637435913, 2.3628435134887695, 2.018960475921631, 2.122800588607788, 2.080268621444702, 2.0567798614501953, 2.160271644592285, 2.312239170074463, 2.196706533432007, 2.112658739089966, 2.412503242492676, 2.466930389404297, 2.422712802886963, 2.323946237564087, 2.126530408859253, 2.2103538513183594, 2.3767430782318115, 2.526641607284546, 2.248077154159546, 2.3758654594421387, 2.366009473800659, 2.391550302505493, 2.410797357559204, 2.5940675735473633, 2.5688412189483643, 2.4111742973327637, 2.624384880065918, 2.607473850250244, 2.541818857192993, 2.596832752227783, 2.7606537342071533, 2.7716517448425293, 2.716271162033081, 2.7558813095092773, 2.820202589035034, 3.051137685775757, 3.183765411376953, 3.2994256019592285, 3.1171724796295166, 3.168733835220337, 3.1582136154174805, 3.095960855484009, 3.4687137603759766, 3.22491717338562, 3.096809148788452, 3.3161520957946777, 3.5926733016967773, 3.514571189880371, 3.483889102935791, 3.420125961303711]}