{"step": [0, 30, 60, 90, 120, 150, 180, 210, 240, 270, 300, 330, 360, 390, 420, 450, 480, 510, 540, 570, 600, 630, 660, 690, 720, 750, 780, 810, 840, 870, 900, 930, 960, 990, 1020, 1050, 1080, 1110, 1140, 1170, 1200, 1230, 1260, 1290, 1320, 1350, 1380, 1410, 1440, 1470, 1499], "train": [2.314462105433146, 1.7997482220331829, 1.547013481458028, 1.4563378890355427, 1.379103461901347, 1.3526315689086914, 1.2608360052108765, 1.2263261278470357, 1.1992213129997253, 1.1617444554964702, 1.0982433160146077, 1.0838050842285156, 1.0183030168215434, 0.9487437605857849, 0.9485610524813334, 0.8567869861920675, 0.8371773958206177, 0.8198301593462626, 0.7397470076878866, 0.6806336243947347, 0.6676706473032633, 0.6039953728516897, 0.6429392695426941, 0.5703141689300537, 0.5306922296682993, 0.5519344309965769, 0.5119614700476328, 0.507076213757197, 0.5215702652931213, 0.46782296895980835, 0.4077889025211334, 0.42944057782491046, 0.41665488481521606, 0.3938050816456477, 0.3719624678293864, 0.3816888928413391, 0.36400846640268963, 0.42562931776046753, 0.33164828022321063, 0.3481810887654622, 0.34030114114284515, 0.3250613858302434, 0.36934830745061237, 0.29137750963370007, 0.30241475999355316, 0.29711538553237915, 0.26565219461917877, 0.4084183822075526, 0.273592546582222, 0.23485021789868674, 0.20258467396100363], "ood_acc": [0.07200000435113907, 0.2290000170469284, 0.21300001442432404, 0.23500001430511475, 0.23100000619888306, 0.20400001108646393, 0.2410000115633011, 0.24000000953674316, 0.2540000081062317, 0.2540000081062317, 0.3060000240802765, 0.25200000405311584, 0.328000009059906, 0.33000001311302185, 0.33100003004074097, 0.3530000150203705, 0.3320000171661377, 0.3400000035762787, 0.36000001430511475, 0.3410000205039978, 0.3490000069141388, 0.398000031709671, 0.4150000214576721, 0.3710000216960907, 0.3930000066757202, 0.359000027179718, 0.36500000953674316, 0.40400001406669617, 0.37700000405311584, 0.38200002908706665, 0.3830000162124634, 0.398000031709671, 0.40300002694129944, 0.37400001287460327, 0.4020000100135803, 0.3840000033378601, 0.3620000183582306, 0.4130000174045563, 0.39500001072883606, 0.4310000240802765, 0.39000001549720764, 0.42500001192092896, 0.4010000228881836, 0.3960000276565552, 0.4230000078678131, 0.4000000059604645, 0.4010000228881836, 0.4230000078678131, 0.43300002813339233, 0.39400002360343933, 0.3890000283718109], "ood_ce": [2.312199115753174, 2.02819561958313, 2.056208610534668, 2.0901060104370117, 2.0684642791748047, 2.2942678928375244, 2.2584352493286133, 2.166485071182251, 2.1910698413848877, 2.2174363136291504, 2.0632574558258057, 2.2801010608673096, 1.9829760789871216, 2.156538248062134, 2.184044599533081, 2.0008392333984375, 2.384065866470337, 2.1598873138427734, 2.324753761291504, 2.342362880706787, 2.327373504638672, 2.2032294273376465, 2.108635902404785, 2.364564895629883, 2.227762460708618, 2.5524864196777344, 2.4759511947631836, 2.3071014881134033, 2.4710865020751953, 2.4773967266082764, 2.524972677230835, 2.5321576595306396, 2.7327077388763428, 2.808091878890991, 2.5436604022979736, 2.3952889442443848, 3.0174405574798584, 2.8294448852539062, 2.6373519897460938, 2.5216751098632812, 2.8830790519714355, 2.6974756717681885, 2.953312873840332, 2.833127498626709, 2.7962656021118164, 3.077157735824585, 3.091452121734619, 3.39341139793396, 2.9810714721679688, 3.186941385269165, 3.0149006843566895]}