{"step": [0, 30, 60, 90, 120, 150, 180, 210, 240, 270, 300, 330, 360, 390, 420, 450, 480, 510, 540, 570, 600, 630, 660, 690, 720, 750, 780, 810, 840, 870, 900, 930, 960, 990, 1020, 1050, 1080, 1110, 1140, 1170, 1200, 1230, 1260, 1290, 1320, 1350, 1380, 1410, 1440, 1470, 1499], "train": [2.2958985964457193, 1.753531853357951, 1.5739985704421997, 1.5093377033869426, 1.3985134363174438, 1.3216747442881267, 1.2453380823135376, 1.2164263327916462, 1.1560576558113098, 1.1165699362754822, 1.0296707550684612, 1.0022584001223247, 0.9639039635658264, 0.9598720073699951, 0.8851057887077332, 0.8030109206835429, 0.8054919441541036, 0.7439141968886057, 0.6652836004892985, 0.6570048133532206, 0.5949912269910177, 0.5803330938021342, 0.5655758380889893, 0.5565296312173208, 0.511022130648295, 0.47213343779246014, 0.4933726688226064, 0.46884538729985553, 0.42194289962450665, 0.3934764266014099, 0.4046330799659093, 0.3792538344860077, 0.3607868452866872, 0.34029238919417065, 0.3290086090564728, 0.319985235730807, 0.3135145703951518, 0.28688229123751324, 0.2756193478902181, 0.2667428453763326, 0.2767372230688731, 0.27933773895104724, 0.24920203785101572, 0.23014612992604574, 0.23153806229432425, 0.2273150235414505, 0.2531942129135132, 0.2285845180352529, 0.26871707538763684, 0.22084367275238037, 0.20253882308801016], "ood_acc": [0.1080000028014183, 0.2330000102519989, 0.2120000123977661, 0.22300000488758087, 0.20400001108646393, 0.23800000548362732, 0.2580000162124634, 0.2510000169277191, 0.2370000183582306, 0.2840000092983246, 0.2750000059604645, 0.30100002884864807, 0.3140000104904175, 0.30800002813339233, 0.31200000643730164, 0.30000001192092896, 0.28200000524520874, 0.3140000104904175, 0.3110000193119049, 0.3490000069141388, 0.34800001978874207, 0.34700000286102295, 0.35500001907348633, 0.3410000205039978, 0.32500001788139343, 0.36900001764297485, 0.37800002098083496, 0.3620000183582306, 0.39400002360343933, 0.3710000216960907, 0.359000027179718, 0.36900001764297485, 0.3930000066757202, 0.3500000238418579, 0.4150000214576721, 0.3840000033378601, 0.3750000298023224, 0.40400001406669617, 0.39900001883506775, 0.40400001406669617, 0.3830000162124634, 0.39100003242492676, 0.3920000195503235, 0.3880000114440918, 0.37300002574920654, 0.3680000305175781, 0.3720000088214874, 0.38600000739097595, 0.3700000047683716, 0.4190000295639038, 0.3920000195503235], "ood_ce": [2.3050901889801025, 2.062959671020508, 2.0921871662139893, 2.0883843898773193, 2.1690924167633057, 2.0928173065185547, 2.0979440212249756, 2.036801338195801, 2.229579210281372, 2.071951150894165, 2.143249273300171, 2.047130823135376, 2.0627524852752686, 2.221968412399292, 2.1030585765838623, 2.297461986541748, 2.2417545318603516, 2.3165078163146973, 2.3211405277252197, 2.1856837272644043, 2.240199089050293, 2.41373348236084, 2.2666783332824707, 2.2773337364196777, 2.4838829040527344, 2.4143519401550293, 2.3410158157348633, 2.3789234161376953, 2.2391631603240967, 2.5387191772460938, 2.7323970794677734, 2.3895103931427, 2.3165459632873535, 2.8246004581451416, 2.499861240386963, 2.8260388374328613, 2.8859856128692627, 2.388822078704834, 2.516867160797119, 2.6049296855926514, 2.9573354721069336, 2.7777974605560303, 2.8493447303771973, 2.7544074058532715, 3.02349853515625, 3.148607015609741, 3.1823647022247314, 2.995742082595825, 3.2544472217559814, 2.9776690006256104, 3.53305721282959]}