{"step": [0, 30, 60, 90, 120, 150, 180, 210, 240, 270, 300, 330, 360, 390, 420, 450, 480, 510, 540, 570, 600, 630, 660, 690, 720, 750, 780, 810, 840, 870, 900, 930, 960, 990, 1020, 1050, 1080, 1110, 1140, 1170, 1200, 1230, 1260, 1290, 1320, 1350, 1380, 1410, 1440, 1470, 1499], "train": [2.2975343068440757, 1.811093807220459, 1.628515323003133, 1.5698960224787395, 1.43355131149292, 1.4036389986673992, 1.3088099559148152, 1.289332350095113, 1.2586876153945923, 1.1945582230885823, 1.142221450805664, 1.1231031616528828, 1.089398443698883, 1.0075753132502239, 0.9629142880439758, 0.9025808175404867, 0.8517049849033356, 0.8079203168551127, 0.9079277316729227, 0.7628759145736694, 0.8834752241770426, 0.6584976613521576, 0.6521337727705637, 0.6164655486742655, 0.5666106740633646, 0.5773468911647797, 0.518400639295578, 0.49994780619939166, 0.504804660876592, 0.47668148080507916, 0.4911893606185913, 0.461458961168925, 0.46147072315216064, 0.46526293953259784, 0.39743466675281525, 0.4368859628836314, 0.3754599988460541, 0.3573150883118312, 0.3943973829348882, 0.4118001361687978, 0.3655390640099843, 0.3481482019027074, 0.3324212233225505, 0.3017241209745407, 0.30137818058331806, 0.303626149892807, 0.31362880269686383, 0.2581090231736501, 0.27076810350020725, 0.2947712292273839, 0.2705261905988057], "ood_acc": [0.1210000067949295, 0.24300001561641693, 0.2120000123977661, 0.2410000115633011, 0.2510000169277191, 0.22500000894069672, 0.2580000162124634, 0.23200000822544098, 0.2590000033378601, 0.2590000033378601, 0.24000000953674316, 0.2900000214576721, 0.27800002694129944, 0.3320000171661377, 0.3230000138282776, 0.3320000171661377, 0.29200002551078796, 0.3230000138282776, 0.3490000069141388, 0.36400002241134644, 0.3750000298023224, 0.359000027179718, 0.33800002932548523, 0.4010000228881836, 0.3660000264644623, 0.4100000262260437, 0.3890000283718109, 0.35500001907348633, 0.3660000264644623, 0.3840000033378601, 0.359000027179718, 0.37700000405311584, 0.34800001978874207, 0.36900001764297485, 0.4010000228881836, 0.37700000405311584, 0.3720000088214874, 0.4020000100135803, 0.3920000195503235, 0.38700002431869507, 0.36500000953674316, 0.39900001883506775, 0.3830000162124634, 0.4000000059604645, 0.3930000066757202, 0.42100003361701965, 0.3720000088214874, 0.4050000309944153, 0.37700000405311584, 0.4150000214576721, 0.41600000858306885], "ood_ce": [2.3022069931030273, 2.0350327491760254, 2.1281657218933105, 2.1222314834594727, 2.041980266571045, 2.177739143371582, 2.1011321544647217, 2.1050143241882324, 2.113136053085327, 2.090719699859619, 2.2431702613830566, 2.0779035091400146, 2.260439872741699, 2.050429344177246, 2.0559730529785156, 2.0364112854003906, 2.2761170864105225, 2.12699818611145, 2.184866189956665, 1.9973208904266357, 2.016709566116333, 2.200995445251465, 2.487621307373047, 2.2098793983459473, 2.287952184677124, 2.005131721496582, 2.2308881282806396, 2.5382657051086426, 2.583928108215332, 2.502288579940796, 2.444969654083252, 2.4536681175231934, 2.670884370803833, 2.5992181301116943, 2.3257791996002197, 2.400118350982666, 2.77024245262146, 2.580810070037842, 2.891467332839966, 2.650501251220703, 2.774503707885742, 2.7137975692749023, 3.1154441833496094, 2.8008296489715576, 2.8880043029785156, 2.6979730129241943, 2.858102798461914, 2.9317269325256348, 3.2107973098754883, 3.24334716796875, 2.8543174266815186]}