{"step": [0, 30, 60, 90, 120, 150, 180, 210, 240, 270, 300, 330, 360, 390, 420, 450, 480, 510, 540, 570, 600, 630, 660, 690, 720, 750, 780, 810, 840, 870, 900, 930, 960, 990, 1020, 1050, 1080, 1110, 1140, 1170, 1200, 1230, 1260, 1290, 1320, 1350, 1380, 1410, 1440, 1470, 1499], "train": [2.300771872202555, 1.7780987819035847, 1.5445935726165771, 1.4357959826787312, 1.4191573858261108, 1.327497164408366, 1.2462554574012756, 1.1841228604316711, 1.1246085166931152, 1.1043884952863057, 1.0248104731241863, 1.0030734141667683, 0.8977470795313517, 0.8793447613716125, 0.804963211218516, 0.7441436350345612, 0.7181403736273447, 0.7066633701324463, 0.7013908723990122, 0.6257857382297516, 0.609356959660848, 0.5661352475484213, 0.5449266135692596, 0.5992429852485657, 0.623671700557073, 0.5470473517974218, 0.4384066015481949, 0.5104580322901408, 0.38533535103003186, 0.3697610944509506, 0.36616067588329315, 0.378651241461436, 0.3653537680705388, 0.3166104604800542, 0.40013612310091656, 0.3058999429146449, 0.301899512608846, 0.2934078723192215, 0.26456143458684284, 0.2723078777392705, 0.2811598479747772, 0.25793855885664624, 0.2952805558840434, 0.22002012530962625, 0.24603003760178885, 0.22566175957520804, 0.2069844181338946, 0.2096597800652186, 0.19594335556030273, 0.19408863286177316, 0.1857965663075447], "ood_acc": [0.08100000023841858, 0.1990000158548355, 0.21800000965595245, 0.24300001561641693, 0.27900001406669617, 0.23000000417232513, 0.25300002098083496, 0.2580000162124634, 0.25, 0.2800000011920929, 0.25600001215934753, 0.30400002002716064, 0.30400002002716064, 0.31800001859664917, 0.3160000145435333, 0.33000001311302185, 0.3450000286102295, 0.3460000157356262, 0.328000009059906, 0.3620000183582306, 0.3450000286102295, 0.3530000150203705, 0.3680000305175781, 0.367000013589859, 0.36400002241134644, 0.3410000205039978, 0.3700000047683716, 0.35100001096725464, 0.3540000021457672, 0.3500000238418579, 0.36400002241134644, 0.3620000183582306, 0.36900001764297485, 0.39400002360343933, 0.3450000286102295, 0.36900001764297485, 0.36000001430511475, 0.3500000238418579, 0.367000013589859, 0.3530000150203705, 0.35100001096725464, 0.3970000147819519, 0.39500001072883606, 0.3710000216960907, 0.33900001645088196, 0.40700000524520874, 0.3580000102519989, 0.36900001764297485, 0.38100001215934753, 0.4020000100135803, 0.36400002241134644], "ood_ce": [2.312715768814087, 2.0639188289642334, 2.2385284900665283, 2.082019329071045, 1.9852466583251953, 2.270674228668213, 2.169743299484253, 2.2231664657592773, 2.192304849624634, 2.221677541732788, 2.3147189617156982, 2.236603260040283, 2.1887874603271484, 2.3120195865631104, 2.241177797317505, 2.284660816192627, 2.137132406234741, 2.194751024246216, 2.3228249549865723, 2.221926212310791, 2.298508644104004, 2.508692979812622, 2.479743003845215, 2.4432804584503174, 2.4348301887512207, 2.5806796550750732, 2.4259657859802246, 2.698556423187256, 2.8374722003936768, 3.0335476398468018, 2.795193910598755, 2.9139912128448486, 2.784677028656006, 2.78086519241333, 3.040048360824585, 2.927966833114624, 3.315025806427002, 3.355877637863159, 3.1070780754089355, 3.3667469024658203, 3.6010119915008545, 3.0403051376342773, 3.1741857528686523, 3.2110676765441895, 3.4523932933807373, 3.256301164627075, 3.7435905933380127, 3.445863962173462, 3.2576065063476562, 3.222825050354004, 3.5052714347839355]}