{"step": [0, 30, 60, 90, 120, 150, 180, 210, 240, 270, 300, 330, 360, 390, 420, 450, 480, 510, 540, 570, 600, 630, 660, 690, 720, 750, 780, 810, 840, 870, 900, 930, 960, 990, 1020, 1050, 1080, 1110, 1140, 1170, 1200, 1230, 1260, 1290, 1320, 1350, 1380, 1410, 1440, 1470, 1499], "train": [2.3101284503936768, 1.749485969543457, 1.5103367567062378, 1.4054061969121296, 1.3059074481328328, 1.2165244023005168, 1.1199777324994404, 1.0654512842496235, 0.9733174641927084, 0.8780681490898132, 0.7505307594935099, 0.6341976523399353, 0.5880903502305349, 0.5840777059396108, 0.4957776963710785, 0.47793437043825787, 0.4157700141270955, 0.4355557958285014, 0.3590935170650482, 0.3228571762641271, 0.328213373819987, 0.321501428882281, 0.2701483219861984, 0.27086495359738666, 0.23528785010178885, 0.2293762688835462, 0.23441475133101145, 0.19888578852017721, 0.1805057773987452, 0.19322794675827026, 0.22624915838241577, 0.21707603832085928, 0.17488374064366022, 0.13619705041249594, 0.1619806538025538, 0.12343215942382812, 0.14402461548646292, 0.12481300036112468, 0.1645499219497045, 0.10589935133854549, 0.08894495790203412, 0.1500277022520701, 0.42344428102175397, 0.21891213953495026, 0.14403502146402994, 0.1054835965236028, 0.08212451140085857, 0.0746656134724617, 0.07379160324732463, 0.06885309765736262, 0.05021208027998606], "ood_acc": [0.10900000482797623, 0.23800000548362732, 0.2200000137090683, 0.2600000202655792, 0.24800001084804535, 0.2990000247955322, 0.29600000381469727, 0.2939999997615814, 0.3140000104904175, 0.30000001192092896, 0.32600000500679016, 0.34800001978874207, 0.3580000102519989, 0.33000001311302185, 0.3440000116825104, 0.3630000054836273, 0.367000013589859, 0.3760000169277191, 0.40700000524520874, 0.41600000858306885, 0.3850000202655792, 0.39100003242492676, 0.3720000088214874, 0.36400002241134644, 0.4010000228881836, 0.38600000739097595, 0.41200003027915955, 0.4140000343322754, 0.43800002336502075, 0.4360000193119049, 0.3840000033378601, 0.3970000147819519, 0.4140000343322754, 0.4310000240802765, 0.41600000858306885, 0.4150000214576721, 0.3970000147819519, 0.4000000059604645, 0.40400001406669617, 0.4180000126361847, 0.4220000207424164, 0.4190000295639038, 0.39900001883506775, 0.3840000033378601, 0.4350000321865082, 0.44700002670288086, 0.42500001192092896, 0.42500001192092896, 0.4270000159740448, 0.4240000247955322, 0.43700000643730164], "ood_ce": [2.3043086528778076, 2.016197919845581, 2.1249163150787354, 2.113741397857666, 2.1055164337158203, 1.9953457117080688, 2.0142836570739746, 2.0749993324279785, 2.062833547592163, 2.231107234954834, 2.2109127044677734, 2.205502510070801, 2.3621513843536377, 2.484226703643799, 2.4402620792388916, 2.4889426231384277, 2.4409496784210205, 2.5268874168395996, 2.4217946529388428, 2.475039005279541, 2.5858285427093506, 2.603726863861084, 2.746692419052124, 2.6576061248779297, 2.739513397216797, 2.89862322807312, 2.6618621349334717, 2.7933268547058105, 2.7897841930389404, 2.856581687927246, 2.969578266143799, 2.7920241355895996, 2.7614498138427734, 2.816493034362793, 2.984046220779419, 2.863874673843384, 3.1040360927581787, 3.277153968811035, 3.003124237060547, 2.850637435913086, 2.8666892051696777, 3.112210750579834, 2.670055627822876, 2.440653085708618, 2.3536903858184814, 2.569334030151367, 2.6811227798461914, 2.7244770526885986, 2.8319296836853027, 2.812422037124634, 2.8206775188446045]}