{"step": [0, 30, 60, 90, 120, 150, 180, 210, 240, 270, 300, 330, 360, 390, 420, 450, 480, 510, 540, 570, 600, 630, 660, 690, 720, 750, 780, 810, 840, 870, 900, 930, 960, 990, 1020, 1050, 1080, 1110, 1140, 1170, 1200, 1230, 1260, 1290, 1320, 1350, 1380, 1410, 1440, 1470, 1499], "train": [2.3132551511128745, 2.090078274408976, 1.8242051998774211, 1.6659806569417317, 1.5691011746724446, 1.5042413473129272, 1.4569849570592244, 1.4112601280212402, 1.355412483215332, 1.303049882253011, 1.2685970465342205, 1.2286580602327983, 1.1600087881088257, 1.0955232977867126, 1.0439666708310444, 0.9733514587084452, 0.8969939549763998, 0.8510467608769735, 0.7610546350479126, 0.66750435034434, 0.6195471783479055, 0.5644655625025431, 0.5170634289582571, 0.48773200313250226, 0.43931182225545246, 0.4013228118419647, 0.38159264127413434, 0.3516068508227666, 0.3331288496653239, 0.29616743326187134, 0.27468741436799365, 0.24291329085826874, 0.2221119354168574, 0.19857997943957648, 0.20988840609788895, 0.1967565417289734, 0.1786059389511744, 0.19094824294249216, 0.17913546413183212, 0.13662377248207727, 0.11983383446931839, 0.12775187070171037, 0.10179969171682994, 0.12439031650622685, 0.12032774339119594, 0.12111461907625198, 0.1084098902841409, 0.10071514298518498, 0.08020081743597984, 0.05517416633665562, 0.055709930757681526], "ood_acc": [0.07200000435113907, 0.22500000894069672, 0.26100000739097595, 0.27300000190734863, 0.289000004529953, 0.26100000739097595, 0.2750000059604645, 0.26900002360343933, 0.25600001215934753, 0.2510000169277191, 0.28600001335144043, 0.2160000056028366, 0.3020000159740448, 0.26600000262260437, 0.29100000858306885, 0.328000009059906, 0.3360000252723694, 0.3720000088214874, 0.32200002670288086, 0.3440000116825104, 0.3700000047683716, 0.3700000047683716, 0.4020000100135803, 0.3890000283718109, 0.38700002431869507, 0.38200002908706665, 0.3920000195503235, 0.4220000207424164, 0.42000001668930054, 0.4150000214576721, 0.41100001335144043, 0.4100000262260437, 0.42600002884864807, 0.42000001668930054, 0.445000022649765, 0.4350000321865082, 0.42100003361701965, 0.42900002002716064, 0.4300000071525574, 0.4280000329017639, 0.42100003361701965, 0.42900002002716064, 0.44300001859664917, 0.45100003480911255, 0.43300002813339233, 0.4350000321865082, 0.43400001525878906, 0.4240000247955322, 0.44600000977516174, 0.4410000145435333, 0.4360000193119049], "ood_ce": [2.311347723007202, 2.142860174179077, 1.9702636003494263, 1.9425017833709717, 1.924061894416809, 1.9475905895233154, 1.9663197994232178, 2.016050100326538, 2.024019479751587, 2.0311121940612793, 1.9782308340072632, 2.1963796615600586, 1.9875754117965698, 2.137230157852173, 2.107374429702759, 2.1166391372680664, 2.0831220149993896, 2.0499448776245117, 2.2991726398468018, 2.3363583087921143, 2.2625021934509277, 2.3116097450256348, 2.2816948890686035, 2.495373010635376, 2.4648306369781494, 2.502509593963623, 2.660855531692505, 2.6462202072143555, 2.6835031509399414, 2.5560266971588135, 2.739633560180664, 2.7543325424194336, 2.8348066806793213, 2.9168431758880615, 2.9655847549438477, 2.9403083324432373, 3.2755963802337646, 3.183497905731201, 3.044401168823242, 3.2063534259796143, 3.3550500869750977, 3.513568162918091, 3.48301100730896, 3.2974660396575928, 3.6274402141571045, 3.644972324371338, 3.7123358249664307, 3.6375603675842285, 3.5448081493377686, 3.7315144538879395, 3.892000198364258]}