{"step": [0, 30, 60, 90, 120, 150, 180, 210, 240, 270, 300, 330, 360, 390, 420, 450, 480, 510, 540, 570, 600, 630, 660, 690, 720, 750, 780, 810, 840, 870, 900, 930, 960, 990, 1020, 1050, 1080, 1110, 1140, 1170, 1200, 1230, 1260, 1290, 1320, 1350, 1380, 1410, 1440, 1470, 1499], "train": [2.3073507944742837, 1.5812772115071614, 1.4707306623458862, 1.3676511843999226, 1.2480296691258748, 1.1234479745229085, 0.9952678680419922, 0.897897998491923, 0.8326468070348104, 0.7568823198477427, 0.6314992606639862, 0.6270316044489542, 0.5997347235679626, 0.5564935306708018, 0.4977371593316396, 0.48267022768656415, 0.415321151415507, 0.4598282178243001, 0.41088762879371643, 0.3838099092245102, 0.3811495900154114, 2.169022500514984, NaN, NaN, NaN, NaN, NaN, NaN, NaN, NaN, NaN, NaN, NaN, NaN, NaN, NaN, NaN, NaN, NaN, NaN, NaN, NaN, NaN, NaN, NaN, NaN, NaN, NaN, NaN, NaN, NaN], "ood_acc": [0.07400000095367432, 0.27400001883506775, 0.24800001084804535, 0.25300002098083496, 0.2970000207424164, 0.2990000247955322, 0.30000001192092896, 0.33900001645088196, 0.34700000286102295, 0.4020000100135803, 0.4090000092983246, 0.3660000264644623, 0.3850000202655792, 0.4140000343322754, 0.4280000329017639, 0.4190000295639038, 0.40800002217292786, 0.3880000114440918, 0.39500001072883606, 0.4320000112056732, 0.4400000274181366, 0.40800002217292786, 0.11300000548362732, 0.11300000548362732, 0.11300000548362732, 0.11300000548362732, 0.11300000548362732, 0.11300000548362732, 0.11300000548362732, 0.11300000548362732, 0.11300000548362732, 0.11300000548362732, 0.11300000548362732, 0.11300000548362732, 0.11300000548362732, 0.11300000548362732, 0.11300000548362732, 0.11300000548362732, 0.11300000548362732, 0.11300000548362732, 0.11300000548362732, 0.11300000548362732, 0.11300000548362732, 0.11300000548362732, 0.11300000548362732, 0.11300000548362732, 0.11300000548362732, 0.11300000548362732, 0.11300000548362732, 0.11300000548362732, 0.11300000548362732], "ood_ce": [2.3069822788238525, 1.958864450454712, 2.03178334236145, 2.0491881370544434, 1.9914861917495728, 1.9748165607452393, 2.2476532459259033, 2.089498281478882, 2.202329635620117, 2.0598700046539307, 1.9821957349777222, 2.3142662048339844, 2.1960079669952393, 2.1320786476135254, 2.2072556018829346, 2.092653274536133, 2.4924962520599365, 2.322357654571533, 2.436707019805908, 2.1821320056915283, 2.3975412845611572, 2.508286952972412, NaN, NaN, NaN, NaN, NaN, NaN, NaN, NaN, NaN, NaN, NaN, NaN, NaN, NaN, NaN, NaN, NaN, NaN, NaN, NaN, NaN, NaN, NaN, NaN, NaN, NaN, NaN, NaN, NaN]}