{"step": [0, 30, 60, 90, 120, 150, 180, 210, 240, 270, 300, 330, 360, 390, 420, 450, 480, 510, 540, 570, 600, 630, 660, 690, 720, 750, 780, 810, 840, 870, 900, 930, 960, 990, 1020, 1050, 1080, 1110, 1140, 1170, 1200, 1230, 1260, 1290, 1320, 1350, 1380, 1410, 1440, 1470, 1499], "train": [2.3015164534250894, 1.7490895589192708, 1.516967495282491, 1.4606846173604329, 1.4311569531758626, 1.3721095323562622, 1.2743839422861736, 1.2012413342793782, 1.083097795645396, 0.9800000985463461, 0.865615963935852, 0.774711807568868, 0.6724965473016103, 0.6229997475941976, 0.5678889652093252, 0.5250467360019684, 0.4833464175462723, 0.44151638944943744, 0.40571339925130206, 0.3591001331806183, 0.34399649997552234, 0.30088162422180176, 0.3160817523797353, 0.28810276587804157, 0.2968793759743373, 0.2338582823673884, 0.21821017811695734, 0.24417408307393393, 0.2192160685857137, 0.164179107795159, 0.13564303268988928, 0.1215379573404789, 0.11541262889901797, 0.10618667056163152, 0.11384833479921024, 0.1276922101775805, 0.10424398134152095, 0.10898271451393764, 0.1263833294312159, 0.0865830307205518, 0.0759881002207597, 0.05511371729274591, 0.06447068229317665, 0.07355865463614464, 0.06266026260952155, 0.06768394634127617, 0.053623548398415245, 0.06777440135677655, 0.0491876391073068, 0.0569725955526034, 0.046892983838915825], "ood_acc": [0.09800000488758087, 0.24300001561641693, 0.25200000405311584, 0.2550000250339508, 0.2760000228881836, 0.20800000429153442, 0.2760000228881836, 0.30100002884864807, 0.27900001406669617, 0.2900000214576721, 0.3460000157356262, 0.34700000286102295, 0.3370000123977661, 0.3580000102519989, 0.3680000305175781, 0.38600000739097595, 0.38600000739097595, 0.367000013589859, 0.3710000216960907, 0.4310000240802765, 0.4100000262260437, 0.40300002694129944, 0.40700000524520874, 0.4050000309944153, 0.4390000104904175, 0.4190000295639038, 0.41600000858306885, 0.40800002217292786, 0.39400002360343933, 0.40400001406669617, 0.4350000321865082, 0.42600002884864807, 0.4050000309944153, 0.398000031709671, 0.4090000092983246, 0.4190000295639038, 0.4130000174045563, 0.40400001406669617, 0.398000031709671, 0.4180000126361847, 0.4360000193119049, 0.4390000104904175, 0.43400001525878906, 0.41100001335144043, 0.4230000078678131, 0.4410000145435333, 0.42500001192092896, 0.43800002336502075, 0.4480000138282776, 0.42600002884864807, 0.4240000247955322], "ood_ce": [2.3170173168182373, 1.9813153743743896, 1.987836480140686, 2.019477367401123, 1.9828633069992065, 2.197321891784668, 1.992709994316101, 2.029625654220581, 2.075550079345703, 2.1987862586975098, 2.225459337234497, 2.243072509765625, 2.380798816680908, 2.534374952316284, 2.3423855304718018, 2.475850820541382, 2.4198052883148193, 2.53108549118042, 2.644169807434082, 2.5248916149139404, 2.5723812580108643, 2.716066360473633, 2.721510410308838, 2.7938835620880127, 2.541477918624878, 2.7286643981933594, 2.843498945236206, 3.140491247177124, 3.046170473098755, 3.16904354095459, 3.0436575412750244, 3.2995190620422363, 3.246551752090454, 3.474649429321289, 3.48494815826416, 3.414048910140991, 3.6435680389404297, 3.6015923023223877, 3.63116455078125, 3.4512746334075928, 3.380706787109375, 3.4572272300720215, 3.7943403720855713, 3.974846839904785, 3.5730061531066895, 3.701066493988037, 3.6749017238616943, 3.75465989112854, 3.5516133308410645, 3.697542905807495, 3.7314388751983643]}