{"step": [0, 30, 60, 90, 120, 150, 180, 210, 240, 270, 300, 330, 360, 390, 420, 450, 480, 510, 540, 570, 600, 630, 660, 690, 720, 750, 780, 810, 840, 870, 900, 930, 960, 990, 1020, 1050, 1080, 1110, 1140, 1170, 1200, 1230, 1260, 1290, 1320, 1350, 1380, 1410, 1440, 1470, 1499], "train": [2.292111317316691, 1.5791783332824707, 1.4049545526504517, 1.2732374270757039, 1.1397759318351746, 1.0357543428738911, 0.8486739993095398, 0.7253367404143015, 0.6700986623764038, 0.6331694424152374, 0.5660567283630371, 0.5215213398138682, 0.5091848274072012, 0.5205786824226379, 0.482889324426651, 0.4021931340297063, 0.39544086654980976, 0.38172097007433575, 0.34080534676710766, 0.32705073058605194, 0.2702885220448176, 0.27497848371664685, 0.274498775601387, 0.2525058537721634, 0.2228936403989792, 0.22181442379951477, 0.22971964379151663, 0.2378809948762258, 0.21773814658323923, 0.2730825146039327, 0.2222502181927363, 0.19751016795635223, 0.18990620970726013, 0.18353829036156336, 0.17955119659503302, 0.3162947992483775, NaN, NaN, NaN, NaN, NaN, NaN, NaN, NaN, NaN, NaN, NaN, NaN, NaN, NaN, NaN], "ood_acc": [0.09700000286102295, 0.2330000102519989, 0.2710000276565552, 0.2410000115633011, 0.33100003004074097, 0.29200002551078796, 0.3440000116825104, 0.35200002789497375, 0.35200002789497375, 0.36500000953674316, 0.3410000205039978, 0.37400001287460327, 0.39100003242492676, 0.3410000205039978, 0.3370000123977661, 0.3790000081062317, 0.3580000102519989, 0.3920000195503235, 0.3700000047683716, 0.39900001883506775, 0.39000001549720764, 0.37800002098083496, 0.3620000183582306, 0.38100001215934753, 0.4050000309944153, 0.37400001287460327, 0.3750000298023224, 0.4050000309944153, 0.43700000643730164, 0.38600000739097595, 0.4130000174045563, 0.4310000240802765, 0.40300002694129944, 0.4020000100135803, 0.4240000247955322, 0.3890000283718109, 0.0990000069141388, 0.0990000069141388, 0.0990000069141388, 0.0990000069141388, 0.0990000069141388, 0.0990000069141388, 0.0990000069141388, 0.0990000069141388, 0.0990000069141388, 0.0990000069141388, 0.0990000069141388, 0.0990000069141388, 0.0990000069141388, 0.0990000069141388, 0.0990000069141388], "ood_ce": [2.30757474899292, 2.0327141284942627, 2.065952777862549, 2.1576015949249268, 1.9764615297317505, 2.196143627166748, 2.169929027557373, 2.2557737827301025, 2.304940700531006, 2.222461462020874, 2.5913197994232178, 2.442718029022217, 2.457557201385498, 2.5477774143218994, 2.5273237228393555, 2.585871696472168, 2.6852540969848633, 2.518540143966675, 2.764026165008545, 2.784377336502075, 2.5981647968292236, 2.7087533473968506, 2.673882246017456, 2.8712587356567383, 2.6570639610290527, 3.0268239974975586, 2.960355281829834, 2.9188530445098877, 2.8891940116882324, 2.85911226272583, 2.665313243865967, 2.8586807250976562, 2.8316330909729004, 2.7449612617492676, 2.874919891357422, 3.2261040210723877, NaN, NaN, NaN, NaN, NaN, NaN, NaN, NaN, NaN, NaN, NaN, NaN, NaN, NaN, NaN]}