{"step": [0, 30, 60, 90, 120, 150, 180, 210, 240, 270, 300, 330, 360, 390, 420, 450, 480, 510, 540, 570, 600, 630, 660, 690, 720, 750, 780, 810, 840, 870, 900, 930, 960, 990, 1020, 1050, 1080, 1110, 1140, 1170, 1200, 1230, 1260, 1290, 1320, 1350, 1380, 1410, 1440, 1470, 1499], "train": [2.2954516410827637, 1.708083947499593, 1.521644393603007, 1.4748496611913045, 1.3881407578786213, 1.3090004920959473, 1.199662407239278, 1.1142894426981609, 0.97169429063797, 0.840187688668569, 0.7443585693836212, 0.6864107946554819, 0.6085260411103567, 0.5424838960170746, 0.52287029226621, 0.47875488301118213, 0.44993715981642407, 0.4201292246580124, 0.37173940738042194, 0.3538084675868352, 0.39323162535826367, 0.3305840343236923, 0.2939177056153615, 0.2941005577643712, 0.2698284834623337, 0.24998764197031656, 0.21819891035556793, 0.2131897211074829, 0.21514415244261423, 0.23437054951985678, 0.19627426067988077, 0.17073411494493484, 0.16286306828260422, 0.12358417237798373, 0.1157538468639056, 0.12844684223333994, 0.14006958901882172, 0.12750951200723648, 0.0974521537621816, 0.17071021844943365, 0.12290821224451065, 0.12837824349602064, 0.12139325092236201, 0.1060751626888911, 0.09102396667003632, 0.09271394337217014, 0.07925802965958913, 0.05850184770921866, 0.03775683014343182, 0.05408539126316706, 0.06169760599732399], "ood_acc": [0.1210000067949295, 0.24700000882148743, 0.22700001299381256, 0.2510000169277191, 0.2639999985694885, 0.27900001406669617, 0.2900000214576721, 0.26900002360343933, 0.3440000116825104, 0.33500000834465027, 0.3630000054836273, 0.3850000202655792, 0.3750000298023224, 0.41600000858306885, 0.3700000047683716, 0.3890000283718109, 0.41100001335144043, 0.4010000228881836, 0.4240000247955322, 0.4180000126361847, 0.4240000247955322, 0.4440000355243683, 0.42500001192092896, 0.43700000643730164, 0.43300002813339233, 0.4360000193119049, 0.4390000104904175, 0.4490000307559967, 0.4440000355243683, 0.4410000145435333, 0.43800002336502075, 0.4440000355243683, 0.4360000193119049, 0.4410000145435333, 0.46300002932548523, 0.4280000329017639, 0.45000001788139343, 0.45500001311302185, 0.45100003480911255, 0.445000022649765, 0.4410000145435333, 0.4610000252723694, 0.45600003004074097, 0.445000022649765, 0.4410000145435333, 0.47200003266334534, 0.41700002551078796, 0.4220000207424164, 0.46000000834465027, 0.43700000643730164, 0.4480000138282776], "ood_ce": [2.3009207248687744, 1.9905400276184082, 2.0714001655578613, 2.101475477218628, 2.069122552871704, 2.0455434322357178, 2.0699145793914795, 2.087656259536743, 2.0335376262664795, 2.1139094829559326, 2.068505048751831, 1.9407200813293457, 2.211501359939575, 2.0424106121063232, 2.354405164718628, 2.26669979095459, 2.3136017322540283, 2.3939270973205566, 2.3610334396362305, 2.3009324073791504, 2.37825345993042, 2.268795967102051, 2.443981170654297, 2.660860300064087, 2.6204941272735596, 2.609281539916992, 2.533459186553955, 2.7505135536193848, 2.801884651184082, 2.8801097869873047, 2.7369141578674316, 2.5762887001037598, 2.8917646408081055, 2.844043254852295, 2.8262007236480713, 3.080327033996582, 2.9228148460388184, 2.8469929695129395, 2.841388463973999, 2.8020927906036377, 2.6437480449676514, 2.7042348384857178, 2.7493183612823486, 2.7304189205169678, 2.9518136978149414, 2.7440669536590576, 3.134330987930298, 3.118487596511841, 3.0258872509002686, 3.302293539047241, 3.1983351707458496]}