{"step": [0, 30, 60, 90, 120, 150, 180, 210, 240, 270, 300, 330, 360, 390, 420, 450, 480, 510, 540, 570, 600, 630, 660, 690, 720, 750, 780, 810, 840, 870, 900, 930, 960, 990, 1020, 1050, 1080, 1110, 1140, 1170, 1200, 1230, 1260, 1290, 1320, 1350, 1380, 1410, 1440, 1470, 1499], "train": [2.297000249226888, 2.1329405307769775, 1.8541131416956584, 1.6751219828923543, 1.5756593545277913, 1.5224353075027466, 1.4803354740142822, 1.4473782777786255, 1.411241928736369, 1.3674526611963909, 1.3262670437494914, 1.2960938215255737, 1.250568926334381, 1.1842214862505596, 1.1097491383552551, 1.0371132294336955, 0.9742281039555868, 0.8983486294746399, 0.8419747551282247, 0.7489134073257446, 0.7078492244084676, 0.646596779425939, 0.6050983766714731, 0.5484998126824697, 0.5061798095703125, 0.4621305267016093, 0.4305003037055333, 0.4205341140429179, 0.38895176847775775, 0.35004374384880066, 0.32605377833048504, 0.30768867830435437, 0.29346024493376416, 0.2514910052220027, 0.21653927862644196, 0.21998169521490732, 0.20721627523501715, 0.2029180278380712, 0.19563349336385727, 0.21723613639672598, 0.20462251206239065, 0.15944252659877142, 0.15485532581806183, 0.11345484231909116, 0.09938629964987437, 0.0984646702806155, 0.09210403263568878, 0.07830464281141758, 0.0747325172026952, 0.06904726848006248, 0.05455712787806988], "ood_acc": [0.1210000067949295, 0.2200000137090683, 0.2370000183582306, 0.24300001561641693, 0.2630000114440918, 0.2410000115633011, 0.2460000067949295, 0.24000000953674316, 0.2630000114440918, 0.2370000183582306, 0.242000013589859, 0.29500001668930054, 0.2720000147819519, 0.2900000214576721, 0.26500001549720764, 0.3020000159740448, 0.30300000309944153, 0.3190000057220459, 0.31700000166893005, 0.34300002455711365, 0.3530000150203705, 0.3960000276565552, 0.3850000202655792, 0.4000000059604645, 0.3930000066757202, 0.40700000524520874, 0.4350000321865082, 0.4190000295639038, 0.41700002551078796, 0.406000018119812, 0.4140000343322754, 0.41200003027915955, 0.4050000309944153, 0.42000001668930054, 0.4020000100135803, 0.398000031709671, 0.43700000643730164, 0.45000001788139343, 0.4090000092983246, 0.43400001525878906, 0.42100003361701965, 0.4480000138282776, 0.43700000643730164, 0.4220000207424164, 0.4230000078678131, 0.4350000321865082, 0.43400001525878906, 0.4240000247955322, 0.41600000858306885, 0.4020000100135803, 0.42000001668930054], "ood_ce": [2.3019931316375732, 2.1982593536376953, 2.034802198410034, 1.9764184951782227, 1.9724024534225464, 2.029177188873291, 2.0461227893829346, 2.05026912689209, 2.0656917095184326, 2.0995731353759766, 2.0952401161193848, 2.0351576805114746, 2.074293851852417, 2.096677780151367, 2.1908063888549805, 2.148364305496216, 2.2089762687683105, 2.1886274814605713, 2.2106099128723145, 2.121687173843384, 2.2367050647735596, 2.118896722793579, 2.1438868045806885, 2.176633834838867, 2.2829134464263916, 2.212374448776245, 2.265491247177124, 2.3612349033355713, 2.427556037902832, 2.570528030395508, 2.6400210857391357, 2.5486042499542236, 2.6992721557617188, 2.7003984451293945, 2.8100178241729736, 2.9815516471862793, 2.885732650756836, 2.8909425735473633, 3.3121094703674316, 3.0078630447387695, 3.046785831451416, 3.0590460300445557, 3.17753529548645, 3.244722366333008, 3.4376840591430664, 3.5243043899536133, 3.6063222885131836, 3.8350532054901123, 3.9922780990600586, 4.202195167541504, 4.212599277496338]}