{"step": [0, 30, 60, 90, 120, 150, 180, 210, 240, 270, 300, 330, 360, 390, 420, 450, 480, 510, 540, 570, 600, 630, 660, 690, 720, 750, 780, 810, 840, 870, 900, 930, 960, 990, 1020, 1050, 1080, 1110, 1140, 1170, 1200, 1230, 1260, 1290, 1320, 1350, 1380, 1410, 1440, 1470, 1499], "train": [2.30198081334432, 1.6818302869796753, 1.4852445125579834, 1.3802839120229085, 1.2686505317687988, 1.1785995960235596, 1.0781834522883098, 0.9927815397580465, 0.9282972812652588, 0.8205512563387553, 0.7178854942321777, 0.6764321327209473, 0.5848270654678345, 0.5780646900335947, 0.5175422926743826, 0.456051101287206, 0.4066994736591975, 0.4000907043615977, 0.4042794853448868, 0.3411020487546921, 0.35804418722788495, 0.29944297671318054, 0.25330008069674176, 0.2366835648814837, 0.22820354998111725, 0.1780840108791987, 0.20107155541578928, 0.17629337310791016, 0.19012987613677979, 0.1819720615943273, 0.20619183778762817, 0.19715768843889236, 0.1686966468890508, 0.13655690352121988, 0.15783934543530145, 0.14562085270881653, 0.1273043528199196, 0.10810013984640439, 0.1339588314294815, 0.11092530936002731, 0.10197347899278005, 0.11869947363932927, 0.11500277866919835, 0.09417375922203064, 0.09617780521512032, 0.07302581022183101, 0.19482394059499106, 0.11530085777242978, 0.06870240221420924, 0.05975921452045441, 0.060710457464059196], "ood_acc": [0.11100000888109207, 0.2770000100135803, 0.26900002360343933, 0.30400002002716064, 0.3150000274181366, 0.3230000138282776, 0.30300000309944153, 0.2930000126361847, 0.31800001859664917, 0.32500001788139343, 0.3410000205039978, 0.3660000264644623, 0.3680000305175781, 0.3930000066757202, 0.3840000033378601, 0.4130000174045563, 0.40800002217292786, 0.3840000033378601, 0.36100003123283386, 0.4090000092983246, 0.4180000126361847, 0.3920000195503235, 0.406000018119812, 0.3880000114440918, 0.37800002098083496, 0.4100000262260437, 0.3790000081062317, 0.406000018119812, 0.40400001406669617, 0.4010000228881836, 0.38100001215934753, 0.42900002002716064, 0.42600002884864807, 0.4350000321865082, 0.4230000078678131, 0.41600000858306885, 0.4270000159740448, 0.43400001525878906, 0.3970000147819519, 0.41600000858306885, 0.4090000092983246, 0.3830000162124634, 0.3960000276565552, 0.42900002002716064, 0.42000001668930054, 0.42500001192092896, 0.38700002431869507, 0.3920000195503235, 0.4360000193119049, 0.4140000343322754, 0.4350000321865082], "ood_ce": [2.2970664501190186, 1.9074724912643433, 2.021416187286377, 1.898046851158142, 1.8739358186721802, 1.9347803592681885, 2.0393834114074707, 2.0738842487335205, 2.180248498916626, 2.191068410873413, 2.2502665519714355, 2.20786714553833, 2.260338068008423, 2.266247510910034, 2.3560562133789062, 2.2307820320129395, 2.430229425430298, 2.5333268642425537, 2.7804319858551025, 2.4492061138153076, 2.630916118621826, 2.7941055297851562, 2.6826303005218506, 2.9902613162994385, 2.8663790225982666, 3.0338003635406494, 2.999959707260132, 2.9055016040802, 2.9462924003601074, 3.19923996925354, 3.160273790359497, 2.78945255279541, 3.0691723823547363, 3.0786776542663574, 3.159827947616577, 2.934196949005127, 3.066016912460327, 2.8709545135498047, 3.4225451946258545, 3.0861542224884033, 3.129988193511963, 3.3810341358184814, 3.1988308429718018, 3.1161248683929443, 3.014597177505493, 3.099766731262207, 3.354778528213501, 3.017364263534546, 2.9681639671325684, 3.2429304122924805, 3.0481579303741455]}