{"step": [0, 30, 60, 90, 120, 150, 180, 210, 240, 270, 300, 330, 360, 390, 420, 450, 480, 510, 540, 570, 600, 630, 660, 690, 720, 750, 780, 810, 840, 870, 900, 930, 960, 990, 1020, 1050, 1080, 1110, 1140, 1170, 1200, 1230, 1260, 1290, 1320, 1350, 1380, 1410, 1440, 1470, 1499], "train": [2.2942260106404624, 1.6043762763341267, 1.5266841650009155, 1.433639685312907, 1.298091729482015, 1.2148613333702087, 1.0319594542185466, 0.9602815906206766, 0.7931857109069824, 0.7375291784604391, 0.6669990718364716, 0.6338295936584473, 0.5495383242766062, 0.546399712562561, 0.5015299320220947, 0.4535623441139857, 0.5283885796864828, 0.4456956883271535, 0.37335366010665894, 0.3642644137144089, 0.38369887073834735, 0.34024445215861004, 0.30074624717235565, 0.2799212137858073, 0.3782934645811717, 0.29469314217567444, 0.3234839787085851, 0.2694092591603597, 0.2724263072013855, 0.2614511251449585, 0.229562113682429, 0.1751839965581894, 0.2689003298679988, 0.18884194642305374, 0.14964565386374792, 0.15052577729026476, 0.13606345156828561, 0.13956541816393533, 0.12722941239674887, 0.15960489710172018, 0.16493224849303564, 0.1351591075460116, 0.14901188015937805, 0.14321687693397203, 0.13888447235027948, 0.1247487502793471, 0.12305739521980286, 0.1335864613453547, 0.12061949819326401, 0.20727292696634927, 0.1829326425989469], "ood_acc": [0.1210000067949295, 0.23600001633167267, 0.2370000183582306, 0.27000001072883606, 0.2550000250339508, 0.2850000262260437, 0.3330000042915344, 0.33800002932548523, 0.3530000150203705, 0.3620000183582306, 0.3580000102519989, 0.39900001883506775, 0.3800000250339508, 0.40800002217292786, 0.4100000262260437, 0.4090000092983246, 0.3880000114440918, 0.41700002551078796, 0.4410000145435333, 0.4180000126361847, 0.4150000214576721, 0.4480000138282776, 0.42600002884864807, 0.4180000126361847, 0.4270000159740448, 0.42600002884864807, 0.42600002884864807, 0.46000000834465027, 0.42100003361701965, 0.4520000219345093, 0.45100003480911255, 0.44700002670288086, 0.4190000295639038, 0.43700000643730164, 0.46300002932548523, 0.42600002884864807, 0.47200003266334534, 0.45900002121925354, 0.44600000977516174, 0.4270000159740448, 0.44700002670288086, 0.4490000307559967, 0.45000001788139343, 0.44700002670288086, 0.45000001788139343, 0.44300001859664917, 0.43300002813339233, 0.45500001311302185, 0.453000009059906, 0.4360000193119049, 0.43800002336502075], "ood_ce": [2.300075054168701, 2.034075975418091, 2.158043146133423, 2.065704107284546, 2.0737216472625732, 2.0446043014526367, 2.0148556232452393, 2.0395865440368652, 2.06805157661438, 2.0778801441192627, 2.1956300735473633, 2.048408031463623, 2.242035388946533, 2.1919302940368652, 2.224198818206787, 2.22377610206604, 2.4446144104003906, 2.2948813438415527, 2.281259775161743, 2.268672466278076, 2.319225311279297, 2.1295382976531982, 2.3734655380249023, 2.523742437362671, 2.6596269607543945, 2.5303592681884766, 2.597217559814453, 2.4231767654418945, 2.520873546600342, 2.362032890319824, 2.3401429653167725, 2.3779525756835938, 2.5897865295410156, 2.4435923099517822, 2.331043004989624, 2.7123301029205322, 2.4978225231170654, 2.577310085296631, 2.630676031112671, 2.6744673252105713, 2.5391008853912354, 2.596341371536255, 2.640160322189331, 2.6429362297058105, 2.5903146266937256, 2.5690369606018066, 2.6955623626708984, 2.640784740447998, 2.752492666244507, 2.834052801132202, 2.702230453491211]}