{"step": [0, 30, 60, 90, 120, 150, 180, 210, 240, 270, 300, 330, 360, 390, 420, 450, 480, 510, 540, 570, 600, 630, 660, 690, 720, 750, 780, 810, 840, 870, 900, 930, 960, 990, 1020, 1050, 1080, 1110, 1140, 1170, 1200, 1230, 1260, 1290, 1320, 1350, 1380, 1410, 1440, 1470, 1499], "train": [2.288758118947347, 1.6893874009450276, 1.5084313948949177, 1.4000858068466187, 1.3673457702000935, 1.2086029450098674, 1.079088807106018, 0.9246083299318949, 0.7831687927246094, 0.7031649152437845, 0.6197784344355265, 0.5525846779346466, 0.4868556459744771, 0.45704864462216693, 0.4151492714881897, 0.3914045989513397, 0.4135084847609202, 0.36654291053613025, 0.3405021329720815, 0.29013750950495404, 0.3572806417942047, 0.2759341398874919, 0.23814028253157934, 0.22101674725612006, 0.23366296788056692, 0.2541083296140035, 0.18357874204715094, 0.21279519299666086, 0.15695243080457053, 0.1490908538301786, 0.16487818459669748, 0.1609309415022532, 0.13625005384286246, 0.13024375339349112, 0.11739543577035268, 0.1292296970884005, 0.14565683901309967, 0.14869603017965952, 0.12440363069375356, 0.12654904276132584, 0.12127482642730077, 0.08750912422935168, 0.09323281918962796, 0.13598390420277914, 0.08193027476469676, 0.09588577349980672, 0.07215707500775655, 0.07899081086119016, 0.13965243101119995, 0.11128804832696915, 0.08067431425054868], "ood_acc": [0.11300000548362732, 0.24400001764297485, 0.2460000067949295, 0.25300002098083496, 0.2680000066757202, 0.2580000162124634, 0.29100000858306885, 0.3060000240802765, 0.30800002813339233, 0.3410000205039978, 0.4020000100135803, 0.36000001430511475, 0.38100001215934753, 0.4130000174045563, 0.40400001406669617, 0.4280000329017639, 0.42100003361701965, 0.41200003027915955, 0.3800000250339508, 0.4190000295639038, 0.4130000174045563, 0.42100003361701965, 0.4320000112056732, 0.4150000214576721, 0.4010000228881836, 0.4220000207424164, 0.43800002336502075, 0.42100003361701965, 0.42100003361701965, 0.4240000247955322, 0.39400002360343933, 0.3930000066757202, 0.42100003361701965, 0.42100003361701965, 0.4320000112056732, 0.4350000321865082, 0.4280000329017639, 0.42900002002716064, 0.4150000214576721, 0.42900002002716064, 0.42600002884864807, 0.4390000104904175, 0.4300000071525574, 0.44700002670288086, 0.4320000112056732, 0.42900002002716064, 0.44600000977516174, 0.4410000145435333, 0.4520000219345093, 0.4540000259876251, 0.4350000321865082], "ood_ce": [2.2997899055480957, 2.0216829776763916, 2.039701461791992, 2.0452163219451904, 2.064253807067871, 2.1401419639587402, 2.1624386310577393, 2.1636979579925537, 2.309082508087158, 2.2119483947753906, 2.0693013668060303, 2.2470827102661133, 2.214336633682251, 2.252833843231201, 2.3177733421325684, 2.207918643951416, 2.4352078437805176, 2.386873960494995, 2.7208094596862793, 2.6164987087249756, 2.722822427749634, 2.506938934326172, 2.6192193031311035, 2.6490297317504883, 2.7204973697662354, 2.641451597213745, 2.629643201828003, 2.8724300861358643, 2.761537790298462, 2.975428819656372, 2.9433021545410156, 3.0228006839752197, 2.8198347091674805, 3.0363240242004395, 3.019425868988037, 3.143666982650757, 3.0721824169158936, 2.9509990215301514, 2.99186372756958, 2.8619320392608643, 2.685981035232544, 2.91241455078125, 3.117539644241333, 3.078826427459717, 3.3278722763061523, 3.416414737701416, 3.1467010974884033, 3.06929874420166, 3.002349615097046, 3.125607967376709, 3.0834643840789795]}