{"step": [0, 30, 60, 90, 120, 150, 180, 210, 240, 270, 300, 330, 360, 390, 420, 450, 480, 510, 540, 570, 600, 630, 660, 690, 720, 750, 780, 810, 840, 870, 900, 930, 960, 990, 1020, 1050, 1080, 1110, 1140, 1170, 1200, 1230, 1260, 1290, 1320, 1350, 1380, 1410, 1440, 1470, 1499], "train": [2.294311841328939, 2.033607800801595, 1.7929057677586873, 1.668054183324178, 1.5753048261006672, 1.4992488622665405, 1.4408719142278035, 1.396954615910848, 1.3259050846099854, 1.252573569615682, 1.1886263291041057, 1.120085060596466, 1.060547928015391, 0.9939878781636556, 0.908361574014028, 0.8495440284411112, 0.772499660650889, 0.7112714946269989, 0.6293983856836954, 0.5576199690500895, 0.5327908992767334, 0.4781961441040039, 0.44784600536028546, 0.4083292931318283, 0.3669813921054204, 0.3631142775217692, 0.32685959339141846, 0.3177919735511144, 0.27771030863126117, 0.26222229997317, 0.25078387558460236, 0.25542829434076947, 0.22828477124373117, 0.2150034656127294, 0.16799245278040567, 0.1646362543106079, 0.161400039990743, 0.1537018120288849, 0.11454857140779495, 0.10620119174321492, 0.10785466805100441, 0.08956739182273547, 0.09582071751356125, 0.11044589678446452, 0.06975686301787694, 0.07962633172671, 0.06467189267277718, 0.05833406994740168, 0.056167316933472954, 0.04599456861615181, 0.049456797540187836], "ood_acc": [0.1080000028014183, 0.19100001454353333, 0.24900001287460327, 0.23600001633167267, 0.24400001764297485, 0.2540000081062317, 0.23600001633167267, 0.26100000739097595, 0.23500001430511475, 0.2580000162124634, 0.29600000381469727, 0.2590000033378601, 0.28700000047683716, 0.3290000259876251, 0.30900001525878906, 0.328000009059906, 0.3160000145435333, 0.320000022649765, 0.32600000500679016, 0.34800001978874207, 0.36000001430511475, 0.38600000739097595, 0.3840000033378601, 0.3800000250339508, 0.3570000231266022, 0.39400002360343933, 0.3970000147819519, 0.39900001883506775, 0.3890000283718109, 0.3920000195503235, 0.38600000739097595, 0.40400001406669617, 0.40700000524520874, 0.3920000195503235, 0.4140000343322754, 0.3830000162124634, 0.40700000524520874, 0.4100000262260437, 0.41200003027915955, 0.41600000858306885, 0.3920000195503235, 0.39400002360343933, 0.4010000228881836, 0.398000031709671, 0.3960000276565552, 0.37700000405311584, 0.39500001072883606, 0.3960000276565552, 0.3920000195503235, 0.4000000059604645, 0.398000031709671], "ood_ce": [2.3039393424987793, 2.1348283290863037, 2.005058765411377, 1.98520827293396, 1.9957348108291626, 2.0112860202789307, 2.06705641746521, 2.038839817047119, 2.1206657886505127, 2.074458599090576, 2.009427547454834, 2.101396083831787, 2.0093870162963867, 2.1003758907318115, 2.1964924335479736, 2.0997376441955566, 2.2944693565368652, 2.3278701305389404, 2.413065195083618, 2.292891263961792, 2.3624234199523926, 2.303954601287842, 2.3069450855255127, 2.400259256362915, 2.541184186935425, 2.5873186588287354, 2.5864593982696533, 2.531662702560425, 2.6490824222564697, 2.8077657222747803, 2.96018123626709, 2.922191619873047, 2.88482403755188, 3.074125051498413, 3.0115959644317627, 3.199678421020508, 3.2805886268615723, 3.2105417251586914, 3.2852120399475098, 3.369887113571167, 3.794874906539917, 3.6329965591430664, 3.800663709640503, 3.8839006423950195, 3.763101577758789, 4.090593338012695, 4.158947467803955, 4.156983852386475, 4.178624629974365, 4.361456394195557, 4.547445774078369]}