{"step": [0, 30, 60, 90, 120, 150, 180, 210, 240, 270, 300, 330, 360, 390, 420, 450, 480, 510, 540, 570, 600, 630, 660, 690, 720, 750, 780, 810, 840, 870, 900, 930, 960, 990, 1020, 1050, 1080, 1110, 1140, 1170, 1200, 1230, 1260, 1290, 1320, 1350, 1380, 1410, 1440, 1470, 1499], "train": [2.284444252649943, 1.6269915501276653, 1.4767002662022908, 1.35210124651591, 1.240601380666097, 1.0972525080045064, 0.9294173320134481, 0.8008120854695638, 0.6889681617418925, 0.643138587474823, 0.6267180442810059, 0.5110524992148081, 0.4616023103396098, 0.44336286187171936, 0.4039385716120402, 0.39366720120112103, 0.3901899854342143, 0.3434456487496694, 0.32335808873176575, 0.3289225349823634, 0.2887626339991887, 0.36108092466990155, 0.5066081285476685, 0.3554573903481166, 0.26313544313112897, 0.25882571935653687, 0.205624058842659, 0.24918488164742789, 0.20865648984909058, 0.1598191261291504, 0.1536163960893949, 0.16005226224660873, 0.17148159941037497, 0.19631417095661163, 0.17119313279787698, 0.1562360276778539, 0.2206892122824987, 0.21203932414452234, 0.14847494413455328, 0.12831359604994455, 0.16044218838214874, 0.12474783509969711, 0.1264917477965355, 0.15526171028614044, 0.14236689110596976, 0.1421555976072947, 0.12552178154389063, 0.09302249426643054, 0.07709529871741931, 0.0814814642071724, 0.09675478438536327], "ood_acc": [0.12400000542402267, 0.22700001299381256, 0.25, 0.23900000751018524, 0.2710000276565552, 0.2770000100135803, 0.3290000259876251, 0.3190000057220459, 0.3330000042915344, 0.33900001645088196, 0.4180000126361847, 0.3660000264644623, 0.3920000195503235, 0.41600000858306885, 0.40400001406669617, 0.4270000159740448, 0.4240000247955322, 0.39900001883506775, 0.3890000283718109, 0.40300002694129944, 0.4270000159740448, 0.43400001525878906, 0.398000031709671, 0.40700000524520874, 0.4130000174045563, 0.4220000207424164, 0.4400000274181366, 0.4320000112056732, 0.4490000307559967, 0.4310000240802765, 0.4220000207424164, 0.42000001668930054, 0.4320000112056732, 0.4360000193119049, 0.4400000274181366, 0.4480000138282776, 0.42900002002716064, 0.4230000078678131, 0.42900002002716064, 0.45000001788139343, 0.4270000159740448, 0.4360000193119049, 0.44600000977516174, 0.4360000193119049, 0.4400000274181366, 0.4300000071525574, 0.4490000307559967, 0.44700002670288086, 0.45000001788139343, 0.44700002670288086, 0.45000001788139343], "ood_ce": [2.2965891361236572, 2.052449941635132, 2.044436454772949, 2.0853521823883057, 2.044874906539917, 2.2516534328460693, 2.1628313064575195, 2.252366065979004, 2.3131511211395264, 2.2813096046447754, 2.080048084259033, 2.190842390060425, 2.2519419193267822, 2.2803657054901123, 2.235093832015991, 2.1827852725982666, 2.3087384700775146, 2.3958659172058105, 2.7090251445770264, 2.6702687740325928, 2.5315639972686768, 2.6133158206939697, 2.6936821937561035, 2.251405715942383, 2.30056095123291, 2.4852354526519775, 2.4980762004852295, 2.6661391258239746, 2.560767650604248, 2.6972832679748535, 2.5462167263031006, 2.6762351989746094, 2.8221304416656494, 2.8495476245880127, 2.6260454654693604, 2.661844491958618, 2.7854905128479004, 2.5760817527770996, 2.557175636291504, 2.7055258750915527, 2.6805074214935303, 2.701310873031616, 2.7261760234832764, 2.6806552410125732, 2.8905203342437744, 2.855255126953125, 2.5996110439300537, 2.7003042697906494, 2.7011144161224365, 2.821251153945923, 2.7146761417388916]}