{"step": [0, 30, 60, 90, 120, 150, 180, 210, 240, 270, 300, 330, 360, 390, 420, 450, 480, 510, 540, 570, 600, 630, 660, 690, 720, 750, 780, 810, 840, 870, 900, 930, 960, 990, 1020, 1050, 1080, 1110, 1140, 1170, 1200, 1230, 1260, 1290, 1320, 1350, 1380, 1410, 1440, 1470, 1499], "train": [2.3028155167897544, 2.0375465949376426, 1.7541567087173462, 1.5993973016738892, 1.5327320098876953, 1.4688114325205486, 1.4300202131271362, 1.38639497756958, 1.3517896334330242, 1.2884340286254883, 1.2326136430104573, 1.1743055979410808, 1.110830823580424, 1.0644917885462444, 0.9725381930669149, 0.9040349125862122, 0.8016354839007059, 0.7232016026973724, 0.6672291656335195, 0.6043712794780731, 0.5564020276069641, 0.504739781220754, 0.49433720111846924, 0.43322958052158356, 0.39741851886113483, 0.36107487976551056, 0.3255128512779872, 0.3307221680879593, 0.2846171309550603, 0.2510990649461746, 0.21642891069253287, 0.20803213119506836, 0.19605445116758347, 0.20207379261652628, 0.1760769560933113, 0.17401270816723505, 0.14321558425823847, 0.14691562205553055, 0.12393091494838397, 0.10340536013245583, 0.14765537033478418, 0.12952780599395433, 0.10583464180429776, 0.07669312817354997, 0.09656175971031189, 0.07468703140815099, 0.06363867099086444, 0.05633674934506416, 0.04189705289900303, 0.031545598370333515, 0.0359218114366134], "ood_acc": [0.0950000062584877, 0.20500001311302185, 0.242000013589859, 0.25, 0.2600000202655792, 0.25200000405311584, 0.27000001072883606, 0.26100000739097595, 0.25, 0.2580000162124634, 0.25600001215934753, 0.2760000228881836, 0.2800000011920929, 0.2800000011920929, 0.2970000207424164, 0.30900001525878906, 0.328000009059906, 0.3270000219345093, 0.33000001311302185, 0.3580000102519989, 0.36400002241134644, 0.37300002574920654, 0.36400002241134644, 0.3680000305175781, 0.3830000162124634, 0.38100001215934753, 0.3800000250339508, 0.3750000298023224, 0.39500001072883606, 0.3880000114440918, 0.3930000066757202, 0.3920000195503235, 0.39100003242492676, 0.40400001406669617, 0.39500001072883606, 0.41600000858306885, 0.40800002217292786, 0.3760000169277191, 0.3920000195503235, 0.3930000066757202, 0.3960000276565552, 0.41200003027915955, 0.3970000147819519, 0.40300002694129944, 0.41200003027915955, 0.4100000262260437, 0.40300002694129944, 0.4010000228881836, 0.4020000100135803, 0.40400001406669617, 0.3970000147819519], "ood_ce": [2.317824363708496, 2.1474609375, 1.9930578470230103, 1.9514412879943848, 1.9541081190109253, 2.004901647567749, 1.9875892400741577, 2.0107760429382324, 1.9802800416946411, 2.0094358921051025, 2.0563125610351562, 2.0449578762054443, 2.159280776977539, 2.2972567081451416, 2.224942445755005, 2.360161542892456, 2.2951908111572266, 2.341564178466797, 2.505530595779419, 2.385598659515381, 2.3654696941375732, 2.4932873249053955, 2.702103614807129, 2.5851614475250244, 2.587677240371704, 2.643650770187378, 2.8283751010894775, 2.9506466388702393, 2.9712319374084473, 3.0099899768829346, 3.0763471126556396, 3.173689603805542, 3.1186134815216064, 3.234812021255493, 3.14802885055542, 3.2047853469848633, 3.3462226390838623, 3.674220085144043, 3.5520851612091064, 3.5845303535461426, 3.879333257675171, 3.5451714992523193, 3.621929407119751, 3.6854028701782227, 3.7083792686462402, 3.760124921798706, 4.141118049621582, 4.2951483726501465, 4.2786030769348145, 4.412059307098389, 4.649476528167725]}