{"step": [0, 30, 60, 90, 120, 150, 180, 210, 240, 270, 300, 330, 360, 390, 420, 450, 480, 510, 540, 570, 600, 630, 660, 690, 720, 750, 780, 810, 840, 870, 900, 930, 960, 990, 1020, 1050, 1080, 1110, 1140, 1170, 1200, 1230, 1260, 1290, 1320, 1350, 1380, 1410, 1440, 1470, 1499], "train": [2.315204938252767, 1.7874864339828491, 1.5335478782653809, 1.4654958248138428, 1.3689292669296265, 1.2829903364181519, 1.1535860300064087, 1.052480419476827, 0.9984930356343588, 0.8673442204793295, 0.7955819169680277, 0.6870174805323283, 0.62333811322848, 0.5822283923625946, 0.5098220805327097, 0.5348257720470428, 0.4434182643890381, 0.39063193400700885, 0.37606634199619293, 0.37415053447087604, 0.3318544377883275, 0.30173948407173157, 0.32701389491558075, 0.3056929260492325, 0.2511746535698573, 0.26169486343860626, 0.2677789032459259, 0.17738144596417746, 0.20891565084457397, 0.2153795212507248, 0.1875486820936203, 0.1318808744351069, 0.11698518445094426, 0.15799842526515326, 0.17566874623298645, 0.19333901007970175, 0.16087397933006287, 0.11838873724142711, 0.14920545866092047, 0.09906087070703506, 0.08029441659649213, 0.10606302320957184, 0.07599565635124843, 0.06760617097218831, 0.05799775322278341, 0.07044519359866779, 0.05831729248166084, 0.07060247659683228, 0.0706901637216409, 0.06683934355775516, 0.053383857011795044], "ood_acc": [0.08500000089406967, 0.2540000081062317, 0.24400001764297485, 0.2550000250339508, 0.28300002217292786, 0.3290000259876251, 0.32200002670288086, 0.3400000035762787, 0.3100000023841858, 0.33000001311302185, 0.34700000286102295, 0.39100003242492676, 0.3660000264644623, 0.36400002241134644, 0.38200002908706665, 0.3960000276565552, 0.4140000343322754, 0.40300002694129944, 0.39400002360343933, 0.3920000195503235, 0.4090000092983246, 0.41100001335144043, 0.42100003361701965, 0.4140000343322754, 0.4240000247955322, 0.43400001525878906, 0.4350000321865082, 0.4410000145435333, 0.45100003480911255, 0.445000022649765, 0.40400001406669617, 0.4230000078678131, 0.45000001788139343, 0.4650000333786011, 0.43400001525878906, 0.46300002932548523, 0.4270000159740448, 0.4360000193119049, 0.4280000329017639, 0.43300002813339233, 0.453000009059906, 0.44600000977516174, 0.44700002670288086, 0.44300001859664917, 0.44600000977516174, 0.4480000138282776, 0.4490000307559967, 0.4580000340938568, 0.4410000145435333, 0.4440000355243683, 0.4350000321865082], "ood_ce": [2.309685230255127, 1.9665672779083252, 2.021146297454834, 1.9918904304504395, 2.0075013637542725, 1.9129958152770996, 1.9583828449249268, 1.898648738861084, 2.034116744995117, 2.070526599884033, 2.20489239692688, 1.961320161819458, 2.167250633239746, 2.3060147762298584, 2.278353452682495, 2.2785677909851074, 2.14424729347229, 2.2300899028778076, 2.4718899726867676, 2.6111531257629395, 2.4350829124450684, 2.4162216186523438, 2.5639657974243164, 2.5596923828125, 2.5835561752319336, 2.4893696308135986, 2.607189178466797, 2.617968797683716, 2.8369789123535156, 2.6736655235290527, 3.0483882427215576, 2.918548107147217, 2.880469560623169, 2.9640161991119385, 3.0857579708099365, 2.7217354774475098, 2.777111053466797, 2.942274570465088, 2.973750591278076, 3.1938769817352295, 3.1435537338256836, 3.183988571166992, 3.0332953929901123, 3.095317840576172, 3.0778391361236572, 3.130208730697632, 3.2615914344787598, 3.1841752529144287, 3.3803038597106934, 3.1146457195281982, 3.2942440509796143]}