{"step": [0, 30, 60, 90, 120, 150, 180, 210, 240, 270, 300, 330, 360, 390, 420, 450, 480, 510, 540, 570, 600, 630, 660, 690, 720, 750, 780, 810, 840, 870, 900, 930, 960, 990, 1020, 1050, 1080, 1110, 1140, 1170, 1200, 1230, 1260, 1290, 1320, 1350, 1380, 1410, 1440, 1470, 1499], "train": [2.3099445501963296, 1.657775600751241, 1.4989636341730754, 1.4337607622146606, 1.3311316967010498, 1.2381846904754639, 1.131164789199829, 1.0338431398073833, 0.9411163727442423, 0.8000070750713348, 0.724124421676, 0.6955229441324869, 0.6094175378481547, 0.5461955765883127, 0.49838971098264057, 0.49393927057584125, 0.4187716593345006, 0.42648149530092877, 0.38261355956395465, 0.4328509171803792, 0.4066030482451121, 0.3489813307921092, 0.2777714878320694, 0.30351532498995465, 0.3174852828184764, 0.23530695339043936, 0.2278533230225245, 0.24467097719510397, 0.23178893824418387, 0.23370463152726492, 0.19577336062987646, 0.31129124760627747, 0.22908576329549155, 0.15922644982735315, 0.18222910910844803, 0.20139599839846292, 0.16771740714708963, 0.1356548989812533, 0.1127307079732418, 0.14121426393588385, 0.13467037677764893, 0.12230157603820165, 0.1232299953699112, 0.1034339927136898, 0.12522504478693008, 0.11759845167398453, 0.09225992858409882, 0.09256574884057045, 0.08173622563481331, 0.07674552003542583, 0.06707434480388959], "ood_acc": [0.07500000298023224, 0.24500000476837158, 0.24900001287460327, 0.26900002360343933, 0.25300002098083496, 0.27300000190734863, 0.29600000381469727, 0.34800001978874207, 0.32500001788139343, 0.38200002908706665, 0.41700002551078796, 0.35600000619888306, 0.4150000214576721, 0.41100001335144043, 0.4240000247955322, 0.40800002217292786, 0.41700002551078796, 0.4100000262260437, 0.4000000059604645, 0.4100000262260437, 0.4190000295639038, 0.43300002813339233, 0.4220000207424164, 0.41700002551078796, 0.4130000174045563, 0.41200003027915955, 0.42900002002716064, 0.46000000834465027, 0.4140000343322754, 0.40300002694129944, 0.453000009059906, 0.4350000321865082, 0.4570000171661377, 0.4620000123977661, 0.46400001645088196, 0.4440000355243683, 0.42600002884864807, 0.44300001859664917, 0.4540000259876251, 0.4480000138282776, 0.453000009059906, 0.47600001096725464, 0.4480000138282776, 0.4350000321865082, 0.4230000078678131, 0.4520000219345093, 0.4570000171661377, 0.44700002670288086, 0.4480000138282776, 0.45100003480911255, 0.4410000145435333], "ood_ce": [2.3088932037353516, 1.9327051639556885, 2.0040855407714844, 2.0443837642669678, 2.034726858139038, 1.9793908596038818, 2.164077043533325, 2.0343682765960693, 2.1362173557281494, 2.08197283744812, 1.993240475654602, 2.2585701942443848, 2.207437753677368, 2.2520763874053955, 2.256075382232666, 2.269500970840454, 2.4051170349121094, 2.3734350204467773, 2.644116163253784, 2.3862345218658447, 2.4646496772766113, 2.3709020614624023, 2.445469856262207, 2.6337168216705322, 2.518871784210205, 2.5588977336883545, 2.719040870666504, 2.6017534732818604, 2.8001887798309326, 2.8278956413269043, 2.60440993309021, 2.8018054962158203, 2.6002116203308105, 2.5737552642822266, 2.6763975620269775, 2.6253151893615723, 2.865915298461914, 2.6188759803771973, 2.573885917663574, 2.7044646739959717, 2.8626773357391357, 2.7420947551727295, 2.960888385772705, 2.8776190280914307, 3.0599660873413086, 2.869746685028076, 2.9111645221710205, 2.9631431102752686, 2.976029396057129, 2.96024489402771, 3.2262284755706787]}