{"step": [0, 30, 60, 90, 120, 150, 180, 210, 240, 270, 300, 330, 360, 390, 420, 450, 480, 510, 540, 570, 600, 630, 660, 690, 720, 750, 780, 810, 840, 870, 900, 930, 960, 990, 1020, 1050, 1080, 1110, 1140, 1170, 1200, 1230, 1260, 1290, 1320, 1350, 1380, 1410, 1440, 1470, 1499], "train": [2.2920687993367515, 1.8007227977116902, 1.600807746251424, 1.4894785483678181, 1.412660280863444, 1.3293507893880208, 1.2374760309855144, 1.1465678016344707, 1.0273534258206685, 0.9190538128217062, 0.8080828984578451, 0.7176044583320618, 0.6154082318147024, 0.5335157712300619, 0.49112077554066974, 0.4599008460839589, 0.43926098942756653, 0.4073076397180557, 0.38393911222616833, 0.3358652393023173, 0.36003421743710834, 0.307121604681015, 0.28958430389563244, 0.24637548625469208, 0.2850533127784729, 0.239705428481102, 0.18164813270171484, 0.18931094805399576, 0.15320626397927603, 0.14138987908760706, 0.15011237313350043, 0.1336799586812655, 0.11648892611265182, 0.13438877214988074, 0.10954720775286357, 0.09958570698897044, 0.08224482834339142, 0.08005429555972417, 0.09038960933685303, 0.09407790501912434, 0.0903731199602286, 0.07634720827142398, 0.1032245506842931, 0.12540982911984125, 0.07900508493185043, 0.06001766646901766, 0.07211351146300633, 0.052190190802017845, 0.05043409516414007, 0.038880148281653724, 0.04944546024004618], "ood_acc": [0.11000000685453415, 0.2510000169277191, 0.242000013589859, 0.26100000739097595, 0.23600001633167267, 0.2580000162124634, 0.2540000081062317, 0.289000004529953, 0.2510000169277191, 0.30800002813339233, 0.3500000238418579, 0.34200000762939453, 0.36900001764297485, 0.4090000092983246, 0.3750000298023224, 0.4140000343322754, 0.40800002217292786, 0.3970000147819519, 0.37800002098083496, 0.41600000858306885, 0.4020000100135803, 0.43800002336502075, 0.41200003027915955, 0.40400001406669617, 0.38200002908706665, 0.4240000247955322, 0.4280000329017639, 0.42600002884864807, 0.4190000295639038, 0.4100000262260437, 0.4100000262260437, 0.43800002336502075, 0.4350000321865082, 0.4240000247955322, 0.42500001192092896, 0.4220000207424164, 0.41700002551078796, 0.4090000092983246, 0.4130000174045563, 0.41200003027915955, 0.41600000858306885, 0.40700000524520874, 0.39900001883506775, 0.4090000092983246, 0.4090000092983246, 0.4180000126361847, 0.406000018119812, 0.41600000858306885, 0.4300000071525574, 0.4230000078678131, 0.4240000247955322], "ood_ce": [2.302259683609009, 2.0014326572418213, 2.017075777053833, 2.0047144889831543, 2.075681209564209, 2.0673038959503174, 2.136281967163086, 2.0829951763153076, 2.2391326427459717, 2.1483185291290283, 2.098442554473877, 2.157916307449341, 2.1356818675994873, 2.0999300479888916, 2.3251678943634033, 2.176715612411499, 2.2789716720581055, 2.323654890060425, 2.6503021717071533, 2.4599545001983643, 2.5624489784240723, 2.4038634300231934, 2.462916851043701, 2.5828285217285156, 2.728869915008545, 2.4722659587860107, 2.5977659225463867, 2.7049272060394287, 2.8653342723846436, 2.9457743167877197, 2.9730381965637207, 2.9514853954315186, 2.9423673152923584, 3.2335286140441895, 3.01684308052063, 3.1321136951446533, 3.3151650428771973, 3.405776023864746, 3.5820674896240234, 3.559458017349243, 3.3374204635620117, 3.4183027744293213, 3.6790127754211426, 3.3799614906311035, 3.5444624423980713, 3.446979522705078, 3.7510361671447754, 3.6622140407562256, 3.6341381072998047, 3.822913646697998, 3.962858200073242]}