{"step": [0, 30, 60, 90, 120, 150, 180, 210, 240, 270, 300, 330, 360, 390, 420, 450, 480, 510, 540, 570, 600, 630, 660, 690, 720, 750, 780, 810, 840, 870, 900, 930, 960, 990, 1020, 1050, 1080, 1110, 1140, 1170, 1200, 1230, 1260, 1290, 1320, 1350, 1380, 1410, 1440, 1470, 1499], "train": [2.297659476598104, 1.7968430519104004, 1.5536047617594402, 1.449195106824239, 1.3654015461603801, 1.261599858601888, 1.1358997623125713, 1.0350871086120605, 0.9243315855662028, 0.8270120819409689, 0.7569920917352041, 0.632839967807134, 0.5875972807407379, 0.539112389087677, 0.5051430563131968, 0.4589453637599945, 0.3944581200679143, 0.37054077287515, 0.3449246386686961, 0.28854744633038837, 0.2751542826493581, 0.2831733077764511, 0.2451587418715159, 0.2122726266582807, 0.20811229944229126, 0.23609887063503265, 0.188415065407753, 0.18096373478571573, 0.17325907945632935, 0.13373376925786337, 0.14016062021255493, 0.1399772192041079, 0.1308275113503138, 0.13170456637938818, 0.1019442155957222, 0.11154507597287495, 0.1056414544582367, 0.1058403675754865, 0.14909124871095022, 0.17252225428819656, 0.12467984358469646, 0.0946597879131635, 0.08021604766448338, 0.08269993464152019, 0.05848222660521666, 0.05694115782777468, 0.052837930619716644, 0.041779978200793266, 0.034737673277656235, 0.02548893199612697, 0.029437212273478508], "ood_acc": [0.08400000631809235, 0.21700000762939453, 0.24300001561641693, 0.21900001168251038, 0.26600000262260437, 0.25699999928474426, 0.2680000066757202, 0.28700000047683716, 0.2990000247955322, 0.3140000104904175, 0.3370000123977661, 0.37800002098083496, 0.3760000169277191, 0.38200002908706665, 0.35200002789497375, 0.39100003242492676, 0.39900001883506775, 0.3880000114440918, 0.3620000183582306, 0.39000001549720764, 0.398000031709671, 0.39500001072883606, 0.37800002098083496, 0.4000000059604645, 0.41200003027915955, 0.3920000195503235, 0.39900001883506775, 0.42100003361701965, 0.4100000262260437, 0.40700000524520874, 0.39500001072883606, 0.4090000092983246, 0.4180000126361847, 0.39100003242492676, 0.4100000262260437, 0.42600002884864807, 0.41200003027915955, 0.4000000059604645, 0.3790000081062317, 0.4150000214576721, 0.41200003027915955, 0.41700002551078796, 0.39900001883506775, 0.41200003027915955, 0.4220000207424164, 0.41700002551078796, 0.40400001406669617, 0.4050000309944153, 0.42900002002716064, 0.40400001406669617, 0.4140000343322754], "ood_ce": [2.3107385635375977, 2.012674570083618, 2.032228708267212, 2.0519492626190186, 1.9511741399765015, 2.046975612640381, 2.139493703842163, 2.1571004390716553, 2.1548428535461426, 2.133723497390747, 2.2964770793914795, 2.203897714614868, 2.3129384517669678, 2.271512508392334, 2.5446126461029053, 2.4729175567626953, 2.4389307498931885, 2.7810354232788086, 2.6863956451416016, 2.6273114681243896, 2.685793876647949, 2.774076461791992, 2.911129951477051, 2.8868792057037354, 2.983185291290283, 3.3106532096862793, 2.882328510284424, 3.002779960632324, 3.2700514793395996, 3.197047233581543, 3.474111557006836, 3.537921905517578, 3.493621349334717, 3.8539879322052, 3.7737245559692383, 3.7066874504089355, 3.7385213375091553, 4.015510559082031, 4.0322465896606445, 3.188377618789673, 3.0451035499572754, 3.2959489822387695, 3.336972951889038, 3.446371078491211, 3.5334653854370117, 3.5882325172424316, 4.015754222869873, 3.8227412700653076, 3.687000274658203, 3.9077210426330566, 4.146697044372559]}