{"step": [0, 30, 60, 90, 120, 150, 180, 210, 240, 270, 300, 330, 360, 390, 420, 450, 480, 510, 540, 570, 600, 630, 660, 690, 720, 750, 780, 810, 840, 870, 900, 930, 960, 990, 1020, 1050, 1080, 1110, 1140, 1170, 1200, 1230, 1260, 1290, 1320, 1350, 1380, 1410, 1440, 1470, 1499], "train": [2.299588759740194, 1.5785975058873494, 1.4807446797688801, 1.4046672185262044, 1.3485483328501384, 1.2726810971895854, 1.122873028119405, 0.9961292545000712, 0.8442681233088175, 0.7414708932240804, 0.6724525094032288, 0.5816798706849416, 0.5462802648544312, 0.5360030233860016, 0.4794098436832428, 0.4567880481481552, 0.39839095373948413, 0.3864619533220927, 0.34981460372606915, 0.29691388209660846, 0.31282567977905273, 0.2540491248170535, 0.2583702355623245, 0.22769475479920706, 0.29680603245894116, 0.250483974814415, 0.20649618158737817, 0.2117758889993032, 0.20187617341677347, 0.1666494756937027, 0.18143982936938605, 0.17027084032694498, 0.16403719782829285, 0.1630508303642273, 0.16917303452889124, 0.16615075121323267, 0.10480446989337604, 0.12647318343321481, 0.13879364232222238, 0.10647384077310562, 0.08087113872170448, 0.08899714301029842, 0.09278234094381332, 0.08025964225331943, 0.07194769196212292, 0.06694209203124046, 0.09023366371790568, 0.059328848496079445, 0.053268209720651306, 0.04338595550507307, 0.03525118219355742], "ood_acc": [0.10000000149011612, 0.23900000751018524, 0.2590000033378601, 0.24500000476837158, 0.2900000214576721, 0.22500000894069672, 0.29600000381469727, 0.3330000042915344, 0.3440000116825104, 0.35600000619888306, 0.3680000305175781, 0.39000001549720764, 0.38100001215934753, 0.3750000298023224, 0.4010000228881836, 0.3970000147819519, 0.4270000159740448, 0.40800002217292786, 0.40400001406669617, 0.4220000207424164, 0.4280000329017639, 0.43300002813339233, 0.4220000207424164, 0.43300002813339233, 0.43400001525878906, 0.406000018119812, 0.43400001525878906, 0.43800002336502075, 0.4140000343322754, 0.4540000259876251, 0.44700002670288086, 0.43400001525878906, 0.42100003361701965, 0.4100000262260437, 0.4280000329017639, 0.406000018119812, 0.4490000307559967, 0.45600003004074097, 0.4130000174045563, 0.4490000307559967, 0.4280000329017639, 0.45900002121925354, 0.43300002813339233, 0.4410000145435333, 0.4540000259876251, 0.4480000138282776, 0.43700000643730164, 0.43800002336502075, 0.445000022649765, 0.4620000123977661, 0.4410000145435333], "ood_ce": [2.315826177597046, 1.9844130277633667, 2.059657573699951, 1.9997854232788086, 2.020902633666992, 2.281625270843506, 2.084556818008423, 2.0752322673797607, 2.21795654296875, 2.344475746154785, 2.2424404621124268, 2.2697367668151855, 2.495145559310913, 2.4724154472351074, 2.333448648452759, 2.5050904750823975, 2.31730055809021, 2.4110636711120605, 2.4964916706085205, 2.5241737365722656, 2.688678741455078, 2.6409900188446045, 2.8364739418029785, 2.820338249206543, 2.8612289428710938, 2.843763589859009, 2.686418056488037, 2.7866828441619873, 2.9645347595214844, 2.8068788051605225, 2.98832368850708, 3.0612680912017822, 3.041637659072876, 3.023723840713501, 2.841625213623047, 2.9842474460601807, 2.7471139430999756, 2.951744794845581, 2.9902281761169434, 2.854398250579834, 2.9371461868286133, 2.987274646759033, 3.131456136703491, 3.2034554481506348, 3.0134105682373047, 3.195011854171753, 3.0559256076812744, 3.117163896560669, 2.999971628189087, 3.101712942123413, 3.102205514907837]}