{"step": [0, 30, 60, 90, 120, 150, 180, 210, 240, 270, 300, 330, 360, 390, 420, 450, 480, 510, 540, 570, 600, 630, 660, 690, 720, 750, 780, 810, 840, 870, 900, 930, 960, 990, 1020, 1050, 1080, 1110, 1140, 1170, 1200, 1230, 1260, 1290, 1320, 1350, 1380, 1410, 1440, 1470, 1499], "train": [2.29524564743042, 1.6498398780822754, 1.4768012364705403, 1.3346625963846843, 1.2369746367136638, 1.0958575010299683, 0.9398163557052612, 0.831462581952413, 0.72479780515035, 0.6315117081006368, 0.620771567026774, 0.6173261006673177, 0.5327280561129252, 0.44118470946947735, 0.42639705538749695, 0.40842485427856445, 0.3376590857903163, 0.36019595464070636, 0.34693532685438794, 0.2996252278486888, 0.24084528783957163, 0.26144033670425415, 0.25685130059719086, 0.19171596566836038, 0.2056666910648346, 0.18026316165924072, 0.17917599280675253, 0.33944447835286456, 0.22764469683170319, 0.4511256814002991, 0.24973205228646597, 0.17944220205148062, 0.14475612342357635, 0.14264199882745743, 0.11072944849729538, 0.09372258186340332, 0.10129305471976598, 0.09607768679658572, 0.10683793822924297, 0.08139002323150635, 0.1075843796133995, 0.10683337847391765, 0.09770706668496132, 0.08998807892203331, 0.07757319634159406, 0.08032797897855441, 0.06411948303381602, 0.21561055382092795, 0.14487726986408234, 0.0897571196158727, 0.07051803419987361], "ood_acc": [0.09100000560283661, 0.2410000115633011, 0.2670000195503235, 0.2550000250339508, 0.29600000381469727, 0.2850000262260437, 0.30400002002716064, 0.3360000252723694, 0.3360000252723694, 0.3500000238418579, 0.3660000264644623, 0.4010000228881836, 0.3880000114440918, 0.3920000195503235, 0.3620000183582306, 0.39500001072883606, 0.4190000295639038, 0.3960000276565552, 0.3450000286102295, 0.40700000524520874, 0.4100000262260437, 0.4050000309944153, 0.3800000250339508, 0.42100003361701965, 0.4300000071525574, 0.3960000276565552, 0.3930000066757202, 0.41100001335144043, 0.4300000071525574, 0.4190000295639038, 0.40800002217292786, 0.43400001525878906, 0.44200003147125244, 0.4140000343322754, 0.4400000274181366, 0.4220000207424164, 0.4360000193119049, 0.4400000274181366, 0.4230000078678131, 0.4230000078678131, 0.41200003027915955, 0.4230000078678131, 0.4130000174045563, 0.4140000343322754, 0.4010000228881836, 0.4100000262260437, 0.4320000112056732, 0.42600002884864807, 0.43300002813339233, 0.3960000276565552, 0.4010000228881836], "ood_ce": [2.309347629547119, 1.9885597229003906, 2.0507774353027344, 2.0535383224487305, 1.9678171873092651, 2.097357988357544, 2.212778091430664, 2.227262258529663, 2.325197219848633, 2.2536678314208984, 2.4830996990203857, 2.3134524822235107, 2.2657651901245117, 2.342949390411377, 2.556180477142334, 2.541602611541748, 2.416832447052002, 2.658109664916992, 2.9578168392181396, 2.826406717300415, 2.7658207416534424, 2.827444314956665, 2.7956979274749756, 2.781879186630249, 2.8736045360565186, 3.247180700302124, 2.915891170501709, 3.2338004112243652, 2.953673839569092, 2.467115640640259, 2.5498158931732178, 2.68442440032959, 2.88565731048584, 2.911494493484497, 2.9085769653320312, 3.177438497543335, 3.1454975605010986, 3.176565408706665, 3.431074619293213, 3.3114304542541504, 3.4691951274871826, 3.376129150390625, 3.449270009994507, 3.3945889472961426, 3.4909849166870117, 3.4486517906188965, 3.236426830291748, 3.023331880569458, 2.905186414718628, 3.2484400272369385, 3.1075332164764404]}