{"step": [0, 30, 60, 90, 120, 150, 180, 210, 240, 270, 300, 330, 360, 390, 420, 450, 480, 510, 540, 570, 600, 630, 660, 690, 720, 750, 780, 810, 840, 870, 900, 930, 960, 990, 1020, 1050, 1080, 1110, 1140, 1170, 1200, 1230, 1260, 1290, 1320, 1350, 1380, 1410, 1440, 1470, 1499], "train": [2.3119219144185386, 1.828581968943278, 1.5675280491511028, 1.4938771724700928, 1.4275435209274292, 1.3616119623184204, 1.275660514831543, 1.2121310234069824, 1.1497012376785278, 1.039170503616333, 0.9614248077074686, 0.8675713737805685, 0.7880044182141622, 0.7065581182638804, 0.6167848805586497, 0.575528621673584, 0.508721927801768, 0.49785273273785907, 0.442725549141566, 0.38010602196057636, 0.41556115945180255, 0.35180870691935223, 0.33780818184216815, 0.33781197667121887, 0.30364104608694714, 0.2611570209264755, 0.24900634090105692, 0.24726365009943643, 0.21373585363229117, 0.21496464808781943, 0.2835007260243098, 0.20974465211232504, 0.18501247465610504, 0.16111129770676294, 0.17494184027115503, 0.20269874234994253, 0.12780916318297386, 0.13655529667933783, 0.1111762672662735, 0.10397334893544515, 0.11492329339186351, 0.13751662274201712, 0.14947201311588287, 0.12113410731156667, 0.11067004998524983, 0.07808065041899681, 0.07762842004497846, 0.06474697465697925, 0.07457371180256207, 0.07253589232762654, 0.07006270065903664], "ood_acc": [0.07300000637769699, 0.25300002098083496, 0.25200000405311584, 0.2670000195503235, 0.25699999928474426, 0.26600000262260437, 0.25699999928474426, 0.29200002551078796, 0.2750000059604645, 0.289000004529953, 0.37400001287460327, 0.30300000309944153, 0.3800000250339508, 0.37700000405311584, 0.4010000228881836, 0.3710000216960907, 0.4000000059604645, 0.42600002884864807, 0.39000001549720764, 0.3630000054836273, 0.4130000174045563, 0.42900002002716064, 0.4300000071525574, 0.38700002431869507, 0.4190000295639038, 0.4350000321865082, 0.4000000059604645, 0.43800002336502075, 0.4230000078678131, 0.4350000321865082, 0.4190000295639038, 0.42000001668930054, 0.44200003147125244, 0.4620000123977661, 0.4650000333786011, 0.4230000078678131, 0.4310000240802765, 0.445000022649765, 0.4580000340938568, 0.45900002121925354, 0.4480000138282776, 0.42500001192092896, 0.4660000205039978, 0.4570000171661377, 0.4050000309944153, 0.44200003147125244, 0.44300001859664917, 0.4360000193119049, 0.44700002670288086, 0.4410000145435333, 0.453000009059906], "ood_ce": [2.310356855392456, 1.9635837078094482, 1.9361885786056519, 2.0204169750213623, 2.0072879791259766, 1.9850115776062012, 2.063659429550171, 2.0296435356140137, 2.106048345565796, 2.0945937633514404, 1.9448809623718262, 2.2710487842559814, 2.0762171745300293, 2.2506227493286133, 2.127091884613037, 2.2963075637817383, 2.4199037551879883, 2.284400701522827, 2.5278148651123047, 2.6410152912139893, 2.6512937545776367, 2.4481699466705322, 2.5021884441375732, 2.8421247005462646, 2.717684745788574, 2.7655646800994873, 2.9376914501190186, 2.765643835067749, 2.8764684200286865, 2.8832528591156006, 3.168865442276001, 2.8231396675109863, 2.8882131576538086, 2.9476137161254883, 2.8823049068450928, 3.0663063526153564, 3.0843286514282227, 3.0836336612701416, 3.0991811752319336, 3.1977601051330566, 3.368424415588379, 3.5665688514709473, 3.0865466594696045, 3.11428165435791, 3.4607741832733154, 3.3870253562927246, 3.394127607345581, 3.448444366455078, 3.401397705078125, 3.4867324829101562, 3.3489456176757812]}