{"step": [0, 30, 60, 90, 120, 150, 180, 210, 240, 270, 300, 330, 360, 390, 420, 450, 480, 510, 540, 570, 600, 630, 660, 690, 720, 750, 780, 810, 840, 870, 900, 930, 960, 990, 1020, 1050, 1080, 1110, 1140, 1170, 1200, 1230, 1260, 1290, 1320, 1350, 1380, 1410, 1440, 1470, 1499], "train": [2.2992990811665854, 2.0274707476298013, 1.7613900899887085, 1.6301059325536091, 1.5408426920572917, 1.4715251922607422, 1.401218295097351, 1.3327947457631428, 1.2828072706858318, 1.2128489017486572, 1.1461944778760274, 1.0771742065747578, 1.0098552703857422, 0.9387322862943014, 0.8709667921066284, 0.7865892151991526, 0.7162220180034637, 0.6402439177036285, 0.5749951601028442, 0.4995180865128835, 0.46531469623247784, 0.43654098610083264, 0.38353007038434345, 0.3540608634551366, 0.33499587575594586, 0.29386550684769946, 0.2768694857756297, 0.23850357035795847, 0.23828730235497156, 0.21484793474276861, 0.21888325611750284, 0.19074876109759012, 0.18780809889237085, 0.1965832660595576, 0.15934216479460397, 0.13971920808156332, 0.13058322668075562, 0.12244883924722672, 0.1104767161111037, 0.0887334334353606, 0.12223190565903981, 0.09313616901636124, 0.08171189700563748, 0.07547864442070325, 0.07207959517836571, 0.07590325052539508, 0.06771958991885185, 0.09111133341987927, 0.08370315035184224, 0.06503588582078616, 0.050626193483670555], "ood_acc": [0.0860000029206276, 0.20800000429153442, 0.2290000170469284, 0.22300000488758087, 0.2600000202655792, 0.242000013589859, 0.2410000115633011, 0.23600001633167267, 0.27400001883506775, 0.27000001072883606, 0.2840000092983246, 0.27300000190734863, 0.2850000262260437, 0.2939999997615814, 0.2980000078678131, 0.31200000643730164, 0.3460000157356262, 0.3580000102519989, 0.3370000123977661, 0.34800001978874207, 0.3720000088214874, 0.36900001764297485, 0.3450000286102295, 0.39000001549720764, 0.3920000195503235, 0.3800000250339508, 0.4020000100135803, 0.3930000066757202, 0.39100003242492676, 0.4100000262260437, 0.3970000147819519, 0.4000000059604645, 0.40400001406669617, 0.3890000283718109, 0.3880000114440918, 0.3850000202655792, 0.398000031709671, 0.4090000092983246, 0.3830000162124634, 0.41100001335144043, 0.3930000066757202, 0.4090000092983246, 0.4130000174045563, 0.4010000228881836, 0.3970000147819519, 0.398000031709671, 0.3760000169277191, 0.398000031709671, 0.3970000147819519, 0.39400002360343933, 0.40400001406669617], "ood_ce": [2.311695098876953, 2.139270544052124, 2.0005948543548584, 1.9859272241592407, 1.9492000341415405, 1.961918830871582, 2.05549955368042, 2.056894302368164, 2.0017411708831787, 2.041510581970215, 2.0755679607391357, 2.103261709213257, 2.142082452774048, 2.1691107749938965, 2.209968328475952, 2.2795841693878174, 2.109753370285034, 2.3726236820220947, 2.4707164764404297, 2.4539108276367188, 2.4274299144744873, 2.532989263534546, 2.6158201694488525, 2.4781506061553955, 2.5141098499298096, 2.6838877201080322, 2.5969412326812744, 2.794611930847168, 2.945657968521118, 2.8965303897857666, 3.1277670860290527, 3.30033016204834, 3.176833391189575, 3.422705888748169, 3.402833938598633, 3.609720230102539, 3.6501505374908447, 3.7002787590026855, 3.9068410396575928, 3.856774091720581, 4.149591445922852, 4.04943323135376, 4.020602703094482, 4.0771026611328125, 4.340519905090332, 4.464479923248291, 4.536284923553467, 4.42955207824707, 4.114574909210205, 4.255588054656982, 4.302253246307373]}