{"step": [0, 30, 60, 90, 120, 150, 180, 210, 240, 270, 300, 330, 360, 390, 420, 450, 480, 510, 540, 570, 600, 630, 660, 690, 720, 750, 780, 810, 840, 870, 900, 930, 960, 990, 1020, 1050, 1080, 1110, 1140, 1170, 1200, 1230, 1260, 1290, 1320, 1350, 1380, 1410, 1440, 1470, 1499], "train": [2.2970570723215737, 1.5319825410842896, 1.468051513036092, 1.3530516227086384, 1.2964928547541301, 1.1771100560824077, 0.9749019145965576, 0.8584751884142557, 0.7286721765995026, 0.7014683187007904, 0.6464842955271403, 0.5628238419691721, 0.4853280931711197, 0.48145775496959686, 0.4778909881909688, 0.46064966917037964, 0.435225710272789, 0.4151839017868042, 0.429191917181015, 0.3106505920489629, 0.30420684317747754, 0.2932077795267105, 0.27541270355383557, 0.2448461502790451, 0.31412028272946674, 0.27240751187006634, 0.21199571837981543, 0.2256132165590922, 0.1837291270494461, 0.174776424964269, 0.1672451322277387, 0.385987788438797, NaN, NaN, NaN, NaN, NaN, NaN, NaN, NaN, NaN, NaN, NaN, NaN, NaN, NaN, NaN, NaN, NaN, NaN, NaN], "ood_acc": [0.10500000417232513, 0.23600001633167267, 0.2580000162124634, 0.2550000250339508, 0.28600001335144043, 0.2600000202655792, 0.32200002670288086, 0.3800000250339508, 0.35600000619888306, 0.3840000033378601, 0.3720000088214874, 0.41700002551078796, 0.3920000195503235, 0.4140000343322754, 0.40800002217292786, 0.40800002217292786, 0.4150000214576721, 0.4150000214576721, 0.3790000081062317, 0.4140000343322754, 0.4130000174045563, 0.4230000078678131, 0.42000001668930054, 0.43300002813339233, 0.4280000329017639, 0.3920000195503235, 0.4220000207424164, 0.4230000078678131, 0.4100000262260437, 0.4140000343322754, 0.4190000295639038, 0.4310000240802765, 0.0950000062584877, 0.0950000062584877, 0.0950000062584877, 0.0950000062584877, 0.0950000062584877, 0.0950000062584877, 0.0950000062584877, 0.0950000062584877, 0.0950000062584877, 0.0950000062584877, 0.0950000062584877, 0.0950000062584877, 0.0950000062584877, 0.0950000062584877, 0.0950000062584877, 0.0950000062584877, 0.0950000062584877, 0.0950000062584877, 0.0950000062584877], "ood_ce": [2.314274549484253, 2.0764575004577637, 2.080436944961548, 1.9902496337890625, 2.077514886856079, 2.3138203620910645, 2.0913028717041016, 2.099386215209961, 2.343689441680908, 2.2375621795654297, 2.2411656379699707, 2.199058771133423, 2.344115734100342, 2.338859796524048, 2.2900617122650146, 2.4670870304107666, 2.2290761470794678, 2.3947367668151855, 2.425483226776123, 2.4195055961608887, 2.5891263484954834, 2.4926042556762695, 2.5606043338775635, 2.6852822303771973, 2.6632256507873535, 2.6462326049804688, 2.622002601623535, 2.6367478370666504, 2.703941822052002, 2.7722232341766357, 2.8237497806549072, 2.9587483406066895, NaN, NaN, NaN, NaN, NaN, NaN, NaN, NaN, NaN, NaN, NaN, NaN, NaN, NaN, NaN, NaN, NaN, NaN, NaN]}