{"step": [0, 30, 60, 90, 120, 150, 180, 210, 240, 270, 300, 330, 360, 390, 420, 450, 480, 510, 540, 570, 600, 630, 660, 690, 720, 750, 780, 810, 840, 870, 900, 930, 960, 990, 1020, 1050, 1080, 1110, 1140, 1170, 1200, 1230, 1260, 1290, 1320, 1350, 1380, 1410, 1440, 1470, 1499], "train": [2.2963784535725913, 1.8937803506851196, 1.5885335206985474, 1.5091475248336792, 1.4740987221399944, 1.413224418958028, 1.3481652736663818, 1.2911706765492756, 1.2231321334838867, 1.1302278836568196, 1.0399826963742573, 0.9556781053543091, 0.8368191321690878, 0.7461528579394022, 0.6995619138081869, 0.6130085786183676, 0.5558802088101705, 0.5182407796382904, 0.46596012512842816, 0.41693727672100067, 0.41060614089171094, 0.3954114069541295, 0.3463401347398758, 0.3153869758049647, 0.28833051522572833, 0.27528155346711475, 0.24107191960016885, 0.22999327381451926, 0.2323921670516332, 0.3280560076236725, 0.21040190011262894, 0.17825930565595627, 0.16764535754919052, 0.1287256528933843, 0.12313255791862805, 0.11245602245132129, 0.11216957370440166, 0.12738424291213354, 0.11054070045550664, 0.10351161162058513, 0.1108069084584713, 0.08496119578679402, 0.10861866424481074, 0.11595633377631505, 0.11530958364407222, 0.09620048850774765, 0.08412867225706577, 0.049677720914284386, 0.08654533450802167, 0.05809511989355087, 0.09081339091062546], "ood_acc": [0.12200000882148743, 0.2290000170469284, 0.24700000882148743, 0.23800000548362732, 0.2670000195503235, 0.24900001287460327, 0.2639999985694885, 0.23900000751018524, 0.2840000092983246, 0.27800002694129944, 0.2980000078678131, 0.36100003123283386, 0.3360000252723694, 0.37400001287460327, 0.3460000157356262, 0.38200002908706665, 0.3930000066757202, 0.40300002694129944, 0.4100000262260437, 0.4300000071525574, 0.40800002217292786, 0.44300001859664917, 0.4230000078678131, 0.4440000355243683, 0.4240000247955322, 0.40800002217292786, 0.4360000193119049, 0.4270000159740448, 0.4350000321865082, 0.4220000207424164, 0.4400000274181366, 0.4310000240802765, 0.42900002002716064, 0.4350000321865082, 0.4350000321865082, 0.43300002813339233, 0.4540000259876251, 0.4570000171661377, 0.42900002002716064, 0.44600000977516174, 0.42900002002716064, 0.45100003480911255, 0.4130000174045563, 0.4300000071525574, 0.44200003147125244, 0.4480000138282776, 0.4270000159740448, 0.43700000643730164, 0.42500001192092896, 0.44200003147125244, 0.4440000355243683], "ood_ce": [2.3015623092651367, 2.052882432937622, 1.9648034572601318, 2.0632245540618896, 2.064415693283081, 2.0989882946014404, 2.051941156387329, 2.1181492805480957, 2.0732743740081787, 2.119601249694824, 2.107590913772583, 1.9909214973449707, 2.1250498294830322, 2.0258398056030273, 2.2896745204925537, 2.1112289428710938, 2.1191139221191406, 2.2204856872558594, 2.2336199283599854, 2.126084566116333, 2.381490468978882, 2.266904354095459, 2.4246318340301514, 2.47698974609375, 2.599867105484009, 2.591813325881958, 2.4771568775177, 2.699904441833496, 2.7817282676696777, 2.9702515602111816, 2.6524345874786377, 2.805405616760254, 2.946916103363037, 3.0526599884033203, 2.9246504306793213, 3.139724016189575, 3.0046441555023193, 3.1773831844329834, 3.386599063873291, 3.122274398803711, 3.386765718460083, 3.2398204803466797, 3.615931987762451, 3.3715574741363525, 3.51632022857666, 3.2557921409606934, 3.609416961669922, 3.585458517074585, 3.827085018157959, 3.669851779937744, 3.7127816677093506]}