{"step": [30, 60, 90, 120, 150, 180, 210, 240, 270, 300, 330, 360, 390, 420, 450, 480, 510, 540, 570, 600, 630, 660, 690, 720, 750, 780, 810, 840, 870], "cos_dg_force": [0.23908494412899017, 0.9615659713745117, -0.6542441844940186, -0.5157830715179443, 0.0830199271440506, -0.6233282089233398, 0.27039122581481934, -0.11429581046104431, 0.29294508695602417, 0.6537065505981445, 0.7430635690689087, 0.24240413308143616, -0.7293890714645386, 0.07635162770748138, -0.33769887685775757, -0.6721324920654297, 0.3710876703262329, 0.8906173706054688, -0.8866907358169556, 0.6757402420043945, 0.46368172764778137, -0.6415889263153076, 0.11149844527244568, -0.19223091006278992, 0.8911812901496887, 0.06279074400663376, -0.7468293905258179, -0.3761611878871918, 0.14747931063175201], "cos_g_force": [-0.4860354959964752, -0.7602397799491882, -0.6981822848320007, -0.7204071283340454, -0.37916314601898193, 0.3650707006454468, -0.5207609534263611, 0.10177347809076309, -0.3383111357688904, -0.5730434656143188, -0.650332510471344, -0.3489992022514343, -0.35999107360839844, -0.25581997632980347, -0.1318833827972412, -0.38918793201446533, 0.16930019855499268, -0.3121950924396515, 0.035266753286123276, -0.1328195035457611, -0.27193525433540344, 0.41501384973526, -0.3732436001300812, -0.31349045038223267, -0.6180452108383179, -0.1905331313610077, -0.056125201284885406, -0.32706281542778015, 0.07516160607337952], "dnorm": [0.044048208743333817, 0.039880089461803436, 0.02550816349685192, 0.014485295861959457, 0.0143503462895751, 0.01401660405099392, 0.014492991380393505, 0.014084449037909508, 0.014189174398779869, 0.01590631529688835, 0.014782841317355633, 0.014720536768436432, 0.014829779975116253, 0.014570125378668308, 0.01555214636027813, 0.014714646153151989, 0.01472600270062685, 0.015333044342696667, 0.015122839249670506, 0.01462094858288765, 0.01470769103616476, 0.015356793999671936, 0.015808293595910072, 0.01466490887105465, 0.01517037209123373, 0.015512973070144653, 0.014996402896940708, 0.014213932678103447, 0.014738151803612709], "motion_over_d": {"1": [7.0064489469431965, 8.032260119586407, 12.782492591418027, 22.69656130709884, 22.983924721877123, 23.57132622831808, 22.830523416707305, 23.532315876242524, 23.398923173559663, 20.81342183357187, 22.34170008041981, 22.422526656871266, 22.32669384058824, 22.797279538763426, 21.30571202210433, 22.51817780948296, 22.35820976889278, 21.601573543688243, 21.657108669311693, 22.50364134967021, 22.459204485133004, 21.4572826678647, 20.944637176825346, 22.23577182385275, 21.586204191118913, 21.36450995045425, 21.961694457270454, 22.90149700296696, 22.400351849008246], "2": [13.320828027433121, 15.178497986498188, 23.93834354016122, 43.07535374104348, 43.92583113017583, 44.7087181617484, 43.87182891157802, 45.83406191153617, 45.5194602609299, 40.6174594286081, 43.17255961476612, 43.40485191245685, 43.805469889982355, 44.38414520376517, 40.74323153675761, 43.88254154453642, 43.24049854777328, 42.141053932428804, 41.57452596605806, 43.289137406647654, 43.775092651382515, 41.76543819627258, 40.6952127915911, 43.45269010688589, 41.4474600534113, 41.594600877184554, 42.42399240106904, 44.80985531867383, 44.236414729380215], "4": [25.4751139219802, 28.9669255121095, 45.058593425681714, 82.35213599950828, 84.45665531389129, 86.46587483739434, 83.6812449720407, 86.82190947838474, 87.69215392198883, 78.44984904512346, 84.07699763528593, 82.92222980862525, 85.87504027888595, 85.36854763443864, 80.24366120346201, 83.97689910037076, 83.7052814252534, 81.76146026681316, 80.87156510720978, 83.53896943549206, 85.01823962784815, 81.75166338856776, 79.27250164457153, 82.50501405851752, 82.68258818816037, 81.12800631665094, 82.88594927483804, 85.31976070911371, 85.83380821575017], "8": [48.779155726088604, 55.241909235018774, 85.44963190211377, 156.82292540801834, 161.83902889866397, 164.9070377338156, 160.15083771850317, 166.6121678268594, 165.2097448657774, 147.9155608235384, 158.84837775952872, 158.05373636535262, 162.4377917844575, 162.33319903739022, 154.33149909066356, 162.92117378454103, 162.81903892157342, 158.24126378158147, 156.17826823151213, 161.5043448284121, 164.43944176968176, 158.6757088504789, 154.4384975020069, 161.39550521181894, 159.52084266602688, 153.97097952275473, 159.2624163122393, 164.95082784839354, 164.48096697813645]}}