{"step": [30, 60, 90, 120, 150, 180, 210, 240, 270, 300, 330, 360, 390, 420, 450, 480, 510, 540, 570, 600, 630, 660, 690, 720, 750, 780, 810, 840, 870], "cos_dg_force": [0.19309541583061218, 0.9309253692626953, -0.9268541932106018, 0.08661670982837677, 0.8335826396942139, 0.1645512729883194, 0.06353762745857239, 0.4975230395793915, 0.5443345308303833, 0.6536774635314941, -0.5921983122825623, -0.2386033684015274, 0.435901939868927, 0.7768466472625732, 0.9168300032615662, 0.469494491815567, 0.8231842517852783, 0.06264904141426086, -0.7570165395736694, 0.12788236141204834, -0.4308108687400818, 0.22662150859832764, 0.35874420404434204, 0.3869701325893402, 0.1715046465396881, 0.3657914102077484, 0.059120386838912964, 0.1711549460887909, 0.5437206625938416], "cos_g_force": [-0.4779934287071228, -0.7271305322647095, -0.6783432960510254, -0.7033039331436157, -0.47160664200782776, -0.46697700023651123, -0.3435649275779724, -0.4476730227470398, -0.5753397941589355, -0.4628905653953552, -0.6450207829475403, -0.3347504734992981, 0.37153273820877075, -0.13947616517543793, -0.8545623421669006, -0.17218244075775146, -0.3105628192424774, -0.13274095952510834, -0.4068681001663208, -0.12539531290531158, -0.21265289187431335, -0.33546730875968933, -0.15713436901569366, -0.28299111127853394, -0.13000696897506714, 0.000744398683309555, -0.36369627714157104, -0.24569858610630035, -0.5100518465042114], "dnorm": [0.004999999422580004, 0.004999999422580004, 0.004999999888241291, 0.005000000353902578, 0.004999999888241291, 0.004999999888241291, 0.004999999888241291, 0.004999999888241291, 0.004999999888241291, 0.004999999888241291, 0.004999999888241291, 0.004999999888241291, 0.004999999888241291, 0.004999999888241291, 0.004999999888241291, 0.005000000353902578, 0.004999999888241291, 0.004999999888241291, 0.004999999888241291, 0.004999999888241291, 0.004999999888241291, 0.004999999888241291, 0.004999999888241291, 0.004999999422580004, 0.005000000353902578, 0.004999999888241291, 0.005000000353902578, 0.004999999888241291, 0.004999999888241291], "motion_over_d": {"1": [61.68295261327748, 63.96657371134976, 65.1645972989037, 65.70497882219182, 65.97300319313266, 66.03616027614832, 66.15278272672256, 66.40161424282822, 66.34903102403203, 66.40426664958, 65.06158854950044, 65.76066164137411, 66.44010096281993, 66.2586048154221, 66.06605200617132, 66.11900457642568, 66.2580445317487, 66.37115626866719, 66.17015748106296, 66.14413409257234, 65.89545754854659, 66.24063401462065, 66.10683350503818, 66.20552112300379, 66.12159141782583, 65.81585554366981, 66.21028312297396, 65.6706228629639, 64.78952314234205], "2": [117.30920239010928, 120.98087277415043, 122.00520311307616, 124.8297841408629, 126.31404682205722, 125.34967941082297, 126.78067967550486, 128.95901491401378, 128.89218618479788, 129.3041258149771, 124.26700869799424, 126.07261224253354, 131.0727863998589, 128.47495366204427, 126.42545982656165, 129.47113789636037, 130.22097640233434, 128.94274284562638, 128.32736063735248, 127.00324342407085, 128.0561356557042, 129.76819566864214, 129.16151573869993, 131.24093140836385, 127.4724989310746, 126.64187237564934, 128.94832175218272, 127.86386298829011, 124.59221164715763], "4": [224.3852874485549, 231.11546324409306, 229.76155794623998, 238.16724521973111, 243.28482694815457, 242.10210387636954, 242.3337275311439, 245.03102850238298, 246.9120557661069, 247.57645683533974, 237.39948803334283, 247.25590304857275, 255.72553252560346, 248.74415953630566, 249.1354044333563, 246.37985869788633, 248.09380132169576, 251.47805776025484, 252.83010571070253, 247.58577900199097, 244.09618923283045, 251.08299816585327, 249.86563287375046, 254.8786696092738, 251.2218774362815, 244.44873879362805, 253.12054749842582, 253.06156247246778, 241.93976466223071], "8": [429.7254581804916, 441.21675818309, 436.20353720047035, 453.23969493972436, 465.87258426560277, 460.23236349744417, 463.69629942691995, 475.38052667782887, 466.6501626368648, 469.20119380655575, 459.7418887855535, 472.9305373042197, 485.3126157517571, 475.6074058027731, 478.7006008334592, 482.2143690210841, 478.2669651120968, 485.2912534465921, 486.60789623725185, 480.52741171108363, 464.8486241291901, 486.1686815210137, 483.3172906186571, 486.03902707699626, 479.05832714547137, 471.01899246168864, 488.327182538001, 487.3493303511142, 481.96946267715384]}}