{"muon": [{"grok_step": 4800, "best": 0.9897980690002441, "curve": [[100, 0.0117], [200, 0.0215], [300, 0.0844], [400, 0.1421], [500, 0.2134], [600, 0.252], [700, 0.2851], [800, 0.3084], [900, 0.3356], [1000, 0.3576], [1100, 0.3734], [1200, 0.3963], [1300, 0.3972], [1400, 0.4243], [1500, 0.4319], [1600, 0.4408], [1700, 0.4589], [1800, 0.4601], [1900, 0.4719], [2000, 0.4698], [2100, 0.4732], [2200, 0.4778], [2300, 0.4838], [2400, 0.4921], [2500, 0.4909], [2600, 0.5023], [2700, 0.4913], [2800, 0.504], [2900, 0.5145], [3000, 0.5173], [3100, 0.5214], [3200, 0.5335], [3300, 0.54], [3400, 0.5532], [3500, 0.5727], [3600, 0.5817], [3700, 0.6086], [3800, 0.6276], [3900, 0.6649], [4000, 0.6796], [4100, 0.7118], [4200, 0.7393], [4300, 0.7803], [4400, 0.8234], [4500, 0.8544], [4600, 0.8609], [4700, 0.8838], [4800, 0.9094], [4900, 0.9231], [5000, 0.9448], [5100, 0.9584], [5200, 0.957], [5300, 0.9689], [5400, 0.9735], [5500, 0.981], [5600, 0.9793], [5700, 0.9832], [5800, 0.9874], [5900, 0.986], [6000, 0.9898]]}, {"grok_step": 4200, "best": 0.9939426183700562, "curve": [[100, 0.0106], [200, 0.0132], [300, 0.0589], [400, 0.1332], [500, 0.1899], [600, 0.2521], [700, 0.2861], [800, 0.3051], [900, 0.3355], [1000, 0.3578], [1100, 0.3789], [1200, 0.4038], [1300, 0.4054], [1400, 0.4317], [1500, 0.4472], [1600, 0.4572], [1700, 0.4611], [1800, 0.4655], [1900, 0.477], [2000, 0.4859], [2100, 0.4959], [2200, 0.4995], [2300, 0.5015], [2400, 0.5128], [2500, 0.5172], [2600, 0.5164], [2700, 0.5291], [2800, 0.5359], [2900, 0.5454], [3000, 0.5649], [3100, 0.5785], [3200, 0.604], [3300, 0.6163], [3400, 0.6422], [3500, 0.6848], [3600, 0.7349], [3700, 0.7718], [3800, 0.7889], [3900, 0.8452], [4000, 0.8549], [4100, 0.8909], [4200, 0.9034], [4300, 0.9162], [4400, 0.9298], [4500, 0.9596], [4600, 0.9655], [4700, 0.9666], [4800, 0.975], [4900, 0.9848], [5000, 0.9852], [5100, 0.9833], [5200, 0.9891], [5300, 0.99], [5400, 0.9857], [5500, 0.9858], [5600, 0.9939], [5700, 0.9908], [5800, 0.9864], [5900, 0.9932], [6000, 0.9915]]}, {"grok_step": 4600, "best": 0.9902231693267822, "curve": [[100, 0.0105], [200, 0.0151], [300, 0.1053], [400, 0.2342], [500, 0.2981], [600, 0.3377], [700, 0.3688], [800, 0.3862], [900, 0.3981], [1000, 0.4136], [1100, 0.422], [1200, 0.4365], [1300, 0.4495], [1400, 0.4592], [1500, 0.4681], [1600, 0.4723], [1700, 0.4824], [1800, 0.4836], [1900, 0.4855], [2000, 0.4875], [2100, 0.4917], [2200, 0.493], [2300, 0.495], [2400, 0.5011], [2500, 0.5001], [2600, 0.5033], [2700, 0.5077], [2800, 0.509], [2900, 0.5151], [3000, 0.5199], [3100, 0.5225], [3200, 0.5302], [3300, 0.5434], [3400, 0.552], [3500, 0.5678], [3600, 0.582], [3700, 0.6232], [3800, 0.6417], [3900, 0.6609], [4000, 0.7126], [4100, 0.7278], [4200, 0.7894], [4300, 0.8134], [4400, 0.8425], [4500, 0.8866], [4600, 0.9069], [4700, 0.9256], [4800, 0.9349], [4900, 0.9267], [5000, 0.9468], [5100, 0.9706], [5200, 0.966], [5300, 0.976], [5400, 0.9758], [5500, 0.981], [5600, 0.985], [5700, 0.9834], [5800, 0.9891], [5900, 0.9889], [6000, 0.9902]]}, {"grok_step": null, "best": 0.8563230633735657, "curve": [[100, 0.0105], [200, 0.0153], [300, 0.0891], [400, 0.1382], [500, 0.1769], [600, 0.2062], [700, 0.2329], [800, 0.2532], [900, 0.2727], [1000, 0.2886], [1100, 0.2859], [1200, 0.3234], [1300, 0.3474], [1400, 0.3509], [1500, 0.3577], [1600, 0.3846], [1700, 0.3863], [1800, 0.3909], [1900, 0.4101], [2000, 0.4163], [2100, 0.4256], [2200, 0.4341], [2300, 0.4379], [2400, 0.4394], [2500, 0.4492], [2600, 0.4567], [2700, 0.4663], [2800, 0.4685], [2900, 0.4725], [3000, 0.4742], [3100, 0.479], [3200, 0.4838], [3300, 0.4872], [3400, 0.4893], [3500, 0.4893], [3600, 0.4991], [3700, 0.4936], [3800, 0.4994], [3900, 0.5074], [4000, 0.5105], [4100, 0.5179], [4200, 0.5198], [4300, 0.526], [4400, 0.5322], [4500, 0.5358], [4600, 0.555], [4700, 0.5614], [4800, 0.5705], [4900, 0.5833], [5000, 0.6046], [5100, 0.6309], [5200, 0.6442], [5300, 0.6673], [5400, 0.6809], [5500, 0.7235], [5600, 0.74], [5700, 0.7667], [5800, 0.7895], [5900, 0.8295], [6000, 0.8563]]}, {"grok_step": 4600, "best": 0.9945802092552185, "curve": [[100, 0.0108], [200, 0.0165], [300, 0.077], [400, 0.152], [500, 0.206], [600, 0.2587], [700, 0.2881], [800, 0.3082], [900, 0.3372], [1000, 0.353], [1100, 0.3718], [1200, 0.3807], [1300, 0.4039], [1400, 0.4217], [1500, 0.4315], [1600, 0.4473], [1700, 0.4496], [1800, 0.4496], [1900, 0.4553], [2000, 0.4759], [2100, 0.4781], [2200, 0.479], [2300, 0.4804], [2400, 0.4919], [2500, 0.5024], [2600, 0.498], [2700, 0.5079], [2800, 0.5086], [2900, 0.5123], [3000, 0.5299], [3100, 0.5464], [3200, 0.5569], [3300, 0.5625], [3400, 0.5894], [3500, 0.6021], [3600, 0.6154], [3700, 0.6571], [3800, 0.686], [3900, 0.7112], [4000, 0.7672], [4100, 0.7725], [4200, 0.8196], [4300, 0.8465], [4400, 0.8758], [4500, 0.8935], [4600, 0.9284], [4700, 0.9302], [4800, 0.957], [4900, 0.9557], [5000, 0.9604], [5100, 0.9738], [5200, 0.9661], [5300, 0.9809], [5400, 0.9874], [5500, 0.984], [5600, 0.9864], [5700, 0.9946], [5800, 0.9932], [5900, 0.9935], [6000, 0.994]]}, {"grok_step": 4500, "best": 0.9910733103752136, "curve": [[100, 0.0103], [200, 0.0115], [300, 0.045], [400, 0.1048], [500, 0.1671], [600, 0.2154], [700, 0.2582], [800, 0.2747], [900, 0.3003], [1000, 0.3234], [1100, 0.3419], [1200, 0.3513], [1300, 0.3778], [1400, 0.391], [1500, 0.4111], [1600, 0.4341], [1700, 0.425], [1800, 0.4389], [1900, 0.4494], [2000, 0.4553], [2100, 0.4645], [2200, 0.4784], [2300, 0.4815], [2400, 0.4897], [2500, 0.4858], [2600, 0.4918], [2700, 0.5022], [2800, 0.5146], [2900, 0.5275], [3000, 0.5496], [3100, 0.5519], [3200, 0.5667], [3300, 0.5819], [3400, 0.6189], [3500, 0.6509], [3600, 0.6566], [3700, 0.6916], [3800, 0.7182], [3900, 0.7498], [4000, 0.7744], [4100, 0.7994], [4200, 0.8471], [4300, 0.8657], [4400, 0.8911], [4500, 0.9201], [4600, 0.9349], [4700, 0.9397], [4800, 0.9545], [4900, 0.9673], [5000, 0.9627], [5100, 0.9757], [5200, 0.9804], [5300, 0.9817], [5400, 0.9861], [5500, 0.9876], [5600, 0.9879], [5700, 0.9898], [5800, 0.9909], [5900, 0.9911], [6000, 0.9895]]}, {"grok_step": 3800, "best": 0.9975557923316956, "curve": [[100, 0.0113], [200, 0.0154], [300, 0.0638], [400, 0.1594], [500, 0.2334], [600, 0.2945], [700, 0.3243], [800, 0.3443], [900, 0.3689], [1000, 0.3864], [1100, 0.4069], [1200, 0.4155], [1300, 0.4363], [1400, 0.4456], [1500, 0.4493], [1600, 0.4641], [1700, 0.4721], [1800, 0.4751], [1900, 0.4897], [2000, 0.4877], [2100, 0.4931], [2200, 0.5011], [2300, 0.5033], [2400, 0.5092], [2500, 0.5181], [2600, 0.525], [2700, 0.5395], [2800, 0.5463], [2900, 0.5696], [3000, 0.5952], [3100, 0.6269], [3200, 0.6591], [3300, 0.715], [3400, 0.756], [3500, 0.8051], [3600, 0.8526], [3700, 0.8982], [3800, 0.9243], [3900, 0.9584], [4000, 0.9579], [4100, 0.977], [4200, 0.9774], [4300, 0.9904], [4400, 0.9911], [4500, 0.9826], [4600, 0.9923], [4700, 0.9919], [4800, 0.991], [4900, 0.9953], [5000, 0.9949], [5100, 0.9926], [5200, 0.9925], [5300, 0.9935], [5400, 0.9943], [5500, 0.9962], [5600, 0.997], [5700, 0.9964], [5800, 0.9976], [5900, 0.9969], [6000, 0.9929]]}, {"grok_step": 5200, "best": 0.9867162108421326,