{
 "shampoo_lr6e2": {
  "per_seed": {
   "5": {
    "delta_frontier": -0.016443133889137807,
    "delta_best_acc": -0.006999999284744263,
    "delta_final_train": -0.025962645808855697,
    "delta_final_ce": -0.3732428550720215
   },
   "6": {
    "delta_frontier": -0.007875736135614719,
    "delta_best_acc": 0.015000015497207642,
    "delta_final_train": -0.010834017147620514,
    "delta_final_ce": 0.24590253829956055
   },
   "7": {
    "delta_frontier": -0.015697514457972354,
    "delta_best_acc": 0.018999993801116943,
    "delta_final_train": -0.03260452797015508,
    "delta_final_ce": -1.177748680114746
   }
  },
  "delta_frontier_mean": -0.01333879482757496,
  "noise_sem": 0.0027399966415967637,
  "delta_best_acc_mean": 0.009000003337860107,
  "delta_final_train_mean": -0.0231337303088771
 }
}