{
 "exp_lrdu": {
  "per_seed": {
   "5": {
    "delta_frontier": 0.02790286533272709,
    "delta_best_acc": 0.0020000040531158447,
    "delta_final_train": -0.0186665157477061,
    "delta_final_ce": 0.21418976783752441
   },
   "6": {
    "delta_frontier": 0.02210723835906428,
    "delta_best_acc": -0.009000003337860107,
    "delta_final_train": 0.005975825091203063,
    "delta_final_ce": 0.7506349086761475
   },
   "7": {
    "delta_frontier": 0.020357205963140237,
    "delta_best_acc": -0.006999999284744263,
    "delta_final_train": -0.009747729947169617,
    "delta_final_ce": -0.0674896240234375
   }
  },
  "delta_frontier_mean": 0.023455769884977204,
  "noise_sem": 0.002280215398286183,
  "delta_best_acc_mean": -0.004666666189829509,
  "delta_final_train_mean": -0.007479473534557551
 }
}