{
 "exp_comp_pos2": {
  "per_seed": {
   "0": {
    "delta_frontier": 0.013042492267131962,
    "delta_best_acc": 0.004999995231628418,
    "delta_final_train": -0.016105543201168374,
    "delta_final_ce": -0.8590230941772461
   },
   "1": {
    "delta_frontier": 0.015606871059990274,
    "delta_best_acc": 0.007999986410140991,
    "delta_final_train": -0.00039232025543849136,
    "delta_final_ce": -0.34793949127197266
   },
   "2": {
    "delta_frontier": 0.02530487134557335,
    "delta_best_acc": 0.01199999451637268,
    "delta_final_train": -0.011402317633231476,
    "delta_final_ce": 0.20172715187072754
   },
   "3": {
    "delta_frontier": 0.003631345085861158,
    "delta_best_acc": 0.0,
    "delta_final_train": -0.01213684553901355,
    "delta_final_ce": -0.521033763885498
   },
   "4": {
    "delta_frontier": 0.014763999462589555,
    "delta_best_acc": 0.020999997854232788,
    "delta_final_train": -0.029255941510200494,
    "delta_final_ce": 0.20286297798156738
   }
  },
  "delta_frontier_mean": 0.01446991584422926,
  "noise_sem": 0.0034517210722040245,
  "delta_best_acc_mean": 0.009199994802474975,
  "delta_final_train_mean": -0.013858593627810478
 }
}