{
 "adamw_lr5e4_wd01": {
  "per_seed": {
   "0": {
    "delta_frontier": -0.036099853957394484,
    "delta_best_acc": -0.046999990940093994,
    "delta_final_train": 0.14275900274515152,
    "delta_final_ce": -1.3640968799591064
   },
   "1": {
    "delta_frontier": -0.01936134266703748,
    "delta_best_acc": -0.027000010013580322,
    "delta_final_train": 0.23395926381150878,
    "delta_final_ce": -1.4639811515808105
   },
   "2": {
    "delta_frontier": -0.025038258081579823,
    "delta_best_acc": -0.03200000524520874,
    "delta_final_train": 0.17676242937644326,
    "delta_final_ce": -0.4563882350921631
   },
   "3": {
    "delta_frontier": -0.03520228866744846,
    "delta_best_acc": -0.04300001263618469,
    "delta_final_train": 0.15045875186721483,
    "delta_final_ce": -0.8114936351776123
   },
   "4": {
    "delta_frontier": -0.017807123233846867,
    "delta_best_acc": -0.03200000524520874,
    "delta_final_train": 0.14861641203363735,
    "delta_final_ce": 0.041586875915527344
   }
  },
  "delta_frontier_mean": -0.026701773321461425,
  "noise_sem": 0.003849329072148078,
  "delta_best_acc_mean": -0.0362000048160553,
  "delta_final_train_mean": 0.17051117196679116
 },
 "adamw_lr1e3_wd01": {
  "per_seed": {
   "0": {
    "delta_frontier": -0.023136399083128322,
    "delta_best_acc": -0.046999990940093994,
    "delta_final_train": 0.1397951866189639,
    "delta_final_ce": -1.4072401523590088
   },
   "1": {
    "delta_frontier": -0.024430654058210766,
    "delta_best_acc": -0.0020000040531158447,
    "delta_final_train": 0.14536325509349507,
    "delta_final_ce": -1.4495642185211182
   },
   "2": {
    "delta_frontier": -0.017234803871901797,
    "delta_best_acc": -0.025000005960464478,
    "delta_final_train": 0.1384493534763654,
    "delta_final_ce": -0.38945746421813965
   },
   "3": {
    "delta_frontier": -0.036673402828240026,
    "delta_best_acc": -0.06700000166893005,
    "delta_final_train": 0.3892291473845641,
    "delta_final_ce": -1.7783281803131104
   },
   "4": {
    "delta_frontier": -0.011737948934030152,
    "delta_best_acc": -0.022000014781951904,
    "delta_final_train": 0.08307037378350894,
    "delta_final_ce": -0.49924468994140625
   }
  },
  "delta_frontier_mean": -0.022642641755102215,
  "noise_sem": 0.004174087185717642,
  "delta_best_acc_mean": -0.03260000348091126,
  "delta_final_train_mean": 0.17918146327137946
 },
 "adamw_lr2e3_wd01": {
  "per_seed": {
   "0": {
    "delta_frontier": -0.019971609474666478,
    "delta_best_acc": -0.06700000166893005,
    "delta_final_train": 0.32714182883501053,
    "delta_final_ce": -1.6970057487487793
   },
   "1": {
    "delta_frontier": -0.02713295190373138,
    "delta_best_acc": -0.005000025033950806,
    "delta_final_train": 0.18812819446126616,
    "delta_final_ce": -1.599958896636963
   },
   "2": {
    "delta_frontier": -0.0017046291959073756,
    "delta_best_acc": -0.02399998903274536,
    "delta_final_train": 0.3028677677114805,
    "delta_final_ce": -1.1042900085449219
   },
   "3": {
    "delta_frontier": -0.037572909976356164,
    "delta_best_acc": -0.0990000069141388,
    "delta_final_train": 0.5321109679838022,
    "delta_final_ce": -1.791947841644287
   },
   "4": {
    "delta_frontier": -0.006105178754384151,
    "delta_best_acc": -0.08500000834465027,
    "delta_final_train": 0.6462859101593494,
    "delta_final_ce": -1.5559327602386475
   }
  },
  "delta_frontier_mean": -0.01849745586100911,
  "noise_sem": 0.006618857264584177,
  "delta_best_acc_mean": -0.056000006198883054,
  "delta_final_train_mean": 0.3993069338301818
 },
 "adamw_lr4e3_wd01": {
  "per_seed": {
   "0": {
    "delta_frontier": -0.018485752397949754,
    "delta_best_acc": -0.03999999165534973,
    "delta_final_train": 0.3762034301956495,
    "delta_final_ce": 2.0091631595850948e+24
   },
   "1": {
    "delta_frontier": -0.01904715106924524,
    "delta_best_acc": -0.06100001931190491,
    "delta_final_train": 0.57242509846886,
    "delta_final_ce": -1.8790009021759033
   },
   "2": {
    "delta_frontier": -0.0081577517194234,
    "delta_best_acc": -0.10600000619888306,
    "delta_final_train": 0.7765990073482195,
    "delta_final_ce": -1.0936944484710693
   },
   "3": {
    "delta_frontier": -0.0317121301406134,
    "delta_best_acc": -0.0520000159740448,
    "delta_final_train": 0.5784653313457966,
    "delta_final_ce": -1.690291166305542
   },
   "4": {
    "delta_frontier": -0.03486643630465104,
    "delta_best_acc": -0.15200001001358032,
    "delta_final_train": 1.267523734519879,
    "delta_final_ce": 2545537.8963525295
   }
  },
  "delta_frontier_mean": -0.02245384432637657,
  "noise_sem": 0.00485550137557613,
  "delta_best_acc_mean": -0.08220000863075257,
  "delta_final_train_mean": 0.714243320375681
 },
 "adamw_lr1e3_wd1": {
  "per_seed": {
   "0": {
    "delta_frontier": -0.026010403324866024,
    "delta_best_acc": -0.03999999165534973,
    "delta_final_train": 0.10020993401606877,
    "delta_final_ce": -1.053605556488037
   },
   "1": {
    "delta_frontier": -0.025737272395572795,
    "delta_best_acc": 0.01299998164176941,
    "delta_final_train": 0.14165372277299565,
    "delta_final_ce": -1.7872400283813477
   },
   "2": {
    "delta_frontier": -0.019153308148402704,
    "delta_best_acc": -0.013999998569488525,
    "delta_final_train": 0.1667438422640165,
    "delta_final_ce": -0.1297929286956787
   },
   "3": {
    "delta_frontier": -0.03836674457514577,
    "delta_best_acc": -0.03600001335144043,
    "delta_final_train": 0.1744481859107812,
    "delta_final_ce": -1.38968825340271
   },
   "4": {
    "delta_frontier": -0.012733346629337082,
    "delta_best_acc": -0.006999999284744263,
    "delta_final_train": 0.12559358403086662,
    "delta_final_ce": -0.6134634017944336
   }
  },
  "delta_frontier_mean": -0.024400215014664876,
  "noise_sem": 0.004260811110467852,
  "delta_best_acc_mean": -0.016800004243850707,
  "delta_final_train_mean": 0.14172985379894576
 },
 "adamw_lr2e3_wd1": {
  "per_seed": {
   "0": {
    "delta_frontier": -0.02175601328752079,
    "delta_best_acc": -0.07499998807907104,
    "delta_final_train": 0.4676070337494214,
    "delta_final_ce": -2.24649715423584
   },
   "1": {
    "delta_frontier": -0.02473054600521489,
    "delta_best_acc": -0.008000016212463379,
    "delta_final_train": 0.2179011764625708,
    "delta_final_ce": -1.861833095550537
   },
   "2": {
    "delta_frontier": -0.008919065973540658,
    "delta_best_acc": -0.029000014066696167,
    "delta_final_train": 0.26723306626081467,
    "delta_final_ce": -0.9767568111419678
   },
   "3": {
    "delta_frontier": -0.028233747864084866,
    "delta_best_acc": -0.041999995708465576,
    "delta_final_train": 0.3629307684799035,
    "delta_final_ce": -1.5999462604522705
   },
   "4": {
    "delta_frontier": -0.002303495146152681,
    "delta_best_acc": -0.0559999942779541,
    "delta_final_train": 0.5302809166411558,
    "delta_final_ce": -1.3451008796691895
   }
  },
  "delta_frontier_mean": -0.017188573655302776,
  "noise_sem": 0.0049481766568374675,
  "delta_best_acc_mean": -0.04200000166893005,
  "delta_final_train_mean": 0.36919059231877327
 },
 "adamw_lr4e3_wd1": {
  "per_seed": {
   "0": {
    "delta_frontier": -0.01001295175915593,
    "delta_best_acc": -0.08100000023841858,
    "delta_final_train": 0.6227928126851717,
    "delta_final_ce": 1009637499.7679024
   },
   "1": {
    "delta_frontier": -0.018118917610161715,
    "delta_best_acc": -0.050000011920928955,
    "delta_final_train": 0.49039313321312267,
    "delta_final_ce": 10573.392756938934
   },
   "2": {
    "delta_frontier": -0.014909139004045864,
    "delta_best_acc": -0.09299999475479126,
    "delta_final_train": 0.7969521656632423,
    "delta_final_ce": -1.3915786743164062
   },
   "3": {
    "delta_frontier": -0.02698330879114252,
    "delta_best_acc": -0.041999995708465576,
    "delta_final_train": 0.3715737350285053,
    "delta_final_ce": -1.6201763153076172
   },
   "4": {
    "delta_frontier": -0.030149373085278538,