{
 "device": "cuda",
 "mnist1d": {
  "tune": {
   "1e-03": {
    "tail": 0.04607915402205739,
    "acc": 0.8118749856948853
   },
   "2e-03": {
    "tail": 0.06784529946550416,
    "acc": 0.8362500071525574
   },
   "4e-03": {
    "tail": 0.13238911513860027,
    "acc": 0.8368749618530273
   },
   "8e-03": {
    "tail": 0.7110742616622399,
    "acc": 0.7824999690055847
   }
  },
  "rows": [
   {
    "seed": 0,
    "muon": {
     "tail": 0.046801438744053785,
     "acc": 0.8062499761581421
    },
    "old": {
     "tail": 0.03765518286915418,
     "acc": 0.8149999976158142
    },
    "new": {
     "tail": 0.032305470095889174,
     "acc": 0.7956249713897705
    },
    "steps_to_muon_final": 432
   },
   {
    "seed": 1,
    "muon": {
     "tail": 0.047150622316015266,
     "acc": 0.8162499666213989
    },
    "old": {
     "tail": 0.040793767703144114,
     "acc": 0.8181250095367432
    },
    "new": {
     "tail": 0.031378427051398226,
     "acc": 0.7987499833106995
    },
    "steps_to_muon_final": 440
   },
   {
    "seed": 2,
    "muon": {
     "tail": 0.04933367666429452,
     "acc": 0.8193749785423279
    },
    "old": {
     "tail": 0.044146902484741686,
     "acc": 0.8068749904632568
    },
    "new": {
     "tail": 0.03575765019122627,
     "acc": 0.7906249761581421
    },
    "steps_to_muon_final": 438
   }
  ],
  "lr_star": 0.001,
  "mean_tail_delta_new": -0.014614730128616632,
  "mean_tail_delta_old": -0.006896628222441197,
  "mean_acc_delta_new": -0.018958330154418945
 },
 "mnist": {
  "tune": {
   "1e-03": {
    "tail": 0.02334969090147102,
    "acc": 0.968000054359436
   },
   "2e-03": {
    "tail": 0.024995898813254567,
    "acc": 0.9605000615119934
   },
   "4e-03": {
    "tail": 0.04335058236569499,
    "acc": 0.9600000381469727
   },
   "8e-03": {
    "tail": 0.2662044433344688,
    "acc": 0.89000004529953
   }
  },
  "rows": [
   {
    "seed": 0,
    "muon": {
     "tail": 0.02321635551842129,
     "acc": 0.9665000438690186
    },
    "old": {
     "tail": 0.020210614959095048,
     "acc": 0.9640000462532043
    },
    "new": {
     "tail": 0.017175718212170718,
     "acc": 0.9305000305175781
    },
    "steps_to_muon_final": 265
   },
   {
    "seed": 1,
    "muon": {
     "tail": 0.022220727296215565,
     "acc": 0.95250004529953
    },
    "old": {
     "tail": 0.019820953609087155,
     "acc": 0.9605000615119934
    },
    "new": {
     "tail": 0.016622592737569775,
     "acc": 0.9325000643730164
    },
    "steps_to_muon_final": 290
   },
   {
    "seed": 2,
    "muon": {
     "tail": 0.019088543769872297,
     "acc": 0.9650000333786011
    },
    "old": {
     "tail": 0.017871779954111842,
     "acc": 0.9615000486373901
    },
    "new": {
     "tail": 0.017138116186158316,
     "acc": 0.9410000443458557
    },
    "steps_to_muon_final": 308
   }
  ],
  "lr_star": 0.001,
  "mean_tail_delta_new": -0.004529733149536781,
  "mean_tail_delta_old": -0.002207426020738369,
  "mean_acc_delta_new": -0.026666661103566486
 }
}